:10000000B863002009CD000065780100F5CC000040
:10001000F5CC0000F5CC0000F5CC0000F5CC0000DC
:1000200000000000000000000000000075CE00008D
:10003000F5CC0000000000000DCE0000F5CC000063
:10004000FDCF0000FDCF0000FDCF0000FDCF000080
:10005000FDCF0000FDCF0000FDCF0000FDCF000070
:10006000FDCF0000FDCF0000FDCF0000FDCF000060
:10007000FDCF0000FDCF0000FDCF0000FDCF000050
:10008000FDCF0000FDCF0000FDCF0000FDCF000040
:10009000FDCF0000FDCF0000FDCF0000FDCF000030
:1000A000FDCF0000FDCF0000FDCF0000FDCF000020
:1000B000FDCF0000FDCF0000FDCF0000FDCF000010
:1000C000FDCF0000FDCF0000FDCF0000FDCF000000
:1000D000FDCF0000FDCF0000FDCF0000FDCF0000F0
:1000E000FDCF0000FDCF0000FDCF0000FDCF0000E0
:1000F000FDCF0000FDCF0000FDCF0000FDCF0000D0
:10010000FDCF0000FDCF0000FDCF0000FDCF0000BF
:10011000FDCF0000FDCF0000FDCF0000FDCF0000AF
:10012000FDCF0000FDCF0000FDCF0000FDCF00009F
:10013000FDCF0000FDCF0000FDCF0000FDCF00008F
:10014000FDCF0000FDCF0000FDCF0000FDCF00007F
:10015000FDCF0000FDCF0000FDCF0000FDCF00006F
:10016000FDCF0000FDCF0000FDCF0000FDCF00005F
:10017000FDCF0000FDCF0000FDCF0000FDCF00004F
:10018000FDCF0000FDCF0000FDCF0000FDCF00003F
:10019000FDCF0000FDCF0000FDCF0000FDCF00002F
:1001A000FDCF0000FDCF0000FDCF0000FDCF00001F
:1001B000FDCF0000FDCF0000FDCF0000FDCF00000F
:1001C000FDCF0000FDCF0000FDCF0000FDCF0000FF
:1001D000FDCF0000FDCF0000FDCF0000FDCF0000EF
:1001E000FDCF0000FDCF0000FDCF0000FDCF0000DF
:1001F000FDCF0000FDCF0000FDCF0000FDCF0000CF
:10020000FDCF0000FDCF0000FDCF0000FDCF0000BE
:10021000FDCF0000FDCF0000FDCF0000FDCF0000AE
:10022000FDCF0000FDCF0000FDCF0000FDCF00009E
:10023000FDCF0000FDCF0000FDCF0000FDCF00008E
:10024000FDCF0000FDCF0000FDCF0000FDCF00007E
:10025000FDCF0000259A0100FDCF0000FDCF00007A
:10026000FDCF0000FDCF00000F9A0100FDCF000080
:10027000FDCF0000FDCF0000FDCF0000FDCF00004E
:10028000FDCF0000FDCF0000FDCF0000FDCF00003E
:10029000FDCF0000FDCF0000FDCF0000FDCF00002E
:1002A000FDCF0000FDCF0000FDCF0000FDCF00001E
:1002B000FDCF0000FDCF0000FDCF0000FDCF00000E
:1002C000FDCF0000FDCF0000FDCF0000FDCF0000FE
:1002D000FDCF0000FDCF0000FDCF0000FDCF0000EE
:1002E000FDCF0000FDCF0000FDCF0000FDCF0000DE
:1002F000FDCF0000FDCF0000FDCF0000FDCF0000CE
:10030000FDCF0000FDCF0000FDCF0000FDCF0000BD
:10031000FDCF0000FDCF0000FDCF0000FDCF0000AD
:10032000FDCF0000FDCF0000FDCF0000FDCF00009D
:10033000FDCF0000FDCF0000FDCF0000FDCF00008D
:10034000FDCF0000FDCF0000FDCF0000FDCF00007D
:10035000FDCF0000FDCF0000FDCF0000FDCF00006D
:10036000FDCF0000FDCF0000FDCF0000FDCF00005D
:10037000FDCF0000FDCF0000FDCF0000FDCF00004D
:10038000FDCF0000FDCF0000FDCF0000FDCF00003D
:10039000FDCF0000FDCF0000FDCF0000FDCF00002D
:1003A000FDCF0000FDCF0000FDCF0000FDCF00001D
:1003B000FDCF0000FDCF0000FDCF0000FDCF00000D
:1003C000FDCF0000FDCF0000FDCF0000FDCF0000FD
:1003D000FDCF0000F9990100FDCF0000FDCF000026
:1003E000FDCF0000FDCF0000FDCF0000FDCF0000DD
:1003F000FDCF0000FDCF0000FDCF0000FDCF0000CD
:10040000FDCF0000FDCF0000FDCF0000FDCF0000BC
:10041000FDCF0000FDCF0000FDCF0000FDCF0000AC
:10042000FDCF0000FDCF0000FDCF0000FDCF00009C
:10043000FDCF0000FDCF0000FDCF0000FDCF00008C
:10044000FDCF0000FDCF0000FDCF0000FDCF00007C
:10045000FDCF0000FDCF0000FDCF0000FDCF00006C
:10046000FDCF0000FDCF0000FDCF0000FDCF00005C
:0C047000FDCF0000FDCF0000FDCF00001C
:10048000064A074B02604FF422725B788280082292
:10049000C371002382710372704700BFAFB60000C2
:1004A000900C0020064A074B02604FF49C725B7A66
:1004B00082800822C371FF2382710372704700BFDC
:1004C000D3B10000900C0020F8B5C41D00280546EB
:1004D00024F007040CBF0020204600F07DFA071E20
:1004E00002DA6FF00B00F8BD254EB1887088033139
:1004F000F3790330B27989B280B208F082FF002824
:10050000EFDB3C4473783178002D04F10304194487
:1005100024F0030400FB01F10CBF0020204600F092
:10052000DFFB23180DB9002BDBDB717A184679B19C
:100530000333002D728923F003040CBF00202046F2
:1005400000F040FC0028CCDB20440DB90028C8DBBB
:10055000317A91B1737A83B1C41D002D24F0070460
:100560000CBF0020204602F0E1FE0028B9DB0DB1EF
:100570000020B8E72018B6D5B3E7002DF8D1B2E7D0
:10058000900C00201FB572B6194BDC68ECB9BFF3B4
:100590004F8F1849184BCA6802F4E0621343CB60CE
:1005A000BFF34F8F00BFFDE7B2FBF6F22B465D1C99
:1005B000002AF9D1DBB203F110056D4405F80C2CCB
:1005C0000A2233B901A8A047E1E7024600230A2620
:1005D000EDE7013BDBB203F110050DEB0506B0FBC7
:1005E000F2F502FB1500303006F80C0C2846E8E75F
:1005F000900C002000ED00E00400FA050A4B07B55E
:10060000DA886846ADF800209A885B88ADF8042047
:10061000ADF8023001F080FC18B1FC219C20FFF7FE
:10062000B1FF03B05DF804FB900C002010B5044648
:1006300028B308F053F910B94FF0FF3010BD06F0A1
:10064000DDFDB0F5FA7FF7D80E4B00221A744FF497
:100650008072DC601A801B225A809A8040F203224A
:10066000DA804FF484721A811F225A81EFF31084CA
:1006700072B600F003FC04B962B60020DEE76FF04A
:100680001500DBE7900C002010B5002840D1234C6A
:10069000237C032B39D059B1002A3CD002390529DB
:1006A00036D8DFE801F0031227352A2D137863705E
:1006B0000020FFF709FF0028B7BF012302236FF0D6
:1006C0000B002374A8BF237410BD13791BB3537997
:1006D0000BB31188FB291ED853881B3B9BB2E02B20
:1006E00019D81A2917D913689288C4F802300C4B0C
:1006F0009A80DDE713786372DAE713886381D7E7BE
:100700001388FF2B07D82372D2E74FF0FF30DBE7C7
:100710006FF02C00D8E76FF01500D5E7900C0020A3
:10072000920C0020F8B50D46064620B319B311F01F
:10073000070420D1114F3B7C012B02D16FF00B003D
:10074000F8BD032B02D14FF0FF30F9E700F060F85D
:100750000028F8D02846FFF7B7FE0028EEDB0BF0A4
:1007600003F83046214601F04BFCFFF747FF032317
:1007700020463B74E4E76FF01500E1E7900C0020A1
:1007800010B5064C237C032B03D101F04FFC02F083
:1007900063F808F038FF0020207410BD900C002092
:1007A00050B1074B03F1140253F8041B934240F875
:1007B000041BF9D1002070476FF01500704700BF8F
:1007C00009D5010008B501F0E7FB03490120BDE8A8
:1007D000084000F0F9B800BFA504000008B501F01A
:1007E000EFFB03490020BDE8084000F0EDB800BF72
:1007F0008104000002680020014B1A60704700BFAE
:10080000A40C0020014B1B68184700BFA40C00205B
:10081000024B1868003818BF01207047A40C002054
:10082000074B4FF0FF3141F6FF72C3E90012054953
:100830000022C1E900221F21C3E90212704700BF54
:1008400020050020A80C00203F280CD801380B4BB5
:10085000C0F3421200F01F0053F8223023FA00F0D8
:1008600000F001007047FF2806D04038044BC0F369
:10087000421200F01F00EFE7012070472005002022
:10088000A80C0020074B0146006849681A4603C2BD
:1008900040F48C2200201A6041F0107242F4FF6292
:1008A0005A607047200500200246034B00685168DB
:1008B00003C30020704700BFA80C00200246034B72
:1008C0000068516803C30020704700BF280500205E
:1008D000431E3828DBB21FBF064A590903F01F0325
:1008E00002EB81021DBF9068D84000F0010000209B
:1008F000704700BF200500200A8870B595B2C67CFD
:10090000C2F30E020488023602F118033444C35ABB
:10091000A4B233442344013BB3FBF4F303FB0422AE
:10092000438892B29342044B8BBF2B40AB4313439B
:100930009BB20B8070BD00BF0080FFFF4A1E062ADD
:1009400008B50346084604D84FF4D1711520FFF7C7
:1009500019FE094A914202D940F2A311F6E711B9F2
:1009600003B1196008BD2BB11B680022C3E9012146
:100970001A1D1A600430F5E7FAFFFF7F10B5114B1E
:1009800000EB41041A786389B3FBF2F303FB022303
:10099000013A1A44B2F5706F0279807828BF0023BB
:1009A0001A440B18B2FBF0F100FB11215B1AB3FBE8
:1009B000F0F100FB113313446FEA43436FEA5343F2
:1009C000638110BDB00C0020024B03EB8003596023
:1009D000704700BFB00C00202DE9F04F10F0070A5F
:1009E00085B0054604D040F26F111720FFF7CAFD0D
:1009F000524F044607F10C06B146B04657F8043B87
:100A00008DF80BA03BB101A898479DF80A30082B40
:100A100001D9F521E9E79DF80B1041BB05B1316023
:100A20004F4506F10406E9D1002D6FD00022DFF812
:100A300010910227964689F8002058F827A0013F18
:100A4000BAF1000F55D09AF804609AF802C0FF2E50
:100A500060D039460023481C38D19C44BCF1FF0FBC
:100A60003FD90AB189F800E04FF49A71BDE79DF8CB
:100A70000AC04B1D60465A0004EB4303022838BFEE
:100A80000220441E40422344BDF808406444CCF197
:100A9000000C0340013C04EA0C04B4F5803F02D38F
:100AA00040F20511A1E775B19A1A012032609170E8
:100AB0001480D0709DF80C00107101984FEA104C12
:100AC0001081A2F806C004FB0134A9E758F8210000
:100AD00028B190F804B0B34504BF80781B180139E1
:100AE000B9E7DBB2E6458AF804303CBF5FFA8CFE1A
:100AF00001227B1CA1D10AB189F800E0022640F650
:100B0000FF6A58F82670B7B9013EFAD2601B05B0EB
:100B1000BDE8F08F0023E5E707EB410309F1010988
:100B20003846A3F80AA0FFF729FF5FFA89F1BB78DE
:100B30008B42F1D8E8E74FF00009F6E7B40C00204B
:100B4000B00C002038B54FF6FF7302460380184BF7
:100B500003EB81031869A8B184780379B3FBF4F13E
:100B600004FB1133DBB2194600EB4105B5F90A501D
:100B7000002D0EDB0131B1FBF4F504FB1511C9B2F8
:100B80008B42F1D1002038BD6381BDE8384008F0C8
:100B900014BC00EB41046389C3F30E031380C278D5
:100BA000002AF1D14FF4E5711720FFF7EBFC00BFED
:100BB000B00C00201C4B03EB810370B51C6905468B
:100BC00044B3030404D54FF4EC711720FFF7DAFCAB
:100BD0000146204608F0D4FBFF28014604D02046F9
:100BE000BDE8704008F0E9BBA078B5FBF0F300FB6E
:100BF0001353DBB219460A1D04EB4206B6F9026034
:100C0000002E09DB0131B1FBF0F200FB1211C9B279
:100C10008B42F0D1002070BD8B4201D00023E370E5
:100C200004EB42025580DAE7B00C0020094B03EBDD
:100C30008103014610B51C69204608F0A1FBFF287E
:100C4000014604D02046BDE8104008F0B6BB0020A5
:100C500010BD00BFB00C0020F8B5104B074603EBE9
:100C6000810301461C69204608F08AFBFF280546DF
:100C700011D0E288238953EA024606D00146204675
:100C800008F09BFB01463846B04720462946FFF74F
:100C900075FE0020F8BD0520FCE700BFB00C002069
:100CA00038B50E4B0446827903EB8203186908B904
:100CB000052038BD8278E1799142F9D24B1CE3716D
:100CC00000EB41035D89B3F90A30002BF3DBA5800B
:100CD00008F073FB20600020EBE700BFB00C0020A1
:100CE00070B5044610F003000E4603D04E211820C4
:100CF000FFF748FCFFF722FE054624B103483146C2
:100D00000460FFF71BFE284670BD00BFCC0C00201E
:100D10002DE9F14FDFF870B01E4607460D46DBF8AF
:100D2000003090469DF828A09DF82C901BB96021BA
:100D30001820FFF727FC52460921404608F0A8F981
:100D40004A4684B20921304608F0A2F981B2DBF8A4
:100D50000000214408F0E8FA386018B9286001B0B2
:100D6000BDE8F08F04445346414609222C603868A0
:100D700008F051F94B4609223146286801B0BDE818
:100D8000F04F08F048B900BFCC0C002070B50E46FB
:100D9000044608F090F90546304608F08CF9044BFB
:100DA0002A1821461868BDE8704008F0E2BA00BF72
:100DB000CC0C0020024B186808B108F0A9BA7047A3
:100DC000CC0C00201F2AF8B5044624D89200134DFD
:100DD000033250B1830703D068210920FFF7D2FB0B
:100DE00022F00303297068602B8122F0030228237C
:100DF0000127120403FB01F06B680025120CEEB210
:100E0000B14200D8F8BD14B126181F705E601044BE
:100E100001352833F3E74FF0FF30F3E7D00C002023
:100E2000154A002170B553681578C8B2854203D8B9
:100E3000BA210920FFF7A6FB1C461846013114F819
:100E4000286B0EB92346F0E700219970012412891E
:100E5000996103F126055C709208D96103F11E04C3
:100E6000596824F8022FAC4243F8041F1144F8D10A
:100E700000234361037070BDD00C0020114B012290
:100E80004FF0FF3000215A60C3F80803C3F8001583
:100E9000C3F804255A6040F6FE72C3F808034020E8
:100EA000C3F8001503F570330749C3F80825C1F8E6
:100EB0008800BFF34F8FBFF36F8FC1F88801C3F86D
:100EC000082570470060045000E100E00A4606482B
:100ED000192302F8033BC368C1F803300369536068
:100EE00043699360704700BFDC0C0020024B5A8CB2
:100EF00002435A845B6A1847DC0C0020014B002136
:100F00005B6A1847DC0C002010B5154C04F078FF24
:100F100005F0EEFB208DFFF7F1FF237E63B1224643
:100F2000104904F1190052F80C3BE3606368536008
:100F3000A368936009F05BFB0B4B228D93E80300E1
:100F400002F028FA236B188802F0A6F9A36B94F834
:100F5000341094F835009847002384F83C3010BDD5
:100F6000DC0C0020CD0E0000080D0020034B93F890
:100F70003C300BB1FFF7C8BF704700BFDC0C00204E
:100F800070B51B4C0646236D256B23644FF48173AB
:100F900094F85400A4F8443095F88B3095F8691013
:100FA00000EB83002EB9FF2803D195F868308B42FF
:100FB00001D004F0F9FD95F88B309BB1A06D04F0E1
:100FC000D9FFA16D206C05F019FB16B9304605F06C
:100FD0001FF895F86810002005F062F8022384F8E5
:100FE0003C3070BD206C04F0C5FF05F081FBECE7E0
:100FF000DC0C0020F0B590F869000B46124A87B06F
:10100000012801F1780103F1880392F8542051E995
:10101000026706D0022814D040F22C410620FFF7C8
:10102000B1FA032401200025CDE90003CDE90450E5
:10103000CDE902243B463246022005F015FA07B0FE
:10104000F0BD0424EEE700BFDC0C002008B5094B1E
:1010500093F83C20022A04D040F2E6212720FFF733
:1010600091FADA7A42F00102DA72BDE80840FFF73D
:101070004BBF00BFDC0C0020F7B5184C0646E56DF1
:101080000DB1A36C23B940F2E7712720FFF77AFA7C
:10109000B4F84C3001F003012F466B702B7823F02D
:1010A00003030B4307F8033B3846B4F84C20A16C0C
:1010B00007F06CFD0DF1020201A9206E2564A76402
:1010C00008F01CF9019808F007F90122B4F84C1057
:1010D0003060206E08F0AFF803B0F0BDDC0C0020EB
:1010E0002DE9F0412A4C06460F4694F83C30012B7E
:1010F0005FFA83F804D040F62F012720FFF742FA69
:10110000256B95F87C303BB10021042085F87C10DC
:10111000FFF7ECFE85F87D8095F88030042B0AD12E
:101120001C490220FFF7E2FEE36E1B78991E4B423A
:101130004B4184F8743095F88B3023B105F1780178
:10114000206BFFF757FF1EB1BDE8F041FFF7DCBE93
:10115000002FF9D0A36F304698470028F4D094F8B8
:101160003430002BF0D1638C9A0708D594F8743092
:10117000002BE9D00020BDE8F041FFF701BF002BB4
:10118000E2D194F87C30002BF4D194F87D30EFE775
:10119000DC0C0020480D00202DE9F04F00238FB01B
:1011A000B34C07460791256BCDE90B3394F83C30DF
:1011B000022B04D04FF40C612720FFF7E3F9236CD6
:1011C0005A781E78A4F84C20032206F00308134432
:1011D000A4F84420A36495F88B30002800F0DD804B
:1011E000C6F3C009C3B105F0A1FA831EDBB2012B1F
:1011F00004D8FFF789FE0FB0BDE8F08F60B9B4F8EE
:101200004C304BB195F8823003F001034B4503D1CC
:10121000012384F83530ECE7B4F84C1019B1206E96
:1012200007F0E9FF014695F88120238D0132E16541
:1012300043F40073D2B2238582EA960A1AF0010AB7
:101240001FD0069795F8822002F00103994558D0E7
:101250004FF0000995F88A30002B00F0C08095F817
:10126000683005F1F00C05F5807E012BD5E93801D9
:1012700000F0A480022B00F0018140F22C410620F6
:101280009BE795F8803053B3013B85F88120DBB2B2
:10129000042B0ED8774AD35C002BD2D0022B0BD173
:1012A0000BA9D4F8840007F04FFF88B940F2F7612A
:1012B00082E740F2D6617FE7032B10D100F06CFF8C
:1012C00010B940F2017177E751460820FFF70EFE92
:1012D000D5E93832013342F10002C5E93832002144
:1012E00095F87D3085F8801023B1102085F87D10A9
:1012F000FFF7FCFD238D43F4006323850023069351
:10130000A0E7B4F84C30E3B108F1FF31012918D857
:10131000218D41F48051218594F88810994206D29C
:1013200094F8343043F0100384F8343090E7E16DE2
:1013300000298DD094F8891019B12020FFF7DEFD27
:1013400086E70132B8F1030F85F882201AD008F140
:10135000FF32012A0BD8002B3FF47AAFB946D5E90A
:101360003A32013342F10002C5E93A3272E7002B0A
:101370003FF46EAFD5E93A32013342F10002C5E9DC
:101380003A3265E7238D01203B4943F4805385F8C9
:101390007C002385FFF7AAFDECE70BB105F0E0F92F
:1013A00094F88A304FF000090133CDF8189084F892
:1013B0008A30238D43F4806323854BE70322002387
:1013C0004FF0010A0392FB220093CDE9043ACDE9E4
:1013D00001E20B4602466146042005F045F8E36D44
:1013E000002B4DD1B4F84C30B3FA83F35B0903EA18
:1013F000161384F87D30079B002B43D1628C94F840
:101400008A30110703D594F87420002A3AD1012BB1
:1014100038D8A36F01209847A0B394F834608EBBEE
:10142000D4F830A094F854309AF88B209AF86810C9
:1014300003EB8203FF2B03D19AF869308B4202D071
:10144000FF2004F0B1FB0022D4F830B08DF8292041
:10145000ADF82A209BF88020052A00F24081DFE8C1
:1014600012F068001C011F011F013101310100BF92
:10147000DC0C0020E8C30100240D002004229EE7BC
:101480000123B4E704F016FEB9F1000F4CD101239B
:101490000793A04C238D5A0606D44020FFF72EFD5B
:1014A000238D43F040032385069B6BB1B4F80720DE
:1014B000B4F805301343B5F87E2013431EBFB4F8CB
:1014C00009300133A4F80930002F00F01C81B4F872
:1014D00005300133A4F80530002384F88A308E48A3
:1014E00001F0C8FE0B9830B107F0F6FE0022027240
:1014F000294601F0B9FA0C9B33B100221A720C2272
:1015000029460C9801F07EFA079B002B7FF471AE00
:10151000238D1B063FF56FAE8020FFF7EFFC238D78
:1015200043F08003238566E641460CA8FFF7A4FD3F
:10153000ADE794F88B200DF12A010DA8ABF85820E7
:10154000ADF82A2000F01AFE38B10D9828B1042217
:101550008BF88020BDF82A2016E09BF8C320002AD3
:1015600040F095800DF129020DF12A01D4F8840094
:1015700007F0C8FD002800F08A80BDF82A20002A64
:1015800076D101218BF880106066A4F87020002AC3
:1015900000F0A88003309BF88130E06608939BF848
:1015A00082309BF880B00993BBF1020F09D0ABF1F8
:1015B0000402012A00F2988003784FF0030B022BFB
:1015C0000ED0D4F8840007F0F5FD002840F08F809D
:1015D000BBF1030F04D000F0EBFD80F00106F6B282
:1015E000616E089A0B78D000099A03F0F30300F0BB
:1015F00008000343900000F00400034323F01003AD
:1016000043EA061306F0010623F0030384F87C6026
:10161000404E4BEA03020A700222B4F870304B705D
:10162000A4F868209AF88A20002A62D0002B60D0A3
:10163000A06D04F09FFC0022A16D606E04F038FEE6
:1016400018B9616EA06D04F077FF9AF86910012057
:1016500004F026FD012386F88C3086F83C30B9F181
:10166000000F3FF416AF41460CA8FFF705FD10E749
:101670009DF8291019B903220180817068E701786B
:1016800001F0030101290CBF032102217AE70022A6
:10169000ADF82A2001228BF880202048002273E731
:1016A000BBF858200DF12A01D4F88400ADF82A20A7
:1016B0000DF1290207F026FD00287FF44BAF40F220
:1016C0000D5179E50DF12A010DA800F057FD08B183
:1016D0000D9810B940F21C516EE5052238E740F232
:1016E000265169E5104656E74FF0010B69E70126E0
:1016F00076E7706E04F03EFC04F0FAFF0021706E95
:101700000AF05AF8A1E7B4F807300133A4F807301B
:10171000E5E600BFDC0C0020080D00205A0D00207B
:10172000064B10B593F83C2002F0FF0422B91C765A
:1017300001F028FE204610BD0C24FBE7DC0C002045
:10174000094B0A4A10B51A60FFF7EAFF20B14FF4BF
:10175000A4712720FEF716FF054C00F077FC2065EA
:1017600000F078FCA06510BDCC15002050190000D9
:10177000DC0C0020F7B56A4C089FCDE9000194F815
:101780003C1001F0FF0511B90AB103B127B94FF4BC
:1017900008712720FEF7F6FE04F12C0CA36784F8ED
:1017A00034509DF8243084F88A5084F8355084F8F9
:1017B0008C506584258584F87C5084F87D5084F8AD
:1017C00074506566E566A4F870502564A564A4F8B5
:1017D0004C5084F889306262A763DDE900018CE82F
:1017E0000300256B04F00CFA04F082FF95F97000F9
:1017F00004F064FA6E6AE86904F066FA304604F0B0
:10180000ABFB95F89B0004F069FA09F0FDF995F837
:10181000692000F16501012004F0DEFA414B1868EF
:1018200004F0A0FB2B69C4F884306B692366236B3A
:1018300093F8852093F86860A2F12901012903D962
:1018400093F88610292951D193F85E322BB1012EDD
:1018500003D0012B0CBF0126022605F130073146CB
:10186000384608F001FF314608F04EFCAB8F95F882
:101870006910834228BF0346384684F88B3008F04D
:10188000E3FE95F88B7095F86910B5F8446008F0A0
:101890003BFC0FB9043080B2864228BF0646F3B243
:1018A00084F8883084F8543095F88B3023B105F1F2
:1018B00078012846FFF79EFB0120FFF761FB236BB1
:1018C000D3F8B00104F072FB002323606360A360CF
:1018D000B5F87E3063802B88238095F89B30237188
:1018E000EB6E0BB101221A6003B0F0BD243A012A5D
:1018F0000DD827290DD093F8263113F0010202D11B
:101900009B07AAD50222012E18BF1646A5E7272954
:10191000A3D193F8262193F861301340EDE700BF7F
:10192000DC0C0020CC150020014B93F88C00704794
:10193000DC0C0020024B93F82900C0F3C000704774
:10194000DC0C0020014B93F88A007047DC0C00206F
:101950004D10000099110000E11000006D0F000013
:1019600010B501210020FFF761F9044670B901218B
:10197000FFF720F9044620B94FF459713920FEF7DA
:1019800001FE034B93F9061009F0F5FB204610BD4C
:101990006C0D0020024B987DC04300F001007047A1
:1019A0009411002008B508F041FB00F043FD00F061
:1019B00071FB08F0F4FD01F0CBFC03F0F1FD002217
:1019C000084B1B214FF4A4701A60074B98801A80B3
:1019D00059800648064B186099805A745A829A8238
:1019E0009A7508BDD01500206C0D002003021B0065
:1019F00094110020044B41F64C52C3E902221B22F1
:101A00001A74FFF7CFBF00BF9411002073B5234DA8
:101A10000446AB680363224B836109F03DFA064636
:101A200000F028FB8306297C53BF1B236B88AA8800
:101A30001A46A4F85A301B4BA4F85C201B6884F8A3
:101A4000381066871BB194F9701020889847164E9D
:101A50002046314608F067FB01236A8804F1100034
:101A60006978E3850332AB88019192B216F8121CB3
:101A7000033300919BB204F11401FFF749F9236984
:101A800023B940F2BE613920FEF77CFD636913B9CA
:101A900040F2BF61F7E7002002B070BD9411002052
:101AA00000093D00D4150020A6110020024B1B6840
:101AB00003B118470C207047D0150020034B5A88FB
:101AC00002801B7883700020704700BF94110020B3
:101AD00037B5837805461A2B08D8042B04D9144A45
:101AE00022FA03F3DB0705D412241AE0292B01D0D4
:101AF0003B2BF9D12888B0F5706FF5D2694608F014
:101B00003CFB88B9019B93F8182102F0FF046AB9E5
:101B1000AA7883F81921FF2283F81821684607F074
:101B20001FFE204603B030BD0224FAE70C24F8E77C
:101B30002000380438B50278447802F0010302F03E
:101B4000020254EA030101D1112038BDBAB98578E7
:101B5000002DF9D0002B18BF002400E01D462046C0
:101B600007F055FD0028EFD0284607F050FD00286B
:101B7000EAD0054B00209C74DD749882E5E7002BC9
:101B8000ECD000242546EAE79411002013B5008824
:101B9000694608F00EFB044620B9019890F82A31F6
:101BA0001BB13A24204602B010BD90F8CE3003F0AD
:101BB000FF04002BF5D190F8C5309B0706D1FF2319
:101BC00080F82A31684607F0CBFDEBE70249C630C2
:101BD00008F00DFDE6E700BF5FAB0000F7B5077842
:101BE00005460C46EF2F0FD890F901204378002AC4
:101BF0000ADB8278900707D113F010001DD19906F7
:101C000003F0030202D51AB1122442E0032AFBD0EA
:101C10001E07F9D42979EA78EE7942EA0122697936
:101C200042EA0142A97941EA06212E7A41EA0641B7
:101C30008A42E9D81F2A0FD8E6E713F0600FE3D1F4
:101C400003F00702052A05D003F00F010D22CA4058
:101C5000D107D9D51A07DDD56A7A013A062AD3D831
:101C6000AA7A032AD0D813F0040102D1023A012A39
:101C700003D8EA7A012AC7D811B9AA7C032AC3D8A3
:101C80002A7D48B1012ABFD12A7E012ABCD830B9A9
:101C90001124204603B0F0BD022AF5D1B4E7DB07DA
:101CA00012D46B782A7D03F01803082B11D1022A75
:101CB000EED101213846FEF7B9FF064678B109F0AA
:101CC0000EFAB8B10C24E4E700F094F90028E8D14A
:101CD000DEE7022AEDD02B7F002BEAD0D8E70121E6
:101CE0003846FEF767FF064640B3154B93F90610DA
:101CF00009F041FA304609F02EFB29462070E874BD
:101D0000304609F07EFAEB7E0446002BC1D0002855
:101D1000BFD10246B16A684607F08AFB2246B06A24
:101D2000012107F0D0FBB16A6846042207F080FB6E
:101D300022462146B06A07F0C6FBAAE70724A8E7B7
:101D40006C0D002030B502798BB00346042A4FD8C1
:101D50004088B0F5804F4BD8264900248D5C114453
:101D6000ADF800404A798DF8084042F010028DF835
:101D7000244042EA45028D7AC97B42EA850242EA62
:101D8000C102694602F01F028DF80020BDF8002054
:101D9000ADF809201A888DF80E00000A8DF80B2086
:101DA000120A8DF80D408DF80C208DF80F008DF87B
:101DB00010405A7BD3F807008DF811205A7905900E
:101DC00002A88DF812209A798DF81320B3F80B2011
:101DD0009B7BADF818208DF81A307F238DF81B30CF
:101DE0004FF00113CDE90734FFF7F8FE0BB030BD1B
:101DF0001220FBE7EDC30100F7B50646FFF7B0FD83
:101E0000044609F0B3FA33780546012B61D1204628
:101E100009F0E4F900287BD0204609F0A7FA18B1B0
:101E200015B9122003B0F0BD204609F058F908B1E9
:101E30000C20F7E7204609F08FF907460028F7D174
:101E4000204602F043FB0028EBD0ED0142F2107374
:101E500039462046ADB25D4309F074FA204609F0D8
:101E60007DFA014658B92A46204601F093FD08B98B
:101E70000020D7E741F66D413920FEF783FB394654
:101E80000DF10600FEF75EFE064608B90D20C9E713
:101E9000394608F09DF9BDF80630314620463380BA
:101EA00009F068FA01213046FFF7B0FD2A463146B5
:101EB000204601F06FFD024610B141F69041DBE78C
:101EC000144B9B68002BD3D006F58D713046984794
:101ED000CEE7002BA5D1204609F080F9C0B12046FD
:101EE00009F0FDF80028C3D0204608F0A5FF0546FC
:101EF000204608F0A4FF0146002899D1002DB7D054
:101F00002888FEF7A9FE0028B2D041F6B241B3E717
:101F1000422087E76C0D00200278034672B14278B8
:101F200062B142881A2A09D982881A2A06D9006819
:101F3000034A106000209B889380704712207047EE
:101F40009411002002680020014B9A60704700BF86
:101F5000941100200378A3F10A02112A9BBF024AC0
:101F600000201220137470479411002008B501223C
:101F7000084B1A7002F09AFA09F0B3FB08F054F813
:101F8000FFF7DEFB002007F020FABDE8084000F074
:101F900073BC00BF780D002010B5064C0649201D0B
:101FA00007F00CFE04F108000449BDE8104007F0FA
:101FB00005BE00BF780D00206805002070050020D8
:101FC00010B5084C0849201D07F0F8FD04F1080081
:101FD000064907F0F3FD04F10C000549BDE8104087
:101FE00007F0ECBD780D002078050020800500206A
:101FF00088050020014B1878704700BF780D00203D
:1020000010B5064C00F014FC606807F0CFFDFFF738
:10201000F1FC00F0DBFD0123237410BD780D0020DE
:10202000014B187C704700BF780D002010B5064C9E
:10203000A06807F0BBFDE06807F0B8FDFFF7B2FC51
:102040000023237410BD00BF780D002000487047A6
:10205000890D0020004870478B0E0020C2080449FB
:1020600000F0070001238340885C03438B547047D2
:1020700030050020014BD3E90001704730050020F6
:10208000034B1868C0F30020400040F00100704787
:102090003005002008B505F0B1F80023074A32F8F2
:1020A0002310814205D302EB83029378044A137014
:1020B00008BD01330C2BF2D10023F7E702C4010065
:1020C0008D0F002010B54468238884F86711A4F8A8
:1020D000683194F86830012B06D0022B04D040F20E
:1020E00011310620FEF74EFA84F86A3194F869300F
:1020F000012B01D0022BF2D184F86B3104F5AF70C3
:10210000034908F074FA002384F8243110BD00BF9D
:10211000499C000040680749038800F25110A0F86C
:10212000093010F8F13CC37210F8F03C037308F06A
:1021300058BA00BF5F9C0000024B002283F82220A7
:102140009A8470478E0F0020044B93F82220012AB6
:102150001ABF036001200020704700BF8E0F0020CF
:10216000054B024693F8221001291BBF01209A84D7
:10217000002083F8220070478E0F0020054B024696
:1021800093F8220020B1136009B19B8C0B800120D1
:10219000704700BF8E0F0020044B002293F82200EE
:1021A0009A8410B1012083F8222070478E0F0020FE
:1021B000034B93F82200B0FA80F04009704700BF4B
:1021C0008E0F002050B90A4A0120134603F8010B74
:1021D0000868C2F801008A889A807047012805D1F2
:1021E000034B0A68D8719A608A889A81704700BF49
:1021F000B40F002050B90B4B187888B1D3F80120E8
:10220000B3F805300A6001208B807047012806D1A1
:10221000044BD87920B19A689B890A60F3E70020C3
:10222000704700BFB40F002010B9044B18787047F6
:10223000012806BF014BD87900207047B40F002059
:10224000F7B58A8800238DF80600ADF804200868E9
:102250000B4A8DF807300146147802F5A872019DEB
:10226000D8B2844201D8082007E052F8087F013331
:102270005668AE4208BF8F42F2D103B0F0BD00BF36
:10228000C80F0020084B0146002230B55C7803F2ED
:102290000113D0B2844201D8082004E013F8015F92
:1022A00001328D42F5D130BDC80F0020F0B5254D6B
:1022B00089B095F8984105F299116846224606F0D2
:1022C00065FC2146684607F0D0FE0446B8B300EB33
:1022D000400102A8C9B2FEF795FA631E95F8A16104
:1022E0000124DBB295F8981105E0721CB2FBF1F005
:1022F00001FB1022D6B206F120020DEB020010F80D
:10230000202C002AF1D103EB430100F8204C06EB0E
:10231000460220312A44694411F8187C82F8A271DF
:1023200011F8177C11F8161C82F8A37182F8A41119
:10233000013BAA19DBB282F89941FF2BD2D109B037
:10234000F0BD00BFC80F002070B5064688B00C462F
:10235000002A4ED0294A92F8A131D01890F899114C
:1023600019B9FF212820FEF70DF903EB43010133D2
:10237000114491F8A251E57091F8A35191F8A4117C
:1023800025716171002180F8991192F89811B3FBC1
:10239000F1F001FB103382F8A13192F8C23123B978
:1023A000174902F5DD7008F01FF965790D2200214B
:1023B000684605F03F0545F04005657109F01CFDD4
:1023C000E37804AA69468DF80F30304623798DF8FA
:1023D0000D508DF80E30042309F078FC9DF81F3065
:1023E00023709DF81E3063709DF81D30A37008B0F7
:1023F00070BD03216018FEF705FAD6E7C80F00206C
:10240000AD220000044B5A78824286BF1B1893F815
:102410004A010020704700BFC80F0020044B5A78C3
:10242000824286BF1B1893F842010020704700BF0C
:10243000C80F0020064B00224FF461711A8083F808
:10244000C32183F8C421A3F8C61183F8C2217047C1
:10245000C80F0020014BB3F8C6017047C80F002019
:102460000A4B30B55C7884420ED9184490F80201CA
:102470002B3003EBC004A5790D7053F830001060C9
:102480000120A388938030BD0020FCE7C80F002006
:102490000246074810B590F8C34124B1417821B1F4
:1024A000023003F09FF8204610BD0C46FBE700BF4A
:1024B000C80F00202DE9F74F2F4C9A4680468946D9
:1024C0006378834256D9231893F8425185F0010569
:1024D000F9B193F84A31E3B945F002070135BAF191
:1024E000000F18D1FA070AD5062104EB081052464E
:1024F00001FB0841823001F58571FFF725FFBB071D
:1025000034D504EB0810524649460230FFF71CFF51
:102510002CE02F46E3E794F8A1614FF0010B002D6A
:10252000E0D0A31993F89911019399B90092DAB107
:1025300000F01CFB019B06EB4601009A4FEA102CB1
:1025400083F899B1214481F8A201000C81F8A3C15C
:1025500081F8A401013694F89831013DB6FBF3F1FE
:1025600003FB1166F6B2DAE747F00407384603B01A
:10257000BDE8F08F0027F9E7C80F0020074B5A7815
:10258000824209D91A1892F842212AB9062202FB7E
:10259000003000F58570704700207047C80F00209C
:1025A000064B5A78824281BF1B1893F83A01B0FA61
:1025B00080F0400998BF0020704700BFC80F00207E
:1025C000034B80F870101B680BB1008818477047E8
:1025D000D81500200B2808B504D940F20D11292088
:1025E000FDF7D0FF014B33F8100008BD32C40100E5
:1025F00030B5002442F210758487B0F840404C4357
:10260000B4FBF2F4A0F84040541E05FB0343B3FBB7
:10261000F2F3C387084BB3FBF2F30133A0F8443065
:10262000038F05FB0344036B5943B4FBF2F4B1FB86
:10263000F2F14463016330BD005A6202034608466A
:1026400071B13F2B0BD8074AD35C03F07F02914254
:1026500005D08CBF0120002000EAD3107047012074
:10266000704700BF4AC401002DE9F7430E46694692
:102670001546994607F081FD044620B9019F35B9FA
:10268000012387F88C30012003B0BDE8F083D7F830
:1026900010802946404606F0DFFC01460028F3D0B2
:1026A000134B5B88AB4221D3404606F011FE97F8EE
:1026B0008C304946A0F80140002B2A4618BF02265C
:1026C00000F8036B06F062FA2946404606F0FFFC6C
:1026D00018B98B212B20FDF755FF684607F040F80D
:1026E000019BA3F8A24187F88C40CCE72046CBE7BA
:1026F00094110020FF230B7002234B7083238B70F7
:10270000014B1B78CB707047AC1100202DE9F84FBE
:10271000D0F804800C46D8F81460304606F0CAFDA4
:10272000054620B940F253111020FDF72BFF01465A
:10273000304606F0CDFDB5F800B082461FFA8BF7A3
:1027400017B940F25711EFE7224B00F103091B685C
:10275000D3B998F8003098F801202370637802F01C
:102760000F02A4F802B023F00F03134323F0C003B9
:1027700063709AF8003003F00303012B0FD0022B93
:102780000DD040F27511CFE73A464946B8F800003F
:10279000984705460028DCD12846BDE8F88F6278C6
:1027A000304663F30512627006F098FD054610B9D5
:1027B00040F27F11B8E7FB2F02D94FF4C771B3E79E
:1027C0003A464946201D06F0E1F9304606F0E1FCA4
:1027D000E2E700BFDC15002038B5134C10220021C1
:1027E000201D09F009FB0125257404F108031022BE
:1027F000002104F11400C4E9013309F0FDFA84F862
:10280000205004F11803094AC4E905330023636228
:10281000A36284F82C30C4F82D30C4F8313084F829
:1028200035301360A36338BDAC110020DC150020E7
:1028300010B5084C2378FF2B04D04FF4CC71102036
:10284000FDF7A0FE06F00EF92070BDE81040FFF77E
:10285000C3BF00BF3D05002010B5034C207806F033
:102860001BF9FF23237010BD3D050020014B187894
:1028700006F022B93D050020014B024A1A6070475C
:10288000E01500200D2700002DE9F341DFF86881F5
:10289000054608F11407D8F80830D8F81840227A0D
:1028A000012A22D1D8F8382052B1137A1BB9BF219E
:1028B0001020FDF767FED8F83840C4B9002083E047
:1028C0001A7A012AFAD01C464C4AEFF3108172B6EC
:1028D00050680068506001B962B6A34208BFC8F8EA
:1028E0003840237A1BB9EE21E2E73A46EDE7267A33
:1028F000F6B205232372731E0B2B6ED8DFE803F0AC
:102900006A062235676D3E6D6D6D6D5B636813B948
:1029100040F20B21CCE72046294698470420EFF3EC
:10292000108272B6237A052BD9B24FF0000359D129
:102930002372D8F83810A14201D1C8F83830B2BBA0
:1029400062B634E0636813B94FF40571B0E7294605
:10295000204698470346ADF80400C0B2C3F30723EE
:10296000012B2FD0022BDAD11AE0636813B94FF490
:1029700007719DE7204698470020D0E763680BB9B0
:10298000FE2195E70B222A7001221988AA706A712C
:1029900000221869A5F80310AA7106F0FAFB0420BA
:1029A000D8F83830A34202D10023C8F838300028C4
:1029B0003FF471AF08E0124B294620461B68984748
:1029C000034668B9267298B102B0BDE8F08140F2C2
:1029D00053216DE740F256216AE740F2592167E73B
:1029E0000220DDE711B940F27A2161E71846A6E737
:1029F000002B7FF450AF61E7AC110020B011002034
:102A0000E0150020134610B5027A22B140F20131E0
:102A10001020FDF7B7FD0A4601460248BDE8104008
:102A200007F0BFBDB0110020044890F82C301BB94E
:102A30000349243007F0D2BD704700BFAC1100201D
:102A400095A500000346064890F83C203AB190F85E
:102A5000352022B9034900F82D3B07F0BFBD704770
:102A6000AC110020F52600000A4610B5037A23B108
:102A700040F209311020FDF785FD01460723024889
:102A8000BDE8104007F08DBDC01100201346027A4A
:102A90000AB1037270470A460146014807F081BD3A
:102AA000B01100201B234FF01B128384038482612A
:102AB0008382C260038539B94FF4A473034AC38487
:102AC0004384C261C3820261704700BF480148016C
:102AD00003460846F0B4B3F85420B3F84840B3F8BE
:102AE00056109442B3F84460DF8F28BF1446B3F801
:102AF0004C20B3F842508A42DC8728BF0A46B3F81C
:102B000046109142A3F8422038BF1146A64238BF72
:102B10002646A742A3F84610A3F844601FD1AA1A7C
:102B200018BF0122B3F84A50B3F85040B3F85270BE
:102B3000A5429E8FB3F8401028BF2546B3F84E40FB
:102B4000BC429D8728BF3C46AE42A3F8404002D11C
:102B5000A14200D12AB10449F0BC07F048BD0122CE
:102B6000E0E7F0BC704700BFF5A50000094AD2E9D4
:102B70000003434083EAB01181EA43214FEAF34363
:102B800011605360044B58434FEAF06000EB800043
:102B9000704700BFEC110020BB79379E094AD2E98B
:102BA0000003434083EAB01181EA43214FEAF34333
:102BB00011605360044B58434FEAF06000EB800013
:102BC000704700BF40050020BB79379E10B50A4C06
:102BD00008210948FDF716FED4E900321343F7D067
:102BE000064CFFF7DBFF2060FFF7D8FF236860602B
:102BF0001843F6D010BD00BF40050020EC110020A6
:102C0000174B184A9A60184A5A60184A1A60184AAC
:102C10009A62184ADA62184ADA60184A9A61184ABF
:102C20001A63184A1A62184ADA64184A9A64184AE7
:102C30005A62184B184A9A60184A5A62184ADA625D
:102C4000184A1A61184A5A61184A9A61184A1A634E
:102C5000184A9A64184ADA64184A9A63704700BF9F
:102C6000E415002055A8000085A80000F1A8000088
:102C7000A3A90000F7A90000892F00000DAA0000F9
:102C8000E131000075300000DBAA0000F7AA000067
:102C9000C1300000E416002071A80000ADAA0000B9
:102CA0002FAA0000D3A9000053AA0000153000008D
:102CB0007DAB000025AB000017AB000093AA00001D
:102CC000054B064A9A65064A1A66064B064A9A65F5
:102CD000064ADA65704700BFE4150020E59D000054
:102CE000879E0000E4160020319D000009A000002E
:102CF000023A08B5232A00F29A80DFE802F012981F
:102D00001E9B9B2E9830989B3541459898499B9BDC
:102D10005D5D747498989898989898989898987B0E
:102D2000889102784368012A02D193F8103101E0BA
:102D300093F8193102204B700EE04268D2F8BE3190
:102D4000C1F80130D2F8C231C1F8053043680D2016
:102D5000D3F80431C1F8093008BD4368E5E700F055
:102D600005FA0028F8D148E0102306204B705923BB
:102D70008B700023CB70A3230B7130234B71EBE7D7
:102D8000436893F80A31D5E7084600F0DDF9E8E733
:102D90000278436852B993F810213AB193F80D21A3
:102DA0004A7093F80C3103208B70D5E793F80B2110
:102DB0004A7093F80A31F6E743680920B3F85420C3
:102DC0004A70120A8A70B3F81221CA70120A0A7184
:102DD000B3F850204A71120A8A71B3F81031CB71DE
:102DE0001B0A0B72B8E7436893F826214A7093F8E0
:102DF0002731D8E7104B1B6823B940F20D51512001
:102E0000FDF7C0FB0246232098470420A4E70A4BA5
:102E10001B68002BF1D002462420984705209BE731
:102E2000054B1B68002BE8D002462520F5E74FF440
:102E3000A161E4E701208FE7E41700203F289ABF53
:102E4000024B53F820000020704700BFE41500201B
:102E50003F289ABF024B53F820000020704700BF64
:102E6000E4160020F7B5456804464FF6FF772E6953
:102E70000DF102010DF101023046ADF8027006F0CD
:102E800041F901A9304606F05FF940B1019806F01A
:102E900023FA616800220272FFF7E6FDE8E70449C1
:102EA00005F19E0003B0BDE8F04007F09ABB00BFFB
:102EB000E9A70000F0B5044685B00D46FF2600F8EE
:102EC000A56C10F8A63CF3B1174F3B781BB15F21FE
:102ED0001F20FDF757FB0C21381DFDF793FC3E70BA
:102EE000002304F8A53C07232A4602F8033BD4F844
:102EF0000930C5F80330D4F80D305360D4F81130E0
:102F0000936005B0F0BD01A80C21FDF77BFCA4F592
:102F1000B473039A1A6001AB03CB44F8AE0C44F8C7
:102F2000AA1C04F8A66CDBE7F411002010B5054CD0
:102F300023782BB90C21201DFDF764FCFF2323709F
:102F400010BD00BFF4110020024690F8C631BBB995
:102F500090F8C73103F0FF010BB100207047094B17
:102F600018780028F9D01970D9680433C2F8041110
:102F700003CBC2F8BE01C2F8C211FF2382F8C631EA
:102F800001207047F4110020426838B592F886306D
:102F900004460D463BB1132B05D0113B0F2B8CBFC4
:102FA0000120082038BD92F8C43013B9204607F03C
:102FB000D8FB6268D5F80B30C2F8B631D5F80F30BF
:102FC000C2F8BA316368D5F81320C3F800211A8813
:102FD000A3F87522D5F80120C3F87722D5F805208B
:102FE000C3F87B226368B5F80920A3F87F226368E1
:102FF000002583F8C6516068054900F51B7007F08D
:10300000EDFA63681622284683F88620CAE700BFD7
:10301000B52E000038B54368044693F88620202A70
:1030200004D04FF410711F20FDF7ACFA002293F882
:10303000C4101D8803F5C97083F8C32069B10B491A
:1030400083F8C420A3F89C5183F89B2107F0C6FAAB
:103050006368002283F8862038BD012283F89B1123
:10306000A3F89C51024983F89E21EFE78FA9000045
:1030700081A9000038B54568AB6F13F0010419D180
:10308000D1F801200C4BD1F8051013400B4AC5F8BC
:10309000D430C3F307630A4043F00803C5F8D820CF
:1030A00085F8D73007F05DFBAB6F204643F0010396
:1030B000AB6738BD0120FCE72FC904F76FDB008048
:1030C000406810B590F88530042B28D1D1F8013034
:1030D0004A1CD1F80540C0F8D430C3F30763C0F8E8
:1030E000D84043F0080380F8D730002380F8BE3082
:1030F00080F8853090F8743103F0FF040BB10020A4
:1031000010BD038800F5B67044724381D1F80130D8
:103110000449C3605368036107F060FAEFE70120D8
:10312000EEE700BF71AA0000406890F8743143B91F
:10313000038800F5B670034943811A23437207F0F0
:103140004DBA704771AA000010B50446FEF792FF11
:10315000044A054B024009200B40C4F80120C4F882
:10316000053010BD2FC904F76FDB008037B50C4662
:103170004568FEF77FFF0A4B0A4A03400A4095F86C
:10318000D41000930B4001928DF800306B4603CBB6
:10319000C4F801000920C4F8051003B030BD00BF19
:1031A0002FC904F76FDB008038B5DB04154604D562
:1031B000C37C13B10023036338BD046B0134046383
:1031C00007F0BDFC436B9C42F6D300230349036325
:1031D0002846BDE8384007F00ABA00BFCDAA000073
:1031E00038B54468054694F88530012B02D0A36FAA
:1031F00098073AD494F8C5309A0713D44A78D80778
:1032000084F8CF204A88A4F8D0208A88A4F8D22055
:1032100043F0020284F8C5200FD5154904F1C60019
:1032200007F0E5F994F8C530D90711D4A36F9A07D0
:1032300008D558214020FDF7A5F994F82A31002B34
:10324000EBD1EFE743F002032846A36707F089FAC2
:1032500094F88530012B4FF0000301D0002038BDD9
:1032600084F8853084F8BE30F8E70120F7E700BF26
:103270005FAB000070B54568044602F06FF9054B7E
:10328000014685F883001B681BB12046BDE87040ED
:10329000184770BDEC170020024B1B6803B118479C
:1032A000704700BFE8170020F0B51F4D00242B78B1
:1032B00014709BB1013B6D68DBB21E1B012E0FDC4D
:1032C00005EBC40655F8347076688E4208BF874215
:1032D00027D0B84271EB060612D214700020F0BD60
:1032E0001E197710C6F3470655F837C005EBC70E11
:1032F0008445DEF804708F412CBF33463446DCE74A
:1033000005EBC30455F8335064688C4208BF85420E
:1033100006D0A84271EB040428BF01331370DDE727
:103320001C4601201470DAE71412002010F0070286
:1033300008B503D063214820FDF724F918B1034BE9
:10334000197258601A70C80008BD00BF141200201E
:10335000014B00221A70704714120020FF23084A04
:103360000B700D234B7082238B701368C1F80330F0
:103370005368C1F807309368C1F80B30704700BF3D
:103380002A12002016220021014808F035BD00BF96
:103390002A12002082B002AB03E903000D48437DEE
:1033A000B3B1530614D50A880C30B1F87E3020F83A
:1033B0000C2CD1F8402220F80A3C40F8082CD1F817
:1033C0004422054940F8042C022202B0FFF75EBBFC
:1033D00002B070472A1200205D330000094B53F8F9
:1033E000203003F5224370B5B13316464FF47A729C
:1033F0000C46B3FBF2F5344402F04AFF2C4420445F
:1034000070BD00BF50C501002DE9F04F8BB00446E0
:1034100098460F46039290F8699006F013FC824696
:1034200094F87300FFF7D6F8824407F0EDFB94F8A8
:10343000863000F13C061FFA8AFA0293039B83BB95
:1034400094F88430032B2CD1029B0D2B29D1B4F896
:103450005C32BB4225D1D4F8E0312046B4F8B42127
:10346000C4F8D031A369C4F8D431B4F8523213444B
:10347000C4F8D83102F030F8D4E99823A262B4F845
:103480005E22A361A285D4F86822226241F64B52E3
:1034900093428CBF0023012384F87230022384F806
:1034A0008430B4F8505204F50873B4F87EE07D1B04
:1034B0000493A7EB0E0E2DB20FFA8EFE002D10DA3C
:1034C0007546D4E98E23C4E99223012294F884300E
:1034D000032B00F26F81DFE813F00600FE005500B9
:1034E00020014246F2E70121002006F031FE81462C
:1034F000A06A5146484403F035FE5146C4F8DC0149
:10350000A06903F02FFE07A9C4F8E00108A802F0A3
:10351000E1FD079B0093DDE90823D4E9920108F05F
:10352000C0F98346204607F087FBA26AD4F85432DC
:1035300094F86900D51802F0B3FED4F8DC1100F558
:103540002240203D4FF47A73B13032466D1A30314B
:10355000AD1BB0FBF3F04D44A38DA5EB0B0503EBC6
:1035600041012D1A94F86900FFF738FFD4F854325E
:10357000C4F8E401EB1ACC2B59D840F2C7413020F3
:10358000FDF700F8A36A5146D4F8D401184403F0BB
:10359000E9FD5146C4F8DC01A06903F0E3FDC4F87D
:1035A000E001204607F048FBA36AD4F8D4511D443B
:1035B000B4F8B431002B40F08A80B8F1000F00F06D
:1035C000868094F8690002F06BFED4F8DC11D4F820
:1035D000403200F522406D1A94F86920B130203D48
:1035E0001D448F4B53F822204FF47A7302F2E732D6
:1035F000D4E98E9AB2FBF3F2A5EB0905B0FBF3F028
:103600001544AD1B2D1AD4F8D821D4F8D03194F834
:10361000690002FB0313A18D3246303301EB4301F5
:10362000FFF7DCFE0123C4F8E40184F88430A369C9
:10363000D4F8E021A93B9B1A9E1B0023864284F804
:103640002032D4E9923228BF064604F130005B19DB
:10365000C4F8B06142F10002C4E98C3206F0F2FF16
:1036600004233044A4F8507284F82932C4F82402A8
:10367000D4E98C23C4E99223B4F8A031DB1B1BB23C
:10368000002BD4BF00220122520084F82822029A83
:103690000D2A00F09280B8F1000F40F0918094F86C
:1036A0008430002B00F0A880A16904F50870D4F8DC
:1036B000E031C91A06F0FAFC80B2002800F09C80C4
:1036C000149B03B1188001200BB0BDE8F08FD4F833
:1036D000DC116D1A97E7D4F8E021A369B4F8B4C1FE
:1036E0009B1AD4F8D811F444D4F8D0015D43D4F82F
:1036F000DC31ACEB010C30330CF1FF3C00FB01334F
:10370000A18D94F8690002FB0C33324601EB4301B2
:10371000FFF764FEC4F8E40189E7D4F8E0A1A369E7
:10372000A3EB0A035D4394F88530292B03D094F86A
:103730008630292B09D1B4F85C32FB1A1B0404D45F
:1037400094F85F32002B18BF9946B4F8B4C142B365
:10375000BCF1000F25D1D4E99023D4E98E01904229
:1037600071EB030302D340F21B5108E794F8691090
:103770004FF47A7B2A4B203A53F82130D4E98E015A
:10378000CDE9040103F2E73103F522430498B13394
:10379000121AB1FBFBF1B3FBFBF30A44D21A921BE2
:1037A00015440CEB0E01324648460AFB01F130315C
:1037B0004900ADE740F23351E1E6B8F1000F1BD00C
:1037C000B4F8C80110B3B4F8CA1194F8CC214D1C58
:1037D000A4F8CA1101FB022290420DDD002B0BDD83
:1037E0000023A4F8CA5184F82832FFF7BFF900F08B
:1037F0000700013084F8CC0104F5087104F5FC7071
:1038000004F0EEFC20B940F27D51B8E60146DCE759
:10381000039B83F0010384F8F031002054E700BFDC
:1038200050C501002DE9F8430E46044618B9D521CC
:103830003020FCF7A7FE052900F2A780DFE801F0A1
:103840000376413DA52E08F0DFF8C4E94601204685
:1038500000F05EFFD4F80C01A43808F01CF82046F4
:1038600007F084FD054600BB0146204607F0BBFC7F
:1038700000F1AE06D4F80C01B04209D2301A03218F
:10388000192838BF192008F091F860B108F005F840
:10389000C4F80C61204607F079FD45B12046BDE82B
:1038A000F84307F074BD0125F2E70025F2E7D4E9FB
:1038B0004623C4E94023BDE8F883BDE8F84302F09D
:1038C00015BC07F09BFC04238146884684F811311F
:1038D00007F0DFFF07220F46A9FB023102FB0811A8
:1038E000D4E940525B1941EB0205D4F8E8203AB123
:1038F00059EA080204D0984277EB050228BF012656
:1039000084F81061D4E94826121A66EB070694F889
:10391000301139B9012A76F100010BDA204600F0A6
:10392000FFFE03E0012A76F10006F7DB002384F8AE
:103930002831C0E7984277EB05010FD259EA080811
:103940000CD01B1A65EB07019A4276EB010005DBF0
:10395000012B71F10000A4BF1A460E460C49012349
:1039600004F1C000914284F829314FF0000384F83B
:103970000831B341B8BF0A4604F5847104F0A8FCCD
:10398000002898D140F2BA6152E7F12150E700BF18
:103990000040420F2DE9F84304460E46154690F8C4
:1039A000283103F0FF07002B40F0948000F1C0089D
:1039B00039467822404608F01FFA224646494046DA
:1039C00008F09FF8C4F8E860FF2384F8283166B156
:1039D000FFF7E4F800F0070032464049013086F86E
:1039E000CC0106F5FC7008F08CF840F202434FF071
:1039F0000009A4F8103184F8089103F009FC00F1E3
:103A00004906204607F0B2FC0146B6B2C0B306F044
:103A100019F900F5CD61284689B203F0A3FB2844CB
:103A2000AE3DC4F80C0107F034FF3018A4F81E9026
:103A300041F10001C4E94601012084F8EC0007F0DF
:103A400040FD2D1AC4F8F0504FF0FF356FF00041E3
:103A50004046D4E94623C4E94851002504F5847161
:103A6000C4E93E23C4E9402384F8295142F210728C
:103A700004F02EFC38BB40F2BB113020FCF782FD75
:103A80002046DFF85C9007F0AEFBAE30C4F80C01C6
:103A9000B9F8000048B1E08B38B1FFF77FF8B9F80A
:103AA0000030B0FBF3F202FB1300064407F0F1FE16
:103AB000361841F10001C4E94661002DC4D0AD19AA
:103AC00041F10001C4E72946204607F062FC384670
:103AD000BDE8F8830C27FAE72538000053AC000056
:103AE00040120020F0B5002385B0CDE9003301235A
:103AF0008DF806306846FDF7D3F870B10123114EFA
:103B0000B3700023CDE9023302A8FDF7C9F80446DB
:103B100038B10023B37005B0F0BD009807F08FF9FD
:103B2000E8E7029D95F88430002BEDD005F5FC7791
:103B3000384604F0B5FB384608F009F885F88440AB
:103B4000E2E700BF40120020044B0022DA709A70B6
:103B500042F210721A80FFF7C5BF00BF401200206A
:103B6000014BD870704700BF4012002008B501F02B
:103B7000F7FF044B5A6882422ABF9878002080F0F1
:103B8000010008BD40120020F7B5044606297AD886
:103B9000DFE801F0042715252B3074003B4B9B78A0
:103BA00003F0FF025BB900920123B0F8A411FFF704
:103BB0002BFC38B140F2D6613020FCF7E3FC042343
:103BC00084F8843002F070F904F0F6FA0023B4F8B7
:103BD0007E20A4F85232A4F8EE2184F8F13103B02B
:103BE000F0BD032380F88430F9E707F0DBFDC4E97A
:103BF0009001F4E790F8690007F00EF87730D4F8F8
:103C0000E0319528A569214F8CBF0020C0F19600B6
:103C1000C218954288BFED1AFB7894BF00252D1A73
:103C20001BB9236B9D4228BF1D46D4F8B06104F137
:103C3000300006F007FD0644022007F08DFE022149
:103C4000AD1B25EAE575854228BF0546284607F0E5
:103C5000ADFE10B12E4407F020FE01234FF4807218
:103C60003146204606F044FDD4F8B0317860A069B2
:103C7000184403B0BDE8F04007F00DBE03B0BDE846
:103C8000F04006F0D9BF40F2A47195E74012002041
:103C9000014B1880704700BF401200200346074ABE
:103CA0001068D3F84920C0F80320B3F84D20A0F8DD
:103CB000072093F8481006F0A9BB00BF4812002067
:103CC00070B504460E461346807D6588324615F071
:103CD000040118BF04F15701FEF7ECFB410705464C
:103CE00021D4C2070BD50123A07D84F84830FEF70C
:103CF00045FC0368C4F849308388A4F84D30AB070D
:103D000001D4012070BD094B01211868D4F8573047
:103D100084F85610C0F80930B4F85B30A0F80D30C4
:103D200006F07DFBEDE70020ECE700BF4812002025
:103D300038B5C38C04460F4D0133C3F30E03C3845F
:103D40002B7C2BB102F092F901F0A4FC00232B7420
:103D500000232B7194F869302BB101212046BDE876
:103D6000384007F03AB9637C13B1E28C9A42F4D23E
:103D70000021F3E74812002010B5074C2379012BEE
:103D800005D1237C1BB102F071F901F083FCA0691D
:103D9000BDE81040FFF7CCBF4812002070B5254C9D
:103DA0002379012B04D04FF448612D20FCF7EAFB66
:103DB00098B90125237C1BB102F058F901F06AFC87
:103DC000002D36D0A06907F055F868B302F018F856
:103DD000E369BDE870409B6818472168A26911F843
:103DE000095B02F1490392F84820E80906F01FF93F
:103DF0000028DED00021206806F036FB0028D8D04D
:103E00002379A069012B02D040F65A41CDE72379EE
:103E100005F00F01E26903F180435269013B52F85A
:103E2000233098470546C5E7A069BDE87040FFF715
:103E30007FBF70BD481200200346074A906903B94E
:103E400009B9FFF775BF1379D26903F1804312698D
:103E5000023B52F8233018474812002003292DE96D
:103E6000F043054685B0174607D14388980723D409
:103E70000024204605B0BDE8F083428890F8683001
:103E8000D107DBB2F4D5002BF2D14FF00108DFF8F7
:103E9000D49099F81060C6B106F0FEF80828387082
:103EA00016D002AA0DF10701FEF7DAFA38B940F68A
:103EB000F5612D20FCF766FB4FF00208E7E702A949
:103EC0009DF8070006F088FE06463B78082B08D1CF
:103ED000D9F8001011F8030BC0F3801006F07CFE37
:103EE0000646D9F8001005F1500395F84F2011F857
:103EF000030BC0F3801006F09AF8D9F800100446BE
:103F000011F8030BC0F3801006F0BCF88146FEF7F1
:103F100047FB40B1B9F1080F1BD04846FEF772FAD3
:103F200080F00103D8B23A78082A14D01CB9AC7DCD
:103F3000A21A544254416A8853079AD4002897D150
:103F400076B9EC7C444518BF002C0CBF012400243A
:103F50008FE70020E7E780F001022240D4B2EAE7D1
:103F6000344686E7481200202DE9F04F85B008233B
:103F7000052104460DF107028DF80730FFF76EFFAB
:103F8000064620B90026304605B0BDE8F08F734FD5
:103F9000396807F112037A7C11F8030BC0F3801023
:103FA00006F045F880460028ECD13B6840F2E24933
:103FB000A169184691F88D2010F8035B02EA5512AA
:103FC0001D4602F0010281F88D20D3F80320C1F8CC
:103FD00003208288A1F8072015F81F1BA269C1F3EE
:103FE0008011917002A9D3F81F00029028790871FE
:103FF000D3F80F00D061587D1D7D000440EA0520F4
:10400000DD7C28435062B3F8190082F8728009FB06
:1040100000F090619D7DC5EB451005EB800505EB3B
:1040200085056D009585B3F8170009FB00F09062D7
:10403000B3F81B001084B3F81D00508493F82430AB
:1040400003F01F005B0982F8990082F87330A569BC
:1040500094F912A005F18D0006F035F940F2011334
:10406000A5F868304FF0FF0B85F86AB0414605F1BE
:104070003000FEF717FD51462846FEF7A1FAA36966
:1040800084F8738004F17E011A8884F891B0A4F852
:1040900074204FF6FF729DF80700A4F892209A69E9
:1040A000B2FBF9F2A4F88A201A8CA4F88C205A8C5E
:1040B000A4F88E2093F8732084F89020627D5AB380
:1040C00094F84820012A27D194F84E2002F0C0022B
:1040D000402A21D1D4F84920C4F87E20B4F84D20DC
:1040E0008A8008289A7803F1030504F1840184F892
:1040F000772004F17802D3F8033027D0C4F8843055
:10410000AB888B8004F17701FEF7AAF940B94FF430
:104110003E612D20FCF736FA0022C4F87E20DFE74E
:1041200094F8773043F0020384F8773004F16A00A2
:104130000B4906F053FA0B4B0022A0691B683A7139
:10414000002B3FF420AF214698471CE7A367AB88BC
:1041500093800023C4F884308B80E7E74812002066
:1041600003B10000F4170020032937B5044604D03A
:10417000052957D0012003B030BD08230DF10702F7
:104180008DF80730FFF76AFE0028F3D0237C2A4D14
:1041900003B39DF8070094F8B630DBB923780828FC
:1041A00004F1B90284F8B7302DD004F1B801FEF75C
:1041B00057F920B940F66E712D20FCF7E3F994F819
:1041C000B83043F0020384F8B8301C4904F1AE0063
:1041D00006F004FA2B68042220461A7006225A7050
:1041E000FFF75CFD616B94F83820286806F02DF924
:1041F000032328682B7101F0BDFE0021286807F019
:10420000DBFA0020B7E72868034613F8031BC1F365
:10421000801184F8B810D0F80310C4F8B9109B8846
:104220009380D2E7064B1B68002BEAD0984780F0BA
:104230000100C0B29FE700BF48120020EBB00000B1
:10424000F0170020F8B504460F4619B300F1200519
:10425000284607F013F9A0B963881A072ED5284617
:1042600007F021F90646284607F008F9301AC0B2CF
:1042700007F027F9494A936803442846936007F0FA
:10428000DCF8284607F0DEF801F028FD217925202A
:1042900001F08AFC414E002394F8562030680370E8
:1042A00043706388103B0D2B68D8DFE803F0636729
:1042B0005F0C674467676767676767442046BDE8C8
:1042C000F840FFF735BD06234370202303702046D6
:1042D000FFF7E4FC638823F008039BB2152B05D09D
:1042E00094F83020E16A306806F0A0F8306801F0F8
:1042F00041FE0021306807F05FFA02232179002097
:10430000337101F0F9FC054607B9F06063881B07BB
:1043100004D507F0D3F80544C4F8F4506388103B83
:104320000D2B36D8DFE803F038352F2F352F3535F4
:1043300035353535352F0C2321214370034603F8DD
:10434000091B52B1D4F857200121C0F80920B4F854
:104350005B209A8006F063F8B9E7226DC0F8092067
:10436000B4F854209A8094F84F10F3E706230370B2
:104370004370ACE7022303700623F9E740F259616A
:104380002D20FCF7FFF821790120BDE8F84001F06D
:1043900087BE40F6F341F3E7F8BD00BF48120020A6
:1043A00038B543880446102B04D10121BDE83840BC
:1043B000FFF748BF0B4D2B7C23B101F045F940209E
:1043C00001F048FE286801F0D5FD608810F0040077
:1043D00002D1217901F064FE002001F019FE0123D1
:1043E0002B7138BD48120020024B01219869FFF75C
:1043F00029BF00BF4812002010B5124C237C1BB10E
:1044000001F034FE01F046F9A06906F033FD38B141
:104410002379012B09D040F684312D20FCF7B2F826
:10442000A069BDE81040FFF783BC2379E26903F17E
:104430008043A069D268013BBDE8104052F82330A8
:10444000184700BF48120020074810B5037903F051
:10445000FF0433B914222146043007F0CDFC204676
:1044600010BD0C24FBE700BF4812002010B500234C
:10447000094C2371FDF7EAFD2060FFF7E5FF20B14D
:104480004FF442712D20FCF77DF8E36913B940F237
:104490000B31F7E710BD00BF48120020014B024A64
:1044A000DA6170474812002064470000034B044A59
:1044B0001A60044B044A1A60704700BFF0170020CE
:1044C000693F0000F41700208BAF0000F8B5057DB0
:1044D0000446AF1EFFB2002D3AD0012F2DD800F1B7
:1044E000500190F84F0005F0CDFD0828064624D075
:1044F000FDF794FF10BB023D18BF0125012F84F882
:104500004850A6758CBF002701276775FDF7A2FFED
:10451000054607F0BEF90022144B84F85620E5FB4F
:104520000301C4E9100111462046FFF7C9FB70B929
:1045300040F2A3412D20FCF725F80826022D09D1D1
:1045400004F149010020FDF755FE60B90020F8BDD7
:104550000826F5E704F149010120FDF74BFE00288C
:10456000F4D00125CAE70025C8E700BF40420F008C
:10457000F0B5444E85B00446327902F0FF0312B91B
:104580000278FF2A04D140F6DC112D20FBF7FAFF58
:10459000B36080F869303C4B684604F12005009315
:1045A0003A4B01933A4B0293F3695B68039301F032
:1045B000D9FC01F025FB01F059FD01F06BF83548FD
:1045C00001F082FB344801F0C7FC284606F035FFB5
:1045D000284606F037FF01F081FB2179252001F004
:1045E000E3FA94F9120001F069FB04F12C01A06ACE
:1045F00004F087FF074604F13401A06A04F0A8FF25
:104600000546DFB1237FCBB1B4F92650ED43ED0F62
:10461000637D13B963885B0709D56FF00043D4E964
:1046200010129A4208BFB1F1FF3F0DD19DB9306819
:104630000330FDF72DFF307405B0F0BD002DE7D03D
:10464000657F002DE0D1E3E707F023F9D4E91023DB
:1046500090429941EAD3012229462046FFF730FBD8
:1046600050B1FDF7F7FE054607F013F90B4BE5FBDC
:104670000301C4E91001DAE7002DD8D040F61A2171
:1046800083E700BF48120020F94300009D3D000071
:10469000393E0000D6BE898E5555550040420F0068
:1046A00073B50446FFF764FF00212046FFF7CAFDFB
:1046B000236E0BB101221A606388DB0721D500232A
:1046C000114EA569CDE90033FF2373746846FCF7EA
:1046D000E7FAB0B9009CA542F8D005F10A036A7A5E
:1046E00004F10A01607A05F0A2FC0028EED0A3785C
:1046F0007374D4F80330C6F81230044BB4F80720B2
:104700009A8002B070BD00BF481200205A120020EB
:10471000024B9861DB691B68184700BF48120020F4
:1047200043881B0710B504460ED583693C2208490F
:104730006A3042721B884381FF2380F827304FF68E
:10474000FF73038505F04AFFFF2384F8693010BD2D
:1047500003B100004FB10000A143000055B10000BB
:1047600069410000A1460000793D0000E9430000D6
:1047700054470000584700006047000001380228F5
:1047800008B503D9C4212F20FBF7FCFE13290A4BDF
:1047900005D811290CD8102907D0D221F3E7152903
:1047A000FBD103EB4003D88801E033F8100008BDCB
:1047B00003EB40039889FAE7CEC401000C4A034694
:1047C000117889B9906833B9B0F85810828F914246
:1047D0000AD8FFF7CBB993891B0707D590F8870054
:1047E000073818BF0120704700207047012070472C
:1047F000681200202D4A38B50346948990681C43FE
:10480000402B948104D10421BDE83840FFF7BCB9A6
:10481000802B01D10521F7E703F00304032C04D119
:1048200040F62E313120FBF7ADFEDD0706D50C68D2
:1048300011612478062C0FD00B2C19D09C0706D5BB
:1048400009680978052911751DD00B2927D09B0609
:1048500044BF0823137038BD90F886401C2CEDD15E
:1048600000240025C0E93845012480F88A40E5E7A6
:1048700090F88640122C01BF002480F88A40012461
:1048800080F8C440DAE790F886101829DFD10024B8
:1048900000250121C0E93A4580F88B10D7E790F850
:1048A00086101129D3D10021F6E700BF681200203D
:1048B00013B5044601A8FDF747FC20B940F61711CF
:1048C0003120FBF75FFE22220021019807F094FAC5
:1048D00001992246064801F8034FFEF709FAFDF751
:1048E0003FFC10B940F61E11EAE702B010BD00BF50
:1048F0006C120020254B70B59C6894F85E5294F8B9
:104900005F62002D3ED194F86810002E3CD194F8DF
:10491000693084F8681084F86930FF2384F86A30BD
:104920001B4B1B680BB12046984794F82431012B90
:1049300001D0354303D000211648FDF7C3FB04F135
:104940003006304605F07EFE04F23511054620465D
:10495000FEF7BEF820460621FFF716F9304605F0AF
:1049600071FE854204460BD207F052F80146601BE7
:10497000192838BF192007F019F810B106F08DFF7B
:10498000012070BD2946C0E73346C2E76812002007
:10499000041800206C1200202DE9F8436A4D0646E9
:1049A000AC68002840F08C80AB891A072DD594F8AC
:1049B0000E31FE2B04D140F2F7513120FBF7E2FD1E
:1049C000FE2384F80E3194F886301E2B06D184F82D
:1049D000C300281D05F0CFFE84F8866094F885306A
:1049E000242B0AD194F88630A3F12402062A2AD96E
:1049F000322B28D0252384F8853094F88730072B74
:104A000002BF02236B7584F80E31AB89DB071CD41F
:104A1000AB895F077CD4990740F18480287D01220F
:104A2000AB680D2883F80F2179D0112800F085801C
:104A3000072800F08480FEF70BFA034600286FD1A8
:104A400040F2EA51B9E73223D5E7D5F80880296961
:104A500098F88630D1F80090113B99F800700F2B30
:104A600009D8BB1EDBB2092B6BD840F2333222FAD5
:104A700003F3D80765D509793846FDF7DFFD20B97E
:104A80003946324805F09FFE3AE0012F01D9162F32
:104A900022D198F8850005F083FE40B198F8853062
:104AA000242B04D0252B07D1322388F885303846B3
:104AB000FEF7C4F903461CE0162F14BF0226202679
:104AC0002B781B0705D594F88630113B0F2B98BF28
:104AD00008263046BDE8F883112F15D005D8072FDA
:104AE00014D00D2FE3D11A4B05E0142FDFD1194B51
:104AF0001B68002BC4D02A6949461448127998478C
:104B0000002885D00646DBE7134BF4E7134BF2E7AA
:104B100094F88720062A04BF01226A757BE7104BB0
:104B20000A489847AB89DA06CAD594F886300A2B2A
:104B3000C6D10B2384F88630C2E70A4BF0E70A4B54
:104B4000EEE70826BCE700BF681200206C120020C8
:104B50004DB60000F817002095B600006D4B000020
:104B60009BB50000B9B50000E9B5000070B54D78FF
:104B70000446A5F10E03DBB2152B0DD8012140F23E
:104B8000512201FA03F6164208D14268152B92F819
:104B9000852027D0082B07D0002070BD024628466C
:104BA000BDE8704006F091BC252A01D0322AF3D12D
:104BB000204605F0CDFD636893F88620262AEBD0C9
:104BC00093F8D5201A21204622F0010283F8D5203F
:104BD000626892F8D53023F0080382F8D530FDF7EB
:104BE00071FAD9E72C2AD7D1024B1B68002BD3D0FE
:104BF0009847D1E7001800202DE9F041A0F10E04FC
:104C000000291346E4B208BF1F21172C0AD8012639
:104C100040F25127A6403E4207D116F4600F23D13F
:104C2000082C07D00020BDE8F0810021BDE8F0414C
:104C300006F04BBC546894F88520252A08D1184604
:104C4000FDF740FA002384F8853084F8BE30E9E7A8
:104C5000322AE7D194F88620A2F124010629F1D95D
:104C6000322AEFD02A21EAE7054A1468002CD9D06D
:104C70000A46014618462346BDE8F041184700BFE2
:104C8000FC1700202DE9F84FB54F0E468046B98934
:104C9000BC688D0504F1780A54BFB4F8B420002331
:104CA000504653BF0132A4F8B43084F8AF31A4F8B1
:104CB000B42006F0BAFC30B10B4604F596722146DA
:104CC0005046FEF771FABB8903F4C0632BB194F828
:104CD0008930002B46D0032B4BD094F88920BB8918
:104CE000012A04D1180544BF022284F88920B8F1B2
:104CF000000F40F09480590657BFB4F8C8214246CF
:104D0000013292B2A4F8C82103F00A020A2A0CD197
:104D10003A7D022A09D123F008033046BB81FFF710
:104D20003BFE30430823C6B2BB813046FFF734FE5A
:104D3000BD68304395F80E31C6B2FE2B3CD1DEBBC8
:104D400095F88730063B012B36D995F81831ABB171
:104D500095F8193101220221A5F8B86085F81031C3
:104D600028462EE1012184F889102046FEF70CFF29
:104D7000B3E70223012184F88930F6E795F886B07D
:104D8000ABF1100B5FFA8BFBBBF1100F40F2EC8024
:104D9000AB6FDA0702D532460921E1E7980740F107
:104DA000928032460C21284606F0DEFB95F8C5308D
:104DB00043F0010385F8C530B4F8A83194F8AC513C
:104DC0000133A4F8A831002D00F0F281FCF7B2FD08
:104DD00010B10023A4F8A83194F88910012940F2F9
:104DE0001C8294F88730072B40F0FA81B4F8B43075
:104DF000022B40F21282B4F8B6500135ADB2B4F8CD
:104E00007E302B44A4F8A03194F8AD31002B00F093
:104E100008820123B4F87E201344A4F8A431BB898E
:104E2000BD685B0657BFB5F8B4310023B5F8A621BD
:104E30009B1858BF9BB2A5F8B43195F8183123B927
:104E400095F88730063B012B06D8B5F8B830B5F891
:104E5000A6211344A5F8B83095F8BE1031B1B5F8C5
:104E6000BA30B5F8A6211344A5F8BA3095F9C22096
:104E7000002AC1BFB5F8C030B5F8A6011B18A5F8C7
:104E8000C03095F8A73063B9B8F1000F40F05B82ED
:104E90007B7D022B40F00C8295F81031062B18BF59
:104EA000162395F8A62022B92E4885F8A730FDF7DD
:104EB000D9FF284606F01CFC002384F8AB31BDE87E
:104EC000F84FFDF769B9590702D53246132147E774
:104ED0001A0706D595F80831324685F810310721B2
:104EE0003EE713F0300F35D095F81B31002B5BD126
:104EF00095F81A31CBB195F8863005F58D7105F22C
:104F00005E22292B24D095F88530A3F12900434255
:104F10004341284605F09AFBAB6F23F0200343F092
:104F20001003AB67002385F81A31AB6FDA063BD567
:104F300005F235112846FDF7CBFDB5F852300022B9
:104F40001521A5F81031B5F85630A5F8123107E74C
:104F50000123DEE75B0627D50022242100E700BFFE
:104F6000681200206C120020D7F8089099F886305B
:104F7000182B32D013D8112B20D0162B24D095F813
:104F80008530002B67D195F88630103B102B6AD9FD
:104F900095F8B230002B66D001221221E0E6202BDA
:104FA000EDD1324606210BE0B86890F88630262B0A
:104FB00041D0352BE3D10022112102E032460B21F2
:104FC000484606F0D1FAF7E64846FDF7BDFF00284F
:104FD0003FF4F2AE00220421F2E799F85832012B97
:104FE00007D132460521484606F0BEFA89F85862D4
:104FF000E2E699F85832022BD9B27FF4DDAE99F887
:10500000C43053B10623324689F81031484606F0C1
:10501000ABFA002389F85832EAE703210622B148A7
:1050200005F0B8FB99F8D430324613F0040F0CBFEA
:105030000D211121EAE790F82431022B02D1002240
:105040001721BEE790F82431012B98D190F8253133
:10505000002BF4D093E7092B05D195F809310122F3
:1050600085F810313BE7BBF1100F7FF6A5AEBD68A8
:1050700095F88590B9F1000F7FF49EAE95F82B312D
:105080003BB101220E21284606F06EFA85F82B91DD
:10509000AEE795F82A3183B195F8C59019F0030B66
:1050A0000BD149F0010901220C21284606F05CFAD7
:1050B00085F8C59085F82AB19AE795F81A3133B387
:1050C00095F81B311BBB95F8863005F58D7105F2FF
:1050D0005E22292B19D095F88530A3F1290043428F
:1050E0004341284605F0B2FA002385F81A3101221F
:1050F0001421284606F038FAB5F85230A5F81031D8
:10510000B5F85630A5F8123156E60123E9E795F8CF
:105110002431012B3FD195F82531002B3BD195F857
:105120008630A3F12402062A35D9322B33D095F8E4
:105130006800012806D0022804D040F21131062070
:10514000FBF720FA95F86910012901D00229F4D162
:10515000022895F826210BD0012A14BF0022012233
:1051600042B90A3B042B7FF627AE01221621F7E550
:10517000022AF2E7022995F827210AD0012A14BF52
:1051800000220122002AECD000215648FCF79AFFA9
:1051900012E6022AF3E7544B1B68002B3FF40CAED7
:1051A00050489847FE2801463FF406AE0122D7E555
:1051B000FCF7BAFB08B1A4F8A851FCF7C3FB002820
:1051C0003FF40AAE94F8AF310133DBB2022B84F81E
:1051D000AF3182BF0023A4F8A83184F8AF31FBE5DA
:1051E00094F8B2301BB194F885300F2B15D1B4F878
:1051F000B6505046B4F8B430ED1A033D06F015FA37
:1052000068B1D4F8AC30D4F8A820033B9B1A9D4277
:10521000A8BF1D46012D3FF7F1AD0125EFE52B4657
:10522000F5E7012D7FF6F5AD94F8863013B10B2B21
:105230007FF4EFAD94F88530002B7FF4EAAD94F85D
:105240008730002B7FF4E5AD02297FF4E2AD94F8BE
:10525000AF31002B7FF4DDAD2069B4F82E9003F060
:10526000A2FF00283FF4D5AD94F80E31FE2B7FF459
:10527000D0ADB4F8A231012B7FF6CBADB4F8A821A4
:10528000238C9A42BFF4C5AD013D9B1AADB29BB2CF
:10529000B5FBF9F59D4228BF1D4605FB09F3003D0E
:1052A00003F1010318BF01259BB284F8AA51B1E5AF
:1052B000012B09D195F88830002B7FF4F2AD002145
:1052C0002846FEF761FCF7E586B1F00639D43107D0
:1052D00039D4B20639D4B30739D140F6AF213120E1
:1052E0002EE700BF6C1200200818002039B1B5F875
:1052F000BA10B5F8BC30994201D32223D1E5002A77
:1053000005DDB5F8C020B5F8BC309A42F5D2B5F845
:10531000B820B5F8B6309A420AD295F88920B5F887
:10532000B43052B1B5F8B6209A42C8D80823B8E5CF
:1053300095F81831002BE0D1EFE7052BBFD93E23BC
:10534000AFE51E23ADE53D23ABE52323A9E52A23E5
:10535000A7E500BF73B55B4B0025012204469860AA
:105360001A719D811D705D75FF2380F8AB31B0F817
:10537000A231D3B190F80E31FE2B16D190F818312E
:105380009BB190F88730063B93420ED990F81931C3
:105390000221A0F8B85080F8103106F0E5F802209C
:1053A00084F8AA51FFF784FA03E094F80E01FE286E
:1053B000F8D1B4F8A61104F17806E38D0139B4F8F8
:1053C000A821304689B2B1FBF3F31344A4F8A83105
:1053D000B4F8B4300B44A4F8B43006F026F920B188
:1053E000D4F8A8300B44C4F8A830B4F8A231002592
:1053F000012B9CBF0133A4F8A23109B184F8AF514D
:1054000094F8863084F8AA51A3F10A02012A29D817
:10541000B4F87E30B4F85C229B1A19043BD404F231
:105420005E2104F18D0004F04EFF84F88650FF23C6
:1054300084F8BF30B4F8A6212146304604F08AFF34
:1054400094F886302049113B204A0F2B8CBF002353
:10545000012301931E4B00931E4B03C9FCF78AF9ED
:1054600002B070BD292B16D1B4F85C22B4F87E309E
:105470009B1A1A040FD484F88650FFF73BFA0146B2
:1054800030B984F8240102B0BDE87040FFF7FABBE0
:1054900084F82451CEE794F8853003F0FD03292BDE
:1054A000C8D1B4F87E30B4F85C229B1A1B04C1D476
:1054B000002384F88530FFF71DFA01460028B9D192
:1054C000E1E700BF681200206C120020F5470000E1
:1054D000854C0000BD470000D0F8643282699342D9
:1054E00010B5044604D1D0F86812026A914215D072
:1054F000228804F5C0700F49A4F88A2140F2E242E4
:10550000B3FBF2F3A4F88C31B4F86832A4F88E310E
:10551000B4F86A32A4F8903105F069F80221204607
:1055200004F056FE002384F88630032384F8893083
:1055300010BD00BFD1A80000074B93F900301844FC
:10554000142804DC10F17F0F03DB40B270471420F5
:1055500070476FF07E007047801200207F2307B5F0
:105560000DF107008DF8073000F08EFD03469DF920
:10557000070053B1094B5B785B425BB218441428B7
:1055800006DC10F17F0F05DB40B203B05DF804FBD1
:105590001420FAE76FF07E00F7E700BF80120020CA
:1055A000024B00221A705A70704700BF8012002010
:1055B000064BD3F8000138B1D3F8040120B1D3F879
:1055C0000801B0FA80F04009704700BF0060045045
:1055D000034B00221A705A7010229A70704700BF55
:1055E00084120020F8B50646022014460D4600F04D
:1055F000CBF8114B114A01275C60191D9A6002F12A
:10560000807203342D011F70DC601D83C3E9042602
:105610000022243303F80A2C0D2203F8092C084A2F
:10562000C2F83015074903C983E80300C2F80875BA
:10563000C2F83835F8BD00BF841200200300000B0B
:1056400000600450E0C4010008B5022000F09CF89E
:105650000D4B01221A7000220C4BC3F80021C3F835
:105660000421C3F808210A4AC3F8802003F57433E3
:10567000C3F88C20A3F58023C3F88C21A3F58053B5
:105680000822C3F8042508BD8412002000600450DD
:1056900003000080154A08B51378FBB100231449B4
:1056A000C1F8803001F57431C1F88C30A1F580214A
:1056B000C1F88C3108210F4BC3F80815FFF778FFAC
:1056C00088B101235370938EFF2B03D9BC213B205B
:1056D000FAF758FFDBB29370002313700020BDE887
:1056E000084000F051B810235070F4E784120020F5
:1056F0000060045000200450094B1A7862B1094B35
:10570000D3F8002152B1D3F8040140B1D3F8080115
:10571000B0FA80F04009704758787047022070470F
:105720008412002000600450064A08B513782BB19B
:10573000FFF73EFF20B192F8340008BD9078FCE7F7
:105740001020FAE78412002038B5084C0025D4F860
:105750000035032B04BF01236360C4F80055C4F86F
:10576000005500F0C5FFC4F8805038BD00600450FB
:10577000044B4022C3F88820BFF34F8FBFF36F8FD5
:10578000FFF7E2BF00E100E010B50446FFF7DCFFE1
:10579000012C06D0022C09D03CB18C213D20FAF717
:1057A000F1FE074B0222C3F8002510BD044B032273
:1057B000C3F8002502F10042C3F88020F5E700BFDE
:1057C00000600450024BD3F8A00300F001007047C2
:1057D00000C0FF00084BD3F8A423D3F8A833511C12
:1057E0009BB203D14FF6FF718B4203D002608380DE
:1057F000012070470020704700C0FF000B4B30B500
:10580000D3F89053D3F89443D3F89813D3F89C2348
:1058100005EA04030B401340013317BF0560002065
:10582000446081601CBFC260012030BD00C0FF0029
:105830000B4B30B5D3F88053D3F88443D3F8881397
:10584000D3F88C2305EA04030B401340013317BF40
:1058500005600020446081601CBFC260012030BD33
:1058600000C0FF00064B0022C3F80022C3F8182234
:10587000C3F82022C3F80C22C3F81422704700BFDB
:1058800000A0085070B5144D0346084695F82560F1
:1058900026B940F634213E20FAF774FE6BB9012E8A
:1058A0002C6A95F8241005D100F092FD2044AB69D4
:1058B000C01A70BD05F086FFF8E7012B0AD1012E52
:1058C0002C6A95F8241002D100F072FDEEE705F085
:1058D00084FFEBE70020EAE7C01200200B4B93F8AF
:1058E000310088B193F830307BB1094BD3F80024F4
:1058F00042F00102C3F80024D3F8200500F0F600BE
:10590000023818BF0120704701207047C0120020E4
:1059100000A0085008B50128084B1873084B06D0A2
:10592000022808D04FF474613E20FAF72BFE0322C0
:10593000C3F8002508BD0422FAE700BFC01200200A
:1059400000A0085008B570B9104B28311846D9602E
:105950000F4900F06FFF0130012816D940F6BE0153
:105960003E20FAF70FFE01280CD1084B29311846CA
:10597000D960074900F064FF0130012805D940F6DD
:10598000C801EDE740F6CC01EAE708BD4805002074
:10599000E8C4010008B50C4B5B78012B09D100F07D
:1059A00055FF013001280ED940F684213E20FAF738
:1059B000E9FD022B07D100F04FFF0130012802D989
:1059C00040F68A21F2E708BDC01200200A4B40F4DD
:1059D00009000A4A1B8A40F04000B3F5166F36BF33
:1059E000A3F63813A3F5166343F48073C2F808379F
:1059F000C2F84005704700BFC012002000A0085048
:105A000037B50C460546FFF785FF20462146FFF7D0
:105A1000DDFF104A01AB284692F90D2000F0A6FEEA
:105A20009DF8050000F01EFF20B140F2B1713E204C
:105A3000FAF7A8FD9DF9040000F056FC064B40F271
:105A40000312C3F8442E40F25B62C3F8482E03B041
:105A500030BD00BFC012002000A008502DE9F04169
:105A600006460C46174605F01EFF0028FBD02F4DBA
:105A70004EBB01236B7095F830301BB9A97B3846BB
:105A8000FFF7BEFF2A4B4FF47A7253F8273003F525
:105A9000FA73B3FBF2F3274AE41A274BC3F8002149
:105AA000A9690127234B214485F83070234DC5F89F
:105AB0004015C5F8C031FFF711FF044660BB002454
:105AC0002046BDE8F081012E21D102236B7095F8AC
:105AD0003030B3B995F80E803846FFF71BFF4046CB
:105AE000FFF774FF144BD3F8002442F01002C3F800
:105AF000002440F20312C3F8442E40F25B62C3F864
:105B0000482E0D4B293C0B4AC3F80421C8E74FF43B
:105B10001B613E20FAF736FDEF64D5F84C358B4219
:105B2000CDDA3046FFF70EFFCAE700BFC0120020F3
:105B30005CC501000B00008000A008500050085018
:105B400048220021014806F057B900BFC0120020CA
:105B5000024B0344187D00F516607047E8C401004D
:105B6000024B186A9B69C01A704700BFC012002020
:105B70000A4B93F82420D3E90630C01A084B03EBF4
:105B80008203DB6BC01A074B53F822304FF47A7252
:105B900003F2F313B3FBF2F3C01A7047C0120020F4
:105BA000E8C4010050C50100FF2808B504D940F23F
:105BB0000D313E20FAF7E6FC012904D0022919D064
:105BC00040F27D31F5E7002343F4801340F000708C
:105BD0000A4A43F4847340F44030C2F8203EC2F8CD
:105BE000280ED2F8203503F0F703032B05D140F23D
:105BF0009731DEE74FF08073E6E708BD00A008505C
:105C0000F8B5254E4FF48067C6F89070BFF34F8FFC
:105C1000BFF36F8F05F043FE0446204D05F0F4FE00
:105C20000121001B1E4CA861C4F8A410FFF71AFE46
:105C30000323C4F8401E2973C4F800354FF4002331
:105C4000C4F80034174B187C00F01EFE02F074FFFD
:105C5000154B164AC4F83833154BC3F8C820013A1F
:105C6000C3F8C42040F6FE72124BC4F81433124B32
:105C7000C3F804250023AB842B862B624FF480737A
:105C8000C6F89071C4F88834AB6C376103B198479B
:105C9000BDE8F84000F0C2BD00E100E0C012002005
:105CA00000A0085048050020030000800600008086
:105CB000005008500100008000200850014B58732C
:105CC000704700BFC0120020020E034B0002C3F851
:105CD000342EC3F82C0E704700A00850044B054A20
:105CE000034490731B7D03F516631382704700BF56
:105CF000E8C40100C0120020F8B5334C06460F4638
:105D000094F8313023B940F606113E20FAF73AFCF8
:105D100001232E4A84F83030D2F8003443F00103D6
:105D2000C2F8003405F0BFFD0028FBD02EBB0123D4
:105D3000A17B38466370FFF763FE6378012B02D0C6
:105D400040F61F11E1E7224AD36402F5A042136036
:105D50001F4B3046D3F84C552946FFF7F3FDA36996
:105D6000ED1A76BB1B4B4FF47A7253F8273003F5CC
:105D7000FA73B3FBF2F35819F8BD012EE8D10223F0
:105D8000A57B38466370FFF7C5FD2846FFF71EFE6A
:105D90000E4BD3F8002442F01002C3F8002440F266
:105DA0000312C3F8442E40F25B62C3F8482E6278B7
:105DB000022A02D040F62811A7E7054AD6645E60A1
:105DC000C6E705F12900D7E7C012002000A008505F
:105DD000005008505CC5010008B5FFF73FFE58B9F8
:105DE000064B0122C3F8400503F5A04302201A61C7
:105DF000BDE80840FCF726BE08BD00BF00500850B3
:105E000037B5254B4FF48061244A4FF0FF30D3F86B
:105E10008844C3F89004C2F890114FF4002220493E
:105E200004F48074C3F8002400221E4D2A86C1F8B1
:105E30004025C3F80821C3F80021C3F80421D3F892
:105E40002015C9B2D1B18DF80700C3F82022012274
:105E50001A619DF8072012B1D3F820223AB19DF8BB
:105E600007305BB940F672213E20FAF78BFB9DF8B4
:105E70000720013AD2B28DF80720EAE7FFF78AFD42
:105E80000022054BC3F820222A801CB14FF48072F7
:105E9000C3F8882403B030BD00A0085000E100E042
:105EA00000500850C012002070B50024254D264E29
:105EB000C5F84845C5F84445C5F84045C5F84C45C2
:105EC000FFF79EFF00F0B0FCC5F8C441C6F80841DA
:105ED000C6F80041C6F80441C5F8C840C5F8C4403A
:105EE000C6F80441C6F8004102F03EFE174B40F6EA
:105EF000FE72C6F83843C6F81443C5F8C041C3F86B
:105F000008254FF48062124B1C71C3E90744114B02
:105F1000C5F84845C5F84445C5F84045C5F84C4561
:105F2000C5F84841C5F84441C5F84041C5F84C4161
:105F3000C3F89020BFF34F8FBFF36F8FC3F890214A
:105F400070BD00BF0050085000A00850002008504D
:105F5000C012002000E100E0014BC3F84C0E704776
:105F600000A0085010B50FC8014C84E80F0010BD08
:105F70000C1300200A490B4B10B50124C1F8D00EB8
:105F8000D86283F83140FFF7A9FC40B9064BC3F84B
:105F9000400503200C61BDE81040FCF753BD10BD67
:105FA00000A00850C012002000500850144B9A69FD
:105FB00010441A6A824210B5124C09D30220FCF731
:105FC00041FD00230122C4F840350F4B1A610DE05A
:105FD000012298601A716264D4F844350533834213
:105FE00005D3094BD3F80C120029EFD010BD0023C4
:105FF000C4F84431054BC4F84405C4F8C431F5E78E
:10600000C01200200050085000A008500900008075
:1060100010B50E4C0346022294F825002271012887
:1060200094F82410227B4FF096000BD100F0DEF99B
:10603000074A0023A060C2F84431236A0344C2F82F
:10604000443510BD00F0ECF9F2E700BFC0120020AB
:1060500000500850044BC3F8940ED3F8002442F0CB
:106060004002C3F80024704700A00850054BD3F845
:10607000002422F04002C3F800240022C3F8942E2A
:10608000704700BF00A00850044BD3F8183703F046
:106090007F035B4203700120704700BF00A00850DF
:1060A0000028034B14BF0222012299701A70704716
:1060B000C0120020054B0022C3F84025044AD2F844
:1060C0002035DBB20BB1012313617047005008503B
:1060D00000A00850044B30B5D3E90E451B6CC0E955
:1060E00000450B6030BD00BFC0120020F8B505F0C0
:1060F000D0FB634C634D0123C4E90E01EB64D5F87A
:106100004C352364FFF746FC5F4B0022C3F808219F
:10611000C3F80021C3F80421C3F80421C3F8002107
:10612000D3F8001421F01D01C3F8001484F83120C5
:10613000227922B1D5F84421003A18BF01226178B2
:1061400001290AD1D3F81852002D3ED14E4BD3F875
:106150002032ABB145F0100512E0022933D14A4B91
:10616000D3F81852D3F80C3E003D18BF0125D807CC
:106170004FEA450558BF45F0040502B345F0010557
:10618000FFF770FBE906637803D5012B08BF45F0E4
:1061900020053C4A2678D2F848152162D2F84425D9
:1061A00084F82530237BE26184F824307EB9667060
:1061B00026712686EA071ED5E36C98472EE015F077
:1061C0000B0FDDD1C2E70025C0E70825D8E715F0A1
:1061D000110735D1013EA2784FF0960118BF012674
:1061E0003046FFF74FFBA27801463046278084F8FF
:1061F0003070FFF7F1FD15F0020024D0224B002192
:10620000D3F81C0E236D00F0010045EA8000C0F3B6
:10621000800080F0010000F0010098476378022BB5
:106220000DD123795BB1022B164A1AD1236AA168DA
:106230000B44C2F84435134B144AC3F8C421F8BDCB
:10624000FFF7DEFDB6E715F0280F05F0200104D0BA
:10625000B1FA81F1636D4909DFE7EB06DED5A36D85
:10626000ABE7012B04D040F619613E20FAF78AF91A
:10627000A368216A8B42DCD840F61A61F5E700BFBB
:10628000C01200200050085000A0085009000080F3
:10629000024B03EB8003D86B704700BFE8C40100DA
:1062A000024B03EB8003986C704700BFE8C4010009
:1062B000F8B50D4601234778014643700446284649
:1062C000164600F039F9074AD2F80431002BFBD00A
:1062D000677016B9EB78A370AB707B1E58425841BB
:1062E000F8BD00BF006004502E3008B5362854D8E1
:1062F000DFE800F05053535353534D53535353530C
:106300005353535353534B5353535353585358535B
:106310004953475345534353413F3D3B3937353349
:10632000312F2D2B29272523215A1C003F231F4ABB
:10633000C2F8103708BD3323F9E72D23F7E72823E8
:10634000F5E72323F3E71F23F1E71B23EFE71823E8
:10635000EDE71523EBE71323E9E71123E7E70F2325
:10636000E5E70D23E3E70B23E1E70A23DFE7092352
:10637000DDE70823DBE70723D9E70623D7E7052373
:10638000D5E70423D3E70323D1E70123CFE74FF475
:106390009873CCE74FF48873C9E740F20D113F20A2
:1063A000FAF7F0F80223C2E73923C0E700A008504B
:1063B0004FF47A73054A584332F9112000F2E7305E
:1063C0001044B0FBF3F00238704700BF48C501002D
:1063D0004FF47A73044A00FB033032F91120104461
:1063E000B0FBF3F0704700BF48C5010038B51D464B
:1063F0000A4B33F9114003EB820305359B681C44BB
:106400004FF47A7304F6B73403FB00441046B4FB30
:10641000F3F42544FFF73CFF284438BD48C501008C
:1064200070B5064608461546FFF73AFF094B03EBE1
:1064300085039C684FF47A7304F6B73403FB064473
:10644000241A2846B4FBF3F4FFF722FF053020445A
:1064500070BD00BF48C50100024B00221A705A707F
:106460009A7070471C1300202DE9F843064601205E
:106470000F4615469846DDF82490FFF785F99DF8FC
:106480002C3006F00302284C42EA03429DF83430D7
:1064900042EA03620023C4F80425244AC4F8803089
:1064A000C2F88430A2F58022C2F884310222204B47
:1064B000C3F80825BDF828301E4A9380FB6893FA7C
:1064C00083FCBB6818BA7B6819BA3B68C4F810C56E
:1064D0001BBAC4F81405C4F81815290AC4F81C35E9
:1064E0002D069DF8207041EA0861D9F804302DBAD4
:1064F000003F21F00041D9F800001BBA18BF012766
:10650000022EC4F8203500BA41EAC7714FF00103EA
:10651000C4F8240509BAC4F82815C4F82C555370DA
:1065200008BF1370BDE8F8830060045000300850C5
:10653000002004501C1300202B4B5A782DE9F04703
:1065400004460D4622B940F241116C20FAF71AF8C0
:10655000264A03F1080E4F7803F1100603F1380CB8
:10656000DFF88C904FF00E08DF809F8403F1480A1B
:1065700004379D61C3F81C9083F82780A3F85C70F2
:1065800092E80300C3E914498EE80300D2E902014E
:1065900086E80300E91C0026196283F82660D2E928
:1065A0000401C3E90A668CE80300611C19641149FF
:1065B0005964D2E90601E21C8AE803009A650121C8
:1065C00083F85E6083F85F80C3E91866AA78A270DA
:1065D000094AC2F830E5C2F838C599701970C2F896
:1065E00004611160BDE8F0871C13002070C5010034
:1065F0000100000D0100000C00600450334B5A787C
:106600002DE9F04105460E4622B940F261116C2099
:10661000F9F7B8FF2E4A03F1380C03F1480403F1EF
:106620000807DFF8B080DFF8B0E0C3F844801E65EB
:10663000C3F854E092E80300C3E9085E8CE8030065
:10664000711C1964D2E9080184E80300F11C0024DC
:10665000996522495C6683F82E40C3E91714D2E994
:10666000040187E80300691CC3E90418D2E90601A4
:10667000EA1C03F118089A629A889A850E2288E823
:10668000030083F82F200121C3E90C44B278AA70DB
:10669000134AC2F830C5C2F8387599701B780BB927
:1066A000A321B4E70F4BC2F80441C2F80841C2F875
:1066B00080300D4AC2F88430A2F58022C2F88431BD
:1066C00002220A4BC3F80425BDE8F0811C13002008
:1066D00070C501000100000C0100000DE803000E70
:1066E0000060045001000080003008500020045079
:1066F0000C4B1A788AB100220B490220C1F8802085
:1067000001F57431C1F88420A1F58021C1F88421FC
:10671000A1F58051C1F808051A7000225A709A70CC
:10672000704700BF1C1300200060045008B50B4BDD
:10673000D3F8082122B10420FCF784F9022008BD17
:10674000D3F8042122B90520FCF77CF90320F6E7F1
:10675000D3F80004003818BF0120F0E700600450AF
:10676000014B01225A607047006004502DE9F04F40
:10677000264C85B0054698460E46174600F0C2F8EE
:1067800023788146AB4211D16378B3420ED194F99C
:106790000230BB420AD1E378834207D1A388A8F82C
:1067A000003094F9060005B0BDE8F08F012D06D049
:1067B000022D10D040F28F410620F9F7E3FE0020B1
:1067C0000DF10F033A46314600F0A2F8824620B19F
:1067D0004121A920F1E70120F2E730469DF90FB0F1
:1067E000FFF7B6F9A91E0346CDF800A04A42584665
:1067F0004A41414600F03CF8B8F80030A071A3804F
:1068000025706670A77084F80390CAE75E050020C3
:10681000014B1B681B68184790050020014B1B6843
:106820005B68184790050020014B1B689B68184760
:1068300090050020014B1B681B691847900500203C
:10684000014B1B685B69184790050020014B1B68D2
:106850009B69184790050020014B1B68DB691847AE
:1068600090050020014B1B689B6A1847900500208B
:1068700030B4044C9DF8085024680295E468A4469E
:1068800030BC60479005002000220D49134610B52A
:1068900040FA02F4E40744BFCA545C1C02F101024E
:1068A00048BFE3B2042AF3D1054AFF24D118032BD1
:1068B00001D9107110BD013301F8014BDBB2F6E7CD
:1068C000181800201BB8000021B8000023B80000F1
:1068D00049B8000027B8000053B800002DB80000E8
:1068E0005DB8000033B8000069B800003FB8000090
:1068F00043B8000035B800003BB8000059B80000AC
:1069000063B80000014B187D704700BF9013002052
:10691000042810B511D883B104280CBF10242824F2
:10692000A1420AD2064C54F8200018B141568A42BE
:10693000A8BF0A4600201A7010BD6FF01500FBE7D3
:10694000901300200728034611DC10F12D0F10DBF7
:10695000094A101890F82E0002EBC00292F93C2070
:106960009A4207D0002918BF0130C0B270471B20DF
:1069700070470020704700BF98C50100072808B580
:1069800007DCFFF7DFFF044B03EBC00393F93C0088
:1069900008BD0820FCE700BF98C50100C0B208B5DB
:1069A00020B9044B01229A601A6008BD4D21B52020
:1069B00001F002FF00E0105010F0FF0008B513D105
:1069C0000B4B01225A60DA600A4AC3F800011070CA
:1069D000D3F8082412F0010205D1C3F81021C3F83E
:1069E0001821C3F8142108BD7C21B52001F0E4FE74
:1069F00000E01050A5130020014B01221A707047CF
:106A0000A513002008B540B9064BD3F8103113B9CF
:106A1000054B187808BD0120FCE7C221B52001F024
:106A2000CBFE00BF00E01050A5130020024BD3F8AE
:106A3000080400F00100704700E01050024BD3F84A
:106A4000480400F00100704700E01050024BD3F8FA
:106A50004004C0B2704700BF00E010500749024632
:106A6000D1F84C04D1F84C1410F4803005D0D0B2D9
:106A700001F003031B1A58425841704700E01050C0
:106A800038B51A4BD3F80C34DA0304D440F27D1134
:106A90006D2001F091FE164A0124164B106A5366D0
:106AA00020F03F0094645464136CDB03FCD4136A3D
:106AB000116C03F03F03C1F30A01C1F5806181EA63
:106AC000E1750B29A5EBE17509DD3F2B04D00133FE
:106AD00003431362172DE6DC0023936438BD0B31AA
:106AE000F8DA002BF8D0013BF2E700BF00E01050CD
:106AF000000812500100008038B50B4C23781BB100
:106B000000232370FFF7BCFFEFF3108572B66378A4
:106B100003F0FF000BB9FFF74FFF05B962B6034B57
:106B200000225A6638BD00BFA8130020000812508A
:106B3000F8B5104E012704460D463318DF7004F0F7
:106B400095FE60B934B90C4B11227771B560C3F86A
:106B50000423F8BD40F229116D2001F02DFE002D17
:106B6000F7D01CB90220A847B460F2E74FF4A27135
:106B7000F2E700BFA813002000E01050044B0022F1
:106B8000191803EB80034A719A60CA70704700BFFE
:106B9000A8130020014B1882704700BFA8130020E3
:106BA000014B588A704700BFA8130020014B188A78
:106BB000704700BFA813002010B5EFF3108472B621
:106BC000064B03445A780132D2B25A705B78012BDB
:106BD00001D1FFF7E3FE04B962B610BDA81300208F
:106BE000034610B5EFF3108472B611490B445A787E
:106BF00022B940F25B216D2001F0DEFD5A78013AA6
:106C0000D2B25A705B7883B90B7D43B1094BD3F88C
:106C10000C34DB0306D44B7803F0FF002BB9FFF7ED
:106C2000CBFE02E0487D01F047FF04B962B610BD1B
:106C3000A813002000E0105010B504F01AFE0C4C10
:106C400004F014FE60B1A37D3BB90A4B01229A61A6
:106C50000423E3750023237610BD04F00DFEF9E74D
:106C600003230122E375034BC3F80423F2E700BFBB
:106C7000A813002000E01050014B01221A62704757
:106C800000E01050044B587E28B1044BD3F810019B
:106C9000B0FA80F040097047A813002000E01050BF
:106CA00038B50C4B5D7E5DB901245C7604F0E1FDE6
:106CB000094B1022C3F81051C3F80423DC6138BD1E
:106CC000FFF7E0FF0028FAD040F297216D2001F095
:106CD00073FD00BFA813002000E01050024BD87DC8
:106CE000003818BF01207047A813002038B5174C92
:106CF000237D23B940F20A316D2001F05DFD0123AF
:106D00002370A37DC3B9A37EB3B1227E013B9A4217
:106D100012DA04F0ABFD054601F068FEA37E012BFC
:106D200082BF237E0133237655B1E369C31A013351
:106D3000022B09D935B1E061BDE83840FFF77CBFCF
:106D4000236AF3E72062F7E738BD00BFA8130020ED
:106D500037B5184CA37D63B9606A00F00300FFF7F4
:106D60007DFE30B1EFF3108372B6E27D1AB103B944
:106D700062B603B030BD0122E27503B962B60823E2
:106D80000D4DC5F808334FF42073ADF80630BDF84B
:106D900006309BB25A1E92B2ADF80620002BF6D1F7
:106DA000C5F80C3184F82830FFF746FF0823C5F8F2
:106DB0000433DEE7A813002000E010502DE9F74F60
:106DC0004E4C237D002B00F096800323ADF8043059
:106DD0004B4BD3F80051D3F80891D3F8142112B9D2
:106DE000D3F818216AB10026C3F81461C3F81861FA
:106DF000C3F81061637E0BB104F03EFD667604F0CB
:106E0000ACFE3F4BD3F81031002B59D0637E1BB141
:106E100004F032FD00236376637913B102238DF809
:106E20000430003D18BF012545F01005354E0DF129
:106E3000040A334B4FF00008F71EC3F808531AF842
:106E4000010B03280AD03B7843B14FF0000B3368A5
:106E500087F800B013B19847C6F800B008F10103F5
:106E6000043601374FF00108022BE8D1B9F1000FC9
:106E700008D0234B0022C3F808210422C3F80823BA
:106E8000FFF766FF94F82860EA071D4BF6B2D3F8C7
:106E90000C7108D5E27D032A05D1A27DA2B9042296
:106EA000E27501229A61C7B1154B0022C3F80C218B
:106EB000E37D042B0DD040F26D316D2001F07CFCA0
:106EC000002DD3D00125B1E704F0D6FC0223E375F1
:106ED000E9E70223E37504F0CFFC66B1002384F8F0
:106EE0002830E37D022B01D1FFF7A6FE03B0BDE8F9
:106EF000F04F04F0C1BC03B0BDE8F08FA813002030
:106F000000E01050B013002010B5054C606A00F08E
:106F10000300FFF7A3FD0028F8D0002010BD00BF3C
:106F2000A8130020F8B5054650B10278022A07D808
:106F3000437842B9013B1F2B02D88378212B07D914
:106F40006FF0150088E0002BFAD18378002BF7D181
:106F5000634B2022C3F8A020BFF34F8FBFF36F8F86
:106F6000604EC3F8A0217D235F4CC6F80833002390
:106F7000C6F80031C6F80831C6F80C316370A3704A
:106F8000AB886382FFF752FD10B10123E370637099
:106F9000D6F80C0440F2563310F4803023821BD014
:106FA000FFF72AFD514801F05DFD4E4E60236075EC
:106FB0000022C6F804332B78A978012B627662622E
:106FC000A375A176227620D0022B17D0F3B140F220
:106FD00022516D2001F0F0FBC6F81001FFF7DEFC36
:106FE000404AD2F81031002BFBD0FFF749FD0020BA
:106FF000FFF7E2FC3E4B00225A66D3E704F039FC6F
:10700000D6F80C34D903FBD502236362FFF716FDD3
:1070100040B3FFF71BFD636A03F00303984221D1DD
:10702000AB79D3B9FFF770FFA37E63B12B7853B967
:1070300004F01CFC054601F0D9FC6FF00043002D64
:107040004BD0C4E907030123202200202375244BE1
:10705000E075C3F8A0211A62F8BD224B0422C3F8E0
:107060000423E1E71F4B012200215A61C3F80811F4
:1070700094F82410C3F840141A610422C3F80423BE
:10708000AA79002AD0D1D3F80423520702D440F2BF
:10709000D5419EE7174A1769116907F0100741F0BB
:1070A00010011161D3F808310BB904F01BFE0D4E2D
:1070B000D6F8083173B1FFF727FF27B90D4A1369D6
:1070C00023F0100313610423C6F808330023C6F825
:1070D0000831A9E704F004FEEAE7C4E90730B2E7A3
:1070E00000E100E000E01050A8130020F96A000061
:1070F0000008125000ED00E038B50C4B0C46197931
:1071000019B183216F2001F057FB60B95D790DB192
:10711000002038BD01225A71FFF74EFD2146284656
:10712000FFF706FDF4E76FF01500F2E7D413002037
:1071300038B50B4D04462B791BB19A216F2001F015
:107140003BFB50B96B790BB9002038BDFFF716FD3A
:1071500020466C71FFF744FDF6E76FF01500F4E789
:10716000D413002010B501B3F0B14FF0FF33104A33
:107170001C46E0FB0134944203D9DB216F2001F06F
:107180001BFB1A0DC3F30F100A4B42EA04324FF2F5
:107190002444B2FBF4F100EB024003FB1100B0FB0E
:1071A000F4F040EA0140013010BD0846FCE700BFA2
:1071B0003F420F00000024F4014B9B68184700BFBA
:1071C000D4130020014BDB68184700BFD413002004
:1071D000014B1B69184700BFD413002008B5064BAC
:1071E0001B7923B140F237116F2001F0E5FABDE8B9
:1071F0000840FFF77BBD00BFD4130020034B1A7972
:107200000AB9FFF7CDBC988D704700BFD41300209A
:10721000034B1A790AB9FFF7C9BC988A704700BFB7
:10722000D4130020024B1B790BB9FFF791BD7047B7
:10723000D4130020014B9B69184700BFD4130020D2
:1072400038B51D4C237933B3FFF7C2FF50B91B4D3E
:10725000C5F81001FFF7B0FFD5F81031002BFBD0B7
:10726000FFF7B0FF154B6022C3F80423636A984709
:10727000002806DB94F82E3023B10123002084F887
:10728000303038BDFFF7D6FF0028F6DA40F28D1116
:107290006F2001F091FA0A4BA3610A4BE3610A4B9C
:1072A00023620A4BA3600A4BE3600A4B2361FFF79A
:1072B00039FE0028E1D0E4E7D413002000E01050AC
:1072C000096F000085B80000DD6C000073B8000095
:1072D00079B800007FB8000038B5084B04461D7926
:1072E00025B140F2E1116F2001F066FA00F05CFE7A
:1072F0002046FFF74FFC284638BD00BFD4130020BE
:1073000008B5074800F03EFE054800F019F801F006
:107310005DF901F07FF800F035FA012008BD00BFEB
:107320000814002008B5054B1A781AB1272103204C
:1073300001F042FA5860197008BD00BF1014002017
:10734000024B986000221A705A6070471014002097
:10735000F7B51E4C2378012BDAB204D0022A2ED0C6
:10736000012003B0F0BD0DF10701606800F026FABE
:1073700065686B7DDB071CD5AB7F042B19D000F053
:1073800095FE0646A8B100F097FE2B69D5E90027C7
:107390009A18B36847F100070A332CBF012500256E
:1073A0001B1845EB01059342BD4102D3606800F014
:1073B000D3FA0023636023709DF80700D1E70DF135
:1073C0000701606800F004FAF3E700BF1014002022
:1073D00073B505460C4600F069FE0646AB7F012BEF
:1073E0001AD021462B4604F1180251F8040B9142A1
:1073F00043F8040BF9D101230DF107012846AB77BF
:1074000000F0DCF916B1012002B070BD034B04217D
:10741000986804F0C7FBF6E70020F5E71014002099
:10742000024B0621986804F0BDBB00BF1014002079
:10743000042300F1180283770023037643768376D2
:10744000C376044B196811B91A605A6070475968BD
:107450000A60FAE71C1400202DE9F843174E0024B7
:1074600007468846B368204633B928B3144B1878CA
:10747000BDE8F84301F020BB53E9061553F8082C8A
:10748000D3F80090521845F10005BA4275EB080593
:1074900010D24CB1226812682260A3F11800FFF7E5
:1074A000C7FF01204B46DFE7B268002AF5D012681B
:1074B000B260F2E71C46F5E7BDE8F8831C14002033
:1074C0009405002000232DE9F04713600646324B57
:1074D000986800285DD0A0F1180550E9063CB34239
:1074E0007CEB01040AD250F8084CE3184CF1000C74
:1074F0009E4271EB0C043CBF33468C4650F8104C56
:1075000000270A3447F10000E3184CEB000C284632
:10751000D5F81890B9F1000F3BD059E906E89E451F
:1075200078EB0C0435D290F814A019F8044CA2455D
:1075300026D08CBF01240024F4B105F11803B64510
:10754000136078EB01030CD259F8083C13EB0E03DF
:1075500048F100089E429E4671EB08033CBFB646C8
:10756000884659F8103CA9F118000A3347F1000C7D
:1075700013EB0E0348EB0C0CAD6955B1183DC7E792
:10758000B9F80440B0F81CA0A4EB0A04C4F3C0345A
:10759000D2E7BDE8F08700BF1C1400202DE9F04FB2
:1075A00085B082834F4A04460091D2F808C094F80F
:1075B0001580D0E90030BCF1000F40D0ACF11801CB
:1075C000002708F00109D1E90026934270EB060577
:1075D0006ED3B9F1000F2CD0277D0D7DAF4228D39B
:1075E0008D68AD1846F1000615F10A0A46F1000E45
:1075F000534570EB0E0219D22269D21840F10007F0
:1076000092457EEB070B01D252467746AA42B7411C
:107610000FD220460024FFF70BFF334B187801F000
:107620004BFA009B1C7005B0BDE8F08F1A46074668
:10763000ECE78A690F4622B1A2F11801C3E762465E
:10764000674618F0010F38D0A168C91840F1000B47
:10765000019192B3019DD2E9001615F10A0E4BF18A
:107660000005714576EB050527D294F814E0157DE9
:10767000AE4519D395686D1846F1000615F10A0953
:1076800046F100084B4570EB080113D22169C91877
:1076900040F1000E894578EB0E0A01D24946C646F4
:1076A000A9427EEB060EB4D3926932B1183AD1E703
:1076B0000A46C6E719468646F2E704F118035FB1A9
:1076C000BA69A261BB6103AA00200021FFF7FAFE9C
:1076D000231A5C425C41A4E7024AC4F818C09360D4
:1076E000F1E700BF1C14002094050020F8B5244CDD
:1076F0000023E360EFF3108272B621686360E160FB
:10770000236002B962B60026E36803B9F8BD9A792E
:10771000A3F11800032A07D11A6801219E7153F8BA
:107720000C3CE2609847EFE7196851B1A1F11803EA
:10773000074600229D7F042D09D09B7F032B02D199
:10774000B2B9E16017E063219F2001F035F8B0F88D
:107750001CC09D8BA5EB0C052D049D6944BF07F152
:1077600018021846002DEBD01F46A5F11803E1E7DB
:1077700013681B681360C36802218677D2E700BFD5
:107780001C14002010B50A4C2378FF2B04D04FF4B2
:1077900083719F2001F010F8064801F063F9064B51
:1077A000002220709A601A605A601A8210BD00BFD1
:1077B00094050020ED7600001C140020034B1A8A6B
:1077C00010B4541C1C8210BCFFF7E8BE1C1400202F
:1077D00037B504460D4601AA00210020FFF772FECE
:1077E000231A04F11801584258412870044804F043
:1077F000FFF910B100230120A37703B030BD00BF13
:107800002414002038B5114B044600F118011A6801
:10781000B2B11A6800209AB191420ED108B1A5699F
:1078200005601D68A94204BF12681A605A68914237
:1078300000D158600023A37707E010461268EAE7FA
:10784000034804F0D5F90028F4D138BD1C140020F9
:107850002814002037B505460C46FFF7FDFD01AAA8
:1078600028462146FFF72EFE28B100F11803034AEF
:10787000536103B030BD0346F9E700BF1C1400207C
:1078800010B5064C616904F1080004F0B1F918B1B3
:10789000606900231838636110BD00BF1C1400200C
:1078A0009C46144BF0B59D68FDB115F8043C183D9D
:1078B000834218D812F10A04D5E900364CF10001D0
:1078C000A34276EB01070BD22F69FF1846F10006A1
:1078D000A7428E4107D3B4F10A0041F1FF31F0BD58
:1078E0001C463146F7E7AD69DEE74FF0FF30014651
:1078F000F5E700BF1C14002008B5837F022B1CD1C4
:10790000437D13F0020302D00023837708BD0322D6
:10791000037643768376C3760D4B827700F11802A7
:10792000196839B91A605A600A4B1878BDE80840DE
:1079300001F0C2B859680A60F5E7837F012BE5D0F2
:10794000837F042BE2D04FF4FA719F2000F034FFC4
:107950001C1400209405002010B500F11801044605
:10796000084804F045F920B94FF4FF719F2000F05A
:1079700023FF2046FFF75CFD034BBDE8104018785D
:1079800001F09AB824140020940500202DE9F74F47
:10799000D0F810E0BEF1000F04D040F21D219F206E
:1079A00000F00AFF836890F814800193D0E9001476
:1079B000EFF3108972B6274BB3F810C09B686BB118
:1079C000019D183B0A35D3E900264EF1000A6D18D7
:1079D00044EB0A0A95427AEB060707D2B9F1000F89
:1079E00035D0C0E9001403B0BDE8F08F8A4276EBD1
:1079F00004070CD31F69BF1846F1000BAF427BEBA5
:107A00000A0B34BF0125002575B99B69D7E712F130
:107A10000A0A9D6846F1000715EB0A0547F10007C1
:107A2000A94274EB0707ECE71D7DA84509D0ECD906
:107A300012F10A019D6846F10004691844F100043E
:107A4000E3E79D8BA5EB0C052D04DED5F0E762B6D0
:107A5000C7E700BF1C140020034B187800F0FD009E
:107A6000431E58425841704738140020024B0521EC
:107A7000586804F097B800BF3814002038B5FFF7F5
:107A8000FFFE002580B1094CC4E90205256100F024
:107A9000DFFCA068022329468377C3689847D4E9AE
:107AA000060104F015F8012038BD00BF381400208D
:107AB000064B986810B520B94FF42471B02000F03F
:107AC0007BFEC3680521BDE810401847381400202C
:107AD0002DE9F74F2F4C814694F82430266A002B6D
:107AE0003AD1FFF7B9FF804618B1E38C9E4238BF08
:107AF0001E4600F0A9FD83190F46054641F100011D
:107B00001846CDE90013FFF7A5FE40B3019B00998D
:107B1000D0E900AB534571EB0B0205D2BAEB060579
:107B2000534659466BF1000728461B4AC4E9063103
:107B300000233946C4E90A57236300F059FD504633
:107B4000594604F006F8B8F1000F02D0E38C9E42CB
:107B50001DD00223114A13E04FF00008C9E794F842
:107B6000243033B12378023B012B02D8636B012010
:107B70009847002584F8245003F0ECFF2B46084A70
:107B800084F83830C9F8002003B0BDE8F08F012335
:107B9000E0E700BF381400206D7A0000D17C0000BF
:107BA000D5BA00002DE9F04780460F469146444C77
:107BB000002B6FD04FF0000AD3E90065C4F830A065
:107BC000864275EB01033CBF0D460646294630460A
:107BD000C4E9066503F0BDFFE38CB6EB080803F1CA
:107BE000640365EB070743455346BB410FDA94F83E
:107BF00024304BB12378023B012B02D8636B012068
:107C00009847002384F82430FFF726FF8246236A32
:107C100003F5E173984577F100071CDABAF1000F1C
:107C200010D0E08C274A301A65F10001C4E90A013E
:107C300000F0DEFC0623244A84F83830C9F800201E
:107C4000BDE8F0871F4A30462946C4E90A6500F0BE
:107C5000CFFC0523EFE703F07FFFFFF7B3FAE08CDB
:107C6000236ABAF1000F0BD0984209D9301A154A8D
:107C700065F10001C4E90A0100F0BAFC0123DAE76A
:107C8000F01A104A65F10001C4E90A0100F0B0FCE5
:107C90000223D0E794F8243033B12378023B012B40
:107CA00002D8636B01209847002584F8245003F024
:107CB00053FFFFF787FA03F04DFF2B46034ABBE75C
:107CC000381400206D7A0000D17C0000D5BA000085
:107CD000023970B50546032900F20D81DFE801F095
:107CE00006020840854B002283F83920002024E05A
:107CF000824C94F83830042B09D8022B28D8013B49
:107D0000012B1BD940F27911B02000F055FD053B45
:107D1000012BF7D8FFF71CFB0028E7D000F084FC0C
:107D200000F092FC06460C46FFF794FD2A460346F7
:107D300021463046FFF736FF022070BDFFF708FBF3
:107D40000028D3D000F070FC2846FFF7C1FEF3E70F
:107D5000FFF7FEFA0028C9D0012384F83930C5E7BF
:107D6000664C94F83830013B052B00F2C180DFE807
:107D700003F0032956788097FFF76EFE10B194F850
:107D8000240010B140F28311BEE7636B98470123D2
:107D900084F8243000F058FCA36A594AC01A236BB7
:107DA0009842ACBF2063236304F118000BC8C01ACB
:107DB00061F10001C4E90A0100F01AFC022384F811
:107DC000383093E703F0C7FEFFF7F6F900F03CFC0C
:107DD000A36AC21A236B9A42B8BF1A462263FFF7FE
:107DE0003BFED4E9063168B194F8240050B9E28C26
:107DF000981A434A61F10001C4E90A0100F0F8FB56
:107E00000323DCE7323B41F1FF31981841EBE2718B
:107E10003B4AC4E90A0100F0EBFB0423CFE7FFF77C
:107E20001BFE10B194F8245015B14FF4DA716BE7D2
:107E300000F00AFCA36AC01A236B9842ACBF20630F
:107E400023632846636B98470123D4E9060184F82D
:107E500024303238236B41F1FF31C01841EBE3711C
:107E6000D6E700F025FB78B194F83930002B7FF489
:107E700057AFFFF703FE00283FF452AF002384F80A
:107E80003830204B2B6057E700200021FFF7E2FC41
:107E900008B1FFF761FD03F05FFEFFF793F953E7C9
:107EA000FFF7DAFD10B194F8245015B14FF4FD71CD
:107EB0002AE700F0C9FBA36AC01A236B9842ACBF43
:107EC000206323632846636B984701230C4A84F898
:107ED0002430236BD4E90601323841F1FF31C01858
:107EE00041EBE371C4E90A0100F082FB052366E778
:107EF0004FF4047108E740F2152105E7381400201B
:107F00006D7A0000097F000002392DE9F041064634
:107F100004292FD8DFE801F0030A0C2E0F00184ABD
:107F20001378003B18BF012382F8243000201FE0A3
:107F3000FFF70EFAFAE7DFF8488000F099FA00F050
:107F400083FB0C460546FFF785FC0746D8F808007A
:107F5000FFF7D2FC002300222846C8F8083000238F
:107F60002146C8E906233B463246FFF71BFE0220A6
:107F7000BDE8F08140F23B21B02000F01DFC00BFC5
:107F800038140020064A002310B5064C02606060D9
:107F900084F838302370FFF73BF93230206210BD8F
:107FA000D5BA00003814002008B5074B5A6811688C
:107FB000064A914204D040F27521B02000F0FCFB4B
:107FC0003230186208BD00BF38140020D5BA000056
:107FD00010B5EFF3108472B6034B0421586803F018
:107FE000E1FD04B962B610BD3814002008B5094B94
:107FF0009A6822B940F29621B02000F0DDFBD3E967
:108000000621BDE808408018034A41F1000100F054
:10801000EFBA00BF38140020B17A000008B5064B53
:108020009B6823B94FF42771B02000F0C5FBBDE871
:10803000084000F0F9BA00BF3814002008B5054B1D
:108040009A6822B940F2A221B02000F0B5FBD860B6
:1080500008BD00BF3814002008B5054B9A6822B946
:108060004FF42A71B02000F0A7FB186108BD00BFD3
:1080700038140020054B1B6910B523B940F2AE211E
:10808000B02000F099FBBDE81040184738140020DC
:10809000054BDB6810B523B94FF42D71B02000F00B
:1080A0008BFBBDE81040184738140020014B98683E
:1080B000704700BF3814002008B5054B9A6822B9F4
:1080C00040F2BF21B02000F077FBD3E9060108BDE4
:1080D0003814002008B5FFF7BFFC08B1014BD88C5D
:1080E00008BD00BF381400200028ADBF00F160407B
:1080F00000F00F00044B00F56140B4BF185C90F82D
:1081000000034009704700BF14ED00E02DE9F04185
:1081100005460E46E1B9114F3B681BB1862145204B
:1081200000F04AFB38600E48FFF788FF0D48FFF764
:1081300093FF03F069FC6B7D04465B0708D503F0F1
:10814000AEFB0A34241A7C6000F090FA0028FBD0C1
:108150002B6A3146686ABDE8F04118477814002060
:108160008981000069810000064B1B6810B51BB9AE
:108170007221452000F020FB1A6A0421586ABDE8EC
:108180001040104778140020064B1B6810B51BB92F
:108190006C21452000F010FB1A6A0321586ABDE8E3
:1081A0001040104778140020024B00221A601A81F8
:1081B000704700BF7814002008B5074B1A681AB939
:1081C000B921452000F0F8FA0449D16000221A6074
:1081D000BDE80840FFF724B9781400200D810000A5
:1081E00030B587B00C46182200210546684603F0DA
:1081F00003FE637A4FF000026168C3F380030291CB
:1082000083F0010363F38202237A8DF81430224B4A
:108210008DF81520039323785BBB9DF81500D4E9F6
:1082200004324007CDE9003207D50A3B01F10A01CB
:1082300042F1FF320291CDE90032637A69469DF83E
:108240001520C3F3400322F003025B0043F0010357
:1082500013438DF81530114B5868C0F30800B8B1BE
:108260001038FFF741FF98B92846FFF7B1F807B07B
:1082700030BD2369049303F00CFB9DF815305B07B8
:1082800044BF029B0A33CDE9000148BF0293D4E703
:10829000284603F00AFBEAE70D81000000ED00E04C
:1082A00008B50A4B02465868C0F3080040B11038C0
:1082B000FFF71AFF20B91046BDE8084003F03BBBAA
:1082C0001046BDE8084003F007BB00BF00ED00E02A
:1082D00070B50B7886B023B140F21F21452000F025
:1082E0006BFA4C7A4FF000060593C4F380034D6897
:1082F00083F00103029563F382060B7A8DF8143044
:108300000F4B8DF8156076070393D1E90431CDE961
:10831000003107D50A3B05F10A0541F1FF3102950D
:10832000CDE900319DF81530C4F34004694604924C
:1083300064F341038DF8153003F0B7FA06B070BD51
:108340000D8100007FB503F0A4FA002305930B4BC9
:10835000039340F21E2302934FF0FF33CDE9000157
:10836000694607480493FFF733F818B9B021432052
:1083700000F022FA07B05DF804FB00BFA9830000FB
:10838000B014002010B5074C94F820304BB9FEF71C
:108390001FFF30B9012384F82030BDE81040FFF7FB
:1083A000D1BF10BDB014002008B505292DD8DFE8D5
:1083B00001F0032E282C2C0D03F067FA144803F06B
:1083C00025FB1E38BDE8084003F065BAFEF700FF44
:1083D00038B10F4B002283F82020BDE80840FFF79A
:1083E0001FB803F054FA08B903F04FFA00214FF414
:1083F000007003F0DBFA0028E0D1CE21432000F02A
:10840000DBF9BDE80840FFF79DBFDA21F6E708BDBC
:10841000B01400204FF000430B4A0021C2F8803016
:10842000A2F58022C2F88031012302F57832C2F829
:108430000435A2F58022C2F804352022034B1846E9
:1084400083F8201003F0D8BC00400C50B01400207A
:1084500008B50AF0FDF8054AD2F8583743F0010391
:10846000C2F85837BDE80840FFF78CBF00200E5017
:1084700008B50AF0FDF80B4AD2F8583723F001038B
:10848000C2F858370122084B5A604FF0FF32C3F848
:1084900008232022054BC3F89021BDE8084000F0D6
:1084A000C3B800BF00200E500050085000E100E0AB
:1084B00008B5FEF78DFEB0B90D4BD3F800314BB9BE
:1084C0000C4A536A0133312B53620BD9812143206B
:1084D00000F072F903F0DBF908B18521F7E703F04A
:1084E000D2F9012008BD034B00225A62F9E700BF10
:1084F00000E01050B014002040F20251014808B5CD
:1085000000F050F924D501001848202208B5C0F821
:108510009020BFF34F8FBFF36F8F154BC0F89021A2
:10852000D3F8041521F00301C3F80415D3F8081596
:1085300041F00301C3F8081592FAA2F1B1FA81F1F2
:10854000092904DD40F29F310A4800F02BF9C3F8F5
:10855000101501215960D9604FF00041C3F8801017
:108560004FF0FF31C3F80813026108BD00E100E0DD
:108570000050085024D50100124B4FF4E062C3F8BC
:1085800038230022C3F8AC25C3F8BC25C3F8CC259A
:10859000C3F82021C3F82421C3F8282120220A4B44
:1085A000C3F89C21C3F89C20BFF34F8FBFF36F8F9C
:1085B000C3F89020BFF34F8FBFF36F8FC3F89021A4
:1085C000704700BF00200E5000E100E008B5FFF743
:1085D000D3FF054B4FF4A062C3F834232022034B92
:1085E000C3F89C21DA6108BD00200E5000E100E0D4
:1085F0000B4B10B51C681CB14B21042000F0DCF8BB
:10860000B1F5801F1A6001D3FFF776FF054B0122F9
:10861000C3F8A005C3F8A415C3F8AC2510BD00BF6E
:10862000D814002000200E50054A136833B10023EF
:108630000449C1F8AC35C1F820311360704700BF60
:10864000D814002000200E5030B54FF0FF30064CFB
:108650006FF04041D4E90023904271EB0305F9D358
:108660001046C3F3130130BD40270E5008B5FFF785
:10867000EBFF044BD3E90223904299412CBF012028
:10868000002008BDD814002010B5FFF73DFF0F4CA7
:108690000023C4F8BC35C4F82431FFF7D5FF0A30F5
:1086A00041F10001B1F5801F01D1FFF725FF4FF027
:1086B0000043C4F8B005C4F8B415C4F8A4310123CC
:1086C000C4F8BC35024BC3E9020110BD00200E50B6
:1086D000D8140020144BD3F8342312F4A06F10B533
:1086E00003D1FA21042000F067F8D3F8202162B109
:1086F00000220E49C3F8AC25C3F820210B6813B93A
:108700004FF48171EEE70A609847074BD3F82821B0
:108710004AB10022C3F8CC25C3F82821034BBDE899
:1087200010401B69184710BD00200E50D8140020BF
:10873000014B1879704700BFF0140020044B1A79E0
:10874000824283BF1B68602202FB0030002070471A
:10875000F0140020BFF34F8F0549064BCA6802F49E
:10876000E0621343CB60BFF34F8F00BFFDE700BF54
:1087700000ED00E00400FA05084B01225A604FF0BA
:10878000FF32C3F808238022054BC3F88820BFF3CB
:108790004F8FBFF36F8FC3F888217047007004506C
:1087A00000E100E008B572B6024B5B6803B1984780
:1087B000FFF7D0FFF81400201FB572B6144B5C68A9
:1087C00094B9FFF7C7FFB2FBF6F22B465D1C002AF7
:1087D000F9D1DBB203F110056D4405F80C2C0A2227
:1087E00033B901A8A047ECE7024600230A26EDE7CB
:1087F000013BDBB203F110050DEB0506B0FBF2F512
:1088000002FB1500303006F80C0C2846E8E700BFE4
:10881000F8140020F8B5234F05460C4616463B7861
:10882000002B3CD103F021F87E601F4B01263C81D8
:108830004FF48062C3F8A4601C4BC3F89020BFF3D0
:108840004F8FBFF36F8FC3F89021FFF795FF184B41
:10885000002D14BF28461846FEF7F2FC0546E0B985
:10886000FFF7A2FCFEF7DEFC03F08BF9FEF748FDF4
:1088700018B9B8211120FFF79FFF002C0BDB04F083
:108880001F036409A4009E4004F1604404F56144A0
:10889000C4F88061266001233B702846F8BD4FF084
:1088A000FF35FAE7F814002000A0085000E100E0CE
:1088B000B0C60100074BB3F90830002B09DB5A0999
:1088C000012103F01F03994002F14003024A42F8DC
:1088D00023107047F814002000E100E0014B1878E5
:1088E000704700BFF81400202DE9F84F074689466D
:1088F00093469846374CDFF8E0A0384D2E78013685
:10890000F6B2D5E84F3F0133DBB2C5E8403F00285F
:10891000F7D101216160C4F80001C4F80401EFF34C
:10892000108072B62E4BC5F80490AB60C5E905B354
:108930003B68C4F810357B68C4F81435BB68C4F8CC
:108940001835FB68C4F81C35264BC4F83035103395
:10895000C4F83835216000B962B6D4F800312BB9BB
:10896000D4F8043113B92B789E421CD0B8F1000F13
:1089700009D00A9B3BB1D4F840350A9AC8F80030B8
:10898000D4F83C351360D4F80431002BB5D12978E4
:10899000B142B2D1C4F80031C4F804310323C4F8A1
:1089A0000833BDE8F88FDAF81030DB06D5D503239D
:1089B0008021C4F804330C4BC3F88811D4F800317B
:1089C000002BCAD1D4F80431002BC6D103F088F9AA
:1089D000C3E700BF0070045000ED00E00415002064
:1089E0001000000B0815002000E100E01A4B4FF4C6
:1089F000000270B5C3F89820BFF34F8FBFF36F8F9D
:108A0000164C0021164DC4F80011C3F898212E69A8
:108A10002B6906F0100643F010032B610123C4F804
:108A200004332360D4F800319BB11EB92B6923F0C5
:108A300010032B610123D4F808054FF40002636092
:108A4000C4F808330023C4F80031034BC3F898215D
:108A500070BD03F045F9E5E700E100E000700D505E
:108A600000ED00E038B50B49042301EBC302157992
:108A700005F0FF042DB1013BF7D240216920FFF73B
:108A80009BFE41F8330001215471D8B294711171E9
:108A900038BD00BF28150020042808B503D9472198
:108AA0006920FFF789FE034B002203EBC0031A7114
:108AB00008BD00BF28150020042808B503D950219F
:108AC0006920FFF779FE094B03EBC0000379012B06
:108AD00001D05121F4E7437982790133DBB29A4224
:108AE00018BF4371BDE80840FFF7E4BE2815002019
:108AF00038B505240F4D95F8281005EBC1031A79F8
:108B0000012A09D158799A79904205D05A79D2B27E
:108B10009A7155F83130984795F82830013C013367
:108B2000DBB2052B28BF002314F0FF0485F82830A2
:108B3000E1D138BD28150020094B0A4AC3F80023AB
:108B40000132C3F80C230132C3F818230132C3F8F1
:108B500020230132C3F81C230132C3F810217047CF
:108B600000A0085004000080074B0022C3F8002337
:108B7000C3F80C23C3F81823C3F82023C3F81C231D
:108B8000C3F81021704700BF00A00850844641EA96
:108B9000000313F0030359D1403A33D3F0B4F0C9C2
:108BA000F0C0F0C9F0C0F0C9F0C0F0C9F0C0403A60
:108BB000F5D2F0BC26E0403A24D300BF0B68036036
:108BC0004B6843608B688360CB68C3600B6903614B
:108BD0004B6943618B698361CB69C3610B6A036233
:108BE0004B6A43628B6A8362CB6AC3620B6B03631B
:108BF0004B6B43638B6B8363CB6BC3634030403100
:108C0000403ADBD230320BD30B6803604B684360D1
:108C10008B688360CB68C36010301031103AF3D298
:108C20000C3205D351F8043B40F8043B043AF9D226
:108C3000043208D0D2071CBF11F8013B00F8013BF9
:108C400001D30B8803806046704700BF082A13D306
:108C50008B07B0D010F00303ADD0C3F10403D21AD8
:108C6000DB071CBF11F8013B00F8013BA3D331F82F
:108C7000023B20F8023B9EE7043AD9D3013A11F8AF
:108C8000013B00F8013BF9D20B7803704B7843703D
:108C90008B788370604670473BBE000047BE000083
:108CA0004BBE000053BE000057BE000053B94AB986
:108CB000002908BF00281CBF4FF0FF314FF0FF30E4
:108CC00000F00CB8ADF1080C6DE904CE03F0D5F856
:108CD000DDF804E0DDE9022304B07047704700BF0F
:108CE00008B5F7F79DFDF9F7A1F9F7F787FC002024
:108CF00008BD00F056BF00F057BF03460222002017
:108D00001A70052258709A702722D8705A7103225F
:108D100018719A717D22DA7153221A7204225A72E2
:108D20006FF072029A726FF00102DA72704700F00F
:108D30007EBD70B50446FCF745FD012805461AD1F5
:108D4000601CFCF747FDB0B1A3790020E61D63F07D
:108D50003F03A371F9F768FA38B1102200213046B9
:108D600003F04AF80020257070BD3046FCF746FD40
:108D70000028F2D0F6E70025F4E710B504461022EB
:108D8000002103F039F804F11003102200211846E5
:108D900003F032F8FCF74CFD0020F9F745FA20B15A
:108DA0002046FCF72BFD002010BDFCF70BFD002832
:108DB000F6D0F8E710B50446FFF718FEB0F5007FCF
:108DC00009DA10F5007F08DD031EB8BF03339B10DE
:108DD0000020237010BD7F23FAE76FF07E03F7E7D2
:108DE0008178008800F093BE37B505460C460088B0
:108DF0000DF1060100F0C0FD2B882380BDF8063080
:108E0000638003B030BDF7B504462046F9F73CFD5A
:108E1000022805462ED004282CD12378072B18D100
:108E20003E20F7F711FD78B9E37801A92279684669
:108E300043EA0223ADF8003000F01EFE0028E4D023
:108E400053210820F7F79EFB0520F7F741FD002886
:108E5000EAD0204600F013F82678A7783046F7F7D6
:108E6000F3FC0028D1D03E2E04D13846F7F730FD70
:108E70000028CAD0284603B0F0BD01F06ABB10B587
:108E800003780446192B12D89BB1013B182B10D83C
:108E9000DFE803F014190F444A50565C60627278A0
:108EA0000F0F0F1D666C7C82888E949AA000FF2B9A
:108EB00033D04FF4ED71C720F7F764FB0C23037038
:108EC0000823637029E01A2303700123F9E729209E
:108ED000F7F7FEFC30B13E23237022236370292371
:108EE000A3701AE00A20F7F7F3FC3E23237018B1B1
:108EF0001F2363700A23F3E70123A3701F2363700A
:108F0000E37903F00103E371D4F81A30C4F80E30AA
:108F1000E38B638294F82030237510BD3E230370E9
:108F2000042343701423DBE73E2303700C234370B8
:108F30000423D5E73E2303700A2343700323CFE7BE
:108F40003E2303700D2343700523C9E705232370D7
:108F50000423B6E70823FAE7302303700323B0E7BE
:108F60003E2303700B2343700723B9E73E230370AE
:108F7000062343700C23B3E71323037083789B000D
:108F800001339EE75723037002239AE73E230370C1
:108F9000062343701223A3E73E2303700923437083
:108FA00013239DE73E23037005234370202397E797
:108FB0003E23037009234370212391E7FF230370AD
:108FC0000B234370A2238BE7FF2303700523437019
:108FD000A32385E7FF2303700D23437080237FE7DE
:108FE00008B510B96FF0150008BDFFF746FF00285F
:108FF000F8D00020F8E710B50C4648B141B1FFF7B2
:1090000002FF002820700CBF6FF02200002010BD6E
:109010006FF01500FBE7F8B5941C0E4605461746A1
:109020000C446343B3F5004FA8BF4FF0FF3310F07B
:1090300003019CB203D0B0211420F7F7A3FAB4F5D2
:10904000004F01D9B121F7E71422043002F0D4FE19
:10905000EF746C802E80F8BD38B50388C4888B42CD
:109060000589C4F30E0203D2D1211420F7F78AFA3E
:1090700084EA0503C3F30E030BB9AC4206D102F137
:1090800018030122C1528274184438BD1846FCE707
:10909000023101444A43B2F5004FA8BF4FF0FF32FE
:1090A00090B21B3020F00300B0F5004F34BF00B287
:1090B0004FF0FF30704740881B3020F00300B0F5C0
:1090C000004F34BF00B24FF0FF3080B2704738B568
:1090D00003888B4203D2F7211420F7F753FA857CDB
:1090E00065B1C388C3F30E031833C25A8A4207D34B
:1090F000C152811DF7F700FC00238374284638BD58
:109100000025FBE703461830F0B59E88DD88B4B231
:10911000C6F30E06A54214D05F89DD7C845B3D4416
:10912000E41B0235A4B2354428440D88A54284BF0F
:109130000C8025465989B1FA81F149091170DD8108
:10914000F0BD00252846FAE7F8B582880026C389D5
:1091500004460D4692B20E60CBB14189C2F30E02B5
:109160000B4418329BB28718825A4381934204D928
:109170004FF4A2711420F7F705FA04D1011DF7F797
:10918000BBFB46812F6000230120E381F8BD184618
:10919000FCE78388014602899BB29A4202D00831DB
:1091A000F7F7AABB70478388C0889BB2C31A58429E
:1091B00058417047828873B595B2C488C2F30E02D5
:1091C000AC4202F1180212D04189C689835A314457
:1091D00099420EDB0DF10601ADF80650F7F78CFB56
:1091E000BDF80600001B18BF012002B070BD0020B2
:1091F000FBE70120F9E770B5C488034606891830FB
:10920000C4F30E0584EA0602C2F30E020AB9B442A0
:109210000FD19C891A880CB1465B921B914207DCE6
:10922000DA7C2C440232224410440A461A8270BD71
:1092300000221046FAE7F8B5038A002B38D08B429B
:1092400036D3C48800F118038589C4F30E041E19AF
:1092500095B91D55757085891E5B0D443144ADB2BD
:1092600085811953D2B1811DF7F746FB0023838115
:10927000002303820120F8BD1E5BAE4204D04FF4F0
:10928000F6711420F7F77EF9C57C2644878A0235EB
:1092900035445E195F53857DB570DCE7C27C25449B
:1092A00002322A4499189B5A83828B788375DFE7B0
:1092B0000020E0E78388C2889BB29A4206D04289A8
:1092C00022B9C3F30E0318331844704700207047C7
:1092D000C37C0233C81870470230704738B58388A2
:1092E000C2889BB29A4207D045892DB9011DF7F774
:1092F00003FBC581012038BD0020FCE703881380F3
:10930000C388C3F30E031833034480890B6070478E
:109310000368002223B9C0E90132031D03607047CE
:1093200059681B680A44F5E70729034670B504D855
:109330004FF4EC711520F7F725F90068C0B14468C7
:1093400006461A688C4210D0106860B901F1080511
:10935000AC420DD3546850501868651A5418006810
:109360006560505002E01346E9E7146830461C601F
:1093700070BD0023C1E9003203680B6001607047D3
:1093800030B590B18478B1FBF4F304FB131300EB18
:10939000430252898A4201D1D8B230BDC27822B983
:1093A00000F10803D0B2844201D8FF20F5E733F87A
:1093B000025F01328D42F5D1EFE7827803880532F2
:1093C0004B4303EB42031844704737B5002405466E
:1093D000CDE900448DF806006846ADF80440F7F783
:1093E0005FFCBDF8044008B103B030BD29462046FB
:1093F000F7F732FC0028EFD040F235211720F7F7BD
:10940000C1F870B51E460D460921FFF741FE04461E
:10941000324609212846FFF73BFE40EA04031B04BD
:1094200054BF00194FF0FF3070BD01230370704727
:1094300010B5FF238B70C2F3800301245B00DBB205
:10944000CA18127D032A08BF0133CA18147503F124
:109450000C04002201EB830321F814205B688A705E
:109460000360828010BDF8B50C46054611461E46C5
:1094700084F001046400E4B2FF23837003191B7DB0
:10948000012B05D00134E4B203191B7D012B0AD155
:1094900005EB44073B8B3A8C9819904205DD00237D
:1094A0002C443B8323750020F8BD05EB8404324631
:1094B00060681844FFF76AFB3B8B1E443E83002321
:1094C000AB700120F0E781F00101490010B5C9B28D
:1094D000FF23837043181C7D012C07D10C3120F829
:1094E000112002221A750023837010BD0131C9B208
:1094F00043181C7D012CF1D04FF499710920F7F726
:1095000041F8024630B5837803F0FF00F3B9137DCC
:10951000022B19D0537D022B15D10346012089B1AE
:109520000024D5180C332C7522F81340131803248B
:109530001C7502EB80035B680B6000F10C0332F8D2
:1095400013308B80012030BD0123E8E70020FAE7CB
:10955000034630B5827802F0FF00E2B99A7D022A14
:1095600017D0DC7D022C13D1032281B11D190020FC
:109570000C34287523F8140098180324047503EBA1
:1095800082000C32406833F8123008608B80012072
:1095900030BD0324E9E70020FAE7037D012B01D168
:1095A000008B7047437D012B0CBF408B0020704720
:1095B000837D012B01D1808B7047C37D012B0CBFB4
:1095C000C08B00207047027D022A01D1008B7047BA
:1095D000437D022B01D1408B7047032AF6D0032B29
:1095E000F9D000207047827D022A01D1808B70471C
:1095F000C37D022B01D1C08B7047032AF6D0032B09
:10960000F9D000207047F7F739BCF7F77DBC10B5EB
:10961000044638B1F8F734FD24EA0000B0FA80F0CF
:10962000400910BD0120FCE7002307B5CDE9003358
:1096300001238DF806306846F7F732FB08B10020A9
:1096400004E0009801F04BFD0028F4D003B05DF871
:1096500004FB1FB5002240F6881303A90092FDF712
:1096600007F905B05DF804FB10B5FFF7DDFF60B149
:10967000F8F776F9044601F075FE40B9204601F08E
:109680006DFE80F00100C0B210BD0120FCE700209B
:10969000FAE72DE9F04385B006468846008802A91E
:1096A00000F06BFD054640BB039C94F8593103F074
:1096B000FF051BB1B8F1020518BF012594F88630EB
:1096C000262B94F8D53043EAD3030CBF85F001096B
:1096D0004FF00009DB0702D4B9F1000F3BD0B77897
:1096E00017B9F8F7CDFC0746F078B0BBF8F7C8FC1F
:1096F0003FB9B9F1000F29D10925284605B0BDE8C9
:10970000F0830028F5D0FF2384F825310DBB94F8B1
:10971000243103F0FF05E3B984F8270101A984F897
:109720002481204684F82671B3788DF80430F378CC
:109730008DF805303379727943EA0223ADF80630AB
:1097400000F0F1FC002384F82531D6E7002007461D
:10975000D9E73A25F6E71A25CFE7002FD3D1C8E796
:10976000406890F8AA3123B1002380F8AA3101F0B3
:10977000A8BB7047102243F2A3030270C2705922A3
:10978000A0F801308280C38000207047082108B50E
:10979000F7F738F8002008BD73B5064600880C4678
:1097A0000880694680B200F0E8FC054640B9B3780D
:1097B0004BB9019B93F97000A070FBF7BDFEA07040
:1097C000284602B070BD7F20FFF743FFF4E710B5D5
:1097D00004466FF07F00FFF73CFFFBF7ADFE207003
:1097E0007F20FFF736FFFBF7A7FE6070002010BD5B
:1097F00010B50446F8F7B4F801F0ADFDFBF79CFE98
:109800002070002010BD0A4600F1100108B50723A2
:1098100002F05CFA002008BD10B5014604460020A5
:10982000F8F7E8FC08B92060A080002010BD10B552
:109830000446F8F7F5FB28B900202146F8F7C2FCEA
:10984000002010BDFFF710FF0028F5D10C20F8E72D
:1098500010B50446FFF708FF28B101202146F8F7AC
:10986000B1FC002010BD0C20FCE737B500880C4689
:109870000D46694624F8020B80B200F07EFC70B9F8
:10988000019B03F18E0283F8BF00116821601179FA
:10989000217193F8BF100029F5D103B030BD00232A
:1098A000C5F802302371F8E713B500880C4608802C
:1098B000694680B200F061FCC8B9019B83F86A0078
:1098C00093F86820012A06D0022A04D040F2113110
:1098D0000620F6F757FEA27093F86920012A01D0FE
:1098E000022AF3D1E27093F86A20002AE6D102B08E
:1098F00010BD10B583880446022B10D8C078FFF73E
:1099000086FE08B9112010BDA078FFF780FE002860
:10991000F8D020460121BDE81040FFF7BABE122062
:10992000F1E737B58378C17803F00104027903F0D9
:10993000020351EA04051DD052EA03051AD0002C97
:1099400018BF0021002B037818BF00228DF80210E9
:109950008DF80320427843EA0223ADF800304379C2
:109960008279684643EA0223ADF80430FFF7C1FF6D
:1099700003B030BD1120FBE713B50C46694600F07B
:10998000FCFB20B9019BB3F87E300133238002B089
:1099900010BD07B50088694600F00BFC30B9019B8B
:1099A00093F82B2112B9FF2283F82B2103B05DF825
:1099B00004FB10B50446F8F75DFB206000206160F1
:1099C00010BD37B50446F7F7CBFF054623781F2BAC
:1099D00018D8816A04226846FFF72AFD2246002132
:1099E000A86A12F8013BFFF73EFD68B1AC6A204659
:1099F000FFF7DEFD002102462046FFF764FD002050
:109A000003B030BD1220FBE70720F9E737B5044665
:109A1000F7F7A6FF054623781F2B18D8816A002286
:109A20006846FFF705FD22460121A86A12F8013BAE
:109A3000FFF719FD68B1AC6A2046FFF7AEFD0121C2
:109A400002462046FFF73FFD002003B030BD122044
:109A5000FBE70720F9E710B5044634F8020B08804D
:109A6000002180B2F7F7E2F820B12146BDE81040AE
:109A700001F04DBE022010BD008808B5088000210D
:109A800080B2F7F7D3F820B10021BDE8084001F01B
:109A90003EBE022008BD13B500880C46088069460A
:109AA00080B200F06AFB18B9019BB3F8B030638054
:109AB00002B010BD37B5038804460B8098B26388A6
:109AC00013B9122003B030BD694600F056FB0028E0
:109AD000F8D1658842F21072019BA9B29C6951438A
:109AE000DA8D62431C8C04FB02229142E9D39A690D
:109AF0009C699442FBD10022A3F8B050C3F8A8207F
:109B0000621E0A44B2FBF4F2C3F8AC20DAE710B5E7
:109B10000C460021F7F78AF890B1022C12D804F015
:109B20000102C4F3400480F8AD2180F8AC4112B1C9
:109B300090F8AA310BB9002010BD01F0C2F9FAE784
:109B40000220F9E71220F7E710B504460078FF2855
:109B50000AD00121F7F76AF858B16378A27843EA8E
:109B60000223C383002010BDB4F80100FAF790F877
:109B7000F8E74220F7E708B50078003818BF012061
:109B8000F9F7EEFF002008BD10B50446F7F7E8FE30
:109B90006178C1F3400201F0010101F0FDFB0020FA
:109BA00010BD0820F8F75ABA01F0DCBD10B5044624
:109BB00004B910BD236898476468F9E703680BB9D6
:109BC000016070471A465B6813B18A42FAD1704748
:109BD0008A4218BF5160704708B5FAF75FFCF9F781
:109BE000B3FFBDE80840FAF741BC08B50020FFF715
:109BF000ECFBF7F7DFF8F8F79FFAF7F791FD20B1E4
:109C000040F221119320F6F7BDFC08BD08B5F9F725
:109C100069FFFAF719FC20B140F241119320F6F7E1
:109C2000B1FC0120BDE80840FFF7CFBB08B5FFF746
:109C3000EDFF01F054FD20B14FF4AB719320F6F726
:109C4000A1FC08BDFDF7DABA0B46122203F8032B7C
:109C5000D0F80920C1F80320427B1A71704737B54C
:109C600004460D46F7F796FE18B36FF4A873022169
:109C7000E01803886846ADF8003034F8ED3CADF8E4
:109C8000023034F8EB3CADF80430FFF702FD18B1B8
:109C90004221AE20F6F776FCADF800009DF80030CA
:109CA000002063F307009DF8013063F30F2003B039
:109CB00030BD18232B70D4F80930C5F803300423C5
:109CC000ADF80030EAE738B5436804460D4693F82E
:109CD0002421012A12D11E21F8F7F4F963688DB10D
:109CE000182283F80921092283F8852093F8BE30D1
:109CF000E3B940F2DA21AE20F6F744FC002283F803
:109D00002421EBE793F88620A2F12401062901D94A
:109D1000322A05D10022204683F8862000F02BFD50
:109D200020461821BDE8384000F04DBD002038BD68
:109D300008B5436893F885201AB18521AE20F6F75F
:109D400021FC242283F8852008BD034610F0010081
:109D500002BFC3F340035B00D8B270472DE9F84F50
:109D6000074610461E4642EA0104FFF7EEFF83460F
:109D7000084692464BEA0404FFF7E7FF88460A9D2F
:109D800004438146E4B2003C18BF0124F8F778F997
:109D900010EA0A0A18BFDA46F8F772F997F868303D
:109DA00010EA080118BF4946534508BF4FF0000AA2
:109DB00085F800A097F869308B4208BF00216970D0
:109DC0005AEA01010BD1B7F87E30013EF61A47F688
:109DD000FD73B6B29E428CBF002404F001042046FD
:109DE000BDE8F88F70B54468064694F88650A5F132
:109DF0002403062B45D9322D43D0002D3FD194F8B2
:109E00008530292B3DD04B7813F007032DD08A786D
:109E100012F0070229D084F8612084F8603094F8A9
:109E20002531D3B994F82431012B16D094F8602051
:109E300094F869309A421ED194F8612094F8683001
:109E40009A4218D10223B4F8642084F82431B4F87B
:109E50006630A4F82621A4F828312623304684F859
:109E6000863000F07EFC284670BD30460978BDE89B
:109E7000704000F0A8BC3046F8F74CF9EDE701253A
:109E8000F1E72025EFE72DE9F04F456887B004465C
:109E900095F885B0ABF12503D3F1000848EB030832
:109EA000052A6FD195F88630272B71D186358A78AF
:109EB0004F7802F0070A039207F007090AF1FF3012
:109EC00009F1FF3300EA0A0003EA0903034364D1FE
:109ED000B1F80360F8F7D4F8039A174307F00707BF
:109EE00087435AD15046FFF730FF6768A8B197F80B
:109EF0006830984211D097F826211AEA020F4CD008
:109F0000BBF1250F09D097F861201AEA020F04D19E
:109F1000022870D1013B012B71D84846FFF715FF8D
:109F200040B197F86930834204D097F8273119EA95
:109F3000030F32D005AB38465246494600933346AC
:109F4000FFF70CFF6368074668BB93F82421012ADA
:109F500026D101462046F8F7B5F82F70636803F163
:109F60008602954202D1002283F88620636803F1BD
:109F70008602954239D1204600F0FDFB002007B053
:109F8000BDE8F08F414607B0BDE8F04FFFF79BBE3C
:109F9000BBF1250F2DD1853589E741462046F2E7F3
:109FA00083F82401DAE7B3F87E20A3F85C62013E6F
:109FB000B61A47F6FD72B6B2964206D92822204656
:109FC00083F8A720F8F74EFFD0E793F886200D2AF4
:109FD00002D00A3A012A01D82A22F0E7BDF814205B
:109FE000A3F85E2229232B70C0E7002283F8BE204D
:109FF000C4E70220C3E7012B8FD0022BCDD04FF452
:10A00000E4710620F6F7BEFA08B5436893F8862097
:10A01000262A05D022B140F24541AE20F6F7B2FA29
:10A02000272283F8862008BDF8F786B8704730B538
:10A0300042401C7808785D7860404C786C409D7890
:10A0400020448C786C40DD782044CC786C401D79BD
:10A050005B7920440C7949796C404B40204418448A
:10A060001044B0FA80F0400930BD024600200139AA
:10A07000C9B2FF2900D17047535C83F00103034448
:10A08000D8B2F4E708B5F8F7DBF8082803D0BDE844
:10A090000840F8F7F7B808BD08B501F070FB18B133
:10A0A000BDE80840FBF740BB082008BDF8B50546F1
:10A0B0000C46D0E9047601F02AFD18B95421292074
:10A0C000F6F760FAE4B1D5E90423D21B63EB06038B
:10A0D000012A73F100014FF0000113DB6FF0010062
:10A0E0009042994101DA5E21E9E7631E1344B3FB14
:10A0F000F4F35C43E41946F10006C5E904461C4646
:10A100002046F8BD0C46FBE7022905D13C2808D9BA
:10A1100080100F3880B27047702802D9C0100E38F6
:10A12000F8E70020704738B50D460446F7F7A8FF5A
:10A130002B78002B08BF034684F864306B78002B23
:10A1400008BF034684F865306B88A4F8663038BDD4
:10A15000012908B5034605D002290BD0D8212920B2
:10A16000F6F710FA40F6C41040F2E242002B08BFA6
:10A17000104608BD40F6C410FBE710B50C460021A0
:10A18000F6F754FD606018B101230020237010BD64
:10A190000220FCE7436893F88400C0B293F8A6302D
:10A1A0002BB900F0FB00003818BF012070470020D9
:10A1B000704710B50C46FFF7E0FF38B92046FFF7AF
:10A1C000E9FF80F001004000C0B210BD0220FCE7B2
:10A1D00070B504460D4641BB4FF4227201F00CFEEF
:10A1E000012384F8DA5084F88D306FF0360384F858
:10A1F000D530042384F8D6306FF03B0384F8D73091
:10A200006F2384F8D8306FF03C0384F8D9306FF0B6
:10A210007F0384F8DB302B2384F8D430FE2384F8CA
:10A220000E317F2384F8833070BD012911D10023C2
:10A23000A0F8B43180F8AB3140F6B8338269A0F8A9
:10A24000B0301146438C04F17800BDE87040F8F757
:10A25000CFB90229E8D1B0F86A32D0F86422816916
:10A26000F1E7C2B292FAA2F2030A93FAA3F31B0E29
:10A27000100E40EA03207047013105300022C9B2B8
:10A2800070B510F8013F8B4216D310F8054C00232F
:10A29000012505FA03F626421CBF01F1FF31C9B2C0
:10A2A00069B10133082BF4D10132D2B2052AE8D1C9
:10A2B0009B214620F6F766F9C91AC9B2F4E703EB09
:10A2C000C200C0B270BD0B6870B5C0F80130044662
:10A2D0000B790546461D03F01F0343710023C3722B
:10A2E00015F8010F00F023FA6871B542E37A1844BB
:10A2F000E072F5D170BD81EA114170B58CB20546AE
:10A30000C17A032682EA0400FFF7ABFF013E00EBAF
:10A31000001016F0FF0604EB000290B2F4D14440A6
:10A320002522B4FBF2F302FB1343C3F3C402D8B2F9
:10A3300003F007032A445678012202FA03F31E426F
:10A3400007D161432846C1F30741BDE87040FFF7DC
:10A3500093BF70BDF8B590F8205004466B1E242BB7
:10A3600003D9E1214620F6F70DF9DAB1407D002846
:10A3700043D194F8223094F8211002FB01322523B6
:10A38000B2FBF3F103FB1123DBB204EBD30203F0C6
:10A39000070684F82230917D0122B240114202D09A
:10A3A00084F82330F8BDB3FBF5F205FB123304F15A
:10A3B0001A01013303F0FF0311F8012F9A4219D358
:10A3C00011F8055C0022012606FA02F72F4208D098
:10A3D000013B13F0FF0304D102EBC00284F82320F9
:10A3E000E0E70132082AEFD10130C0B20528E3D1FD
:10A3F000D721B7E79B1ADBB2F6E7E28804F1150034
:10A40000C969FFF778FF84F82300CBE70378890157
:10A4100023F0400301F040010B43037070470378C1
:10A4200003F07F0343EAC113037070471F2A38B556
:10A430000546144603D9C2212A20F6F7A3F80634AC
:10A440000930FEF7A3FB6C7038BD1F2A38B50546EE
:10A45000144603D9E4212A20F6F794F8063409308B
:10A46000FEF794FB6C7038BD0378024603F00F03CF
:10A47000032B3ED0052B42D1C37F90F8200003432D
:10A4800092F82100034392F82200034392F823003C
:10A4900000F01F00184333D05378222B2FD1B2F88D
:10A4A0001930B1B1B3F5506F13D940F607518B4253
:10A4B00025D8B2F81B30B3F5FA7F20D2B2F81D00D0
:10A4C00040F676430A3880B298428CBF00200120C3
:10A4D0007047991F40F67A4089B281420FD8917D2A
:10A4E000481E07280BD8994209D2B2F81710994292
:10A4F000DEE74078A0F10C03584258417047002035
:10A5000070478388A1B1B3F5506F11D940F6075257
:10A5100093421CD8C388B3F5FA7F18D2008940F65D
:10A5200076430A3880B298428CBF002001207047E1
:10A530009A1F40F67A4192B28A4208D84278511E58
:10A54000072904D89A4202D242889A42E1E70020C1
:10A55000704743780246C3F30111012910B50ED0AC
:10A56000022915D00478022103F00F00131D528830
:10A5700044EA0020F8F778F838B1012010BD0478DB
:10A5800003F00F00131D5288F2E7F8F74DFAF4E7D5
:10A590000020F3E702230B7001238B707047F8F75C
:10A5A0001BB910B521B94FF42A711020F5F7EAFF55
:10A5B0004A600B72EFF3108472B6031D0B604268A1
:10A5C0001AB1127A012A08BF03600368196001609A
:10A5D00004B962B6BDE81040F8F748B90222F8F7AE
:10A5E00011BA0322F8F70EBA0422F8F70BBA0222C6
:10A5F000F8F74CBA11230B706FF49A731844038860
:10A60000A1F80330838FA1F80530B0F84030A1F8ED
:10A610000730C38FA1F80930B0F84230A1F80B30F1
:10A620007047012908B503D10E30C00080B208BDC3
:10A63000022902D10F308000F8E740F245210620C0
:10A64000F5F7A0FF40687047C08A70478A880B8979
:10A6500010B5CC884988A0F85440A0F85010A0F854
:10A660005220A0F8563010BD38B5C58B0446438C37
:10A67000007A9D4228BF1D46FFF7D3FF6389AB4296
:10A6800028BF2B46984238BF184680B238BD2DE906
:10A69000F041984607460E46808919461446FFF752
:10A6A000C0FF054641463846FFF7DEFF85429DF86C
:10A6B000181028BF0546B88AFFF7B3FFFB8AADB272
:10A6C000834228BF0346A01D9BB230442B4418444C
:10A6D000BDE8F08107B590F869300022962130304E
:10A6E000009390F83830FFF7D2FF03B05DF804FB19
:10A6F00038B514460D4619469634FFF7EBFF204453
:10A70000A84294BF281A002038BD38B50D4611461E
:10A710000446FFF7DFFF2844606338BD01F19C0366
:10A7200083423DBF9C38401A40080020704700F02B
:10A730005503400800F05500034403F033009B0824
:10A7400003F03303034403F00F0000EB13107047D2
:10A750004368002283F8852083F8BE20A3F8BA203E
:10A76000704743680022A3F8C02093F8C22001324A
:10A7700083F8C2207047426808B592F8C230013BA6
:10A780005BB2002B82F8C23003DA52214A20F5F77F
:10A79000F9FE08BD436883F80B1183F80A2170475E
:10A7A000A0F10A03042B0CD9A0F14703012B08D90F
:10A7B000A0F12403322818BF062B94BF01200020EB
:10A7C0007047012070474268936F10B513F008047A
:10A7D00008D143F0080382F808119367FFF7C1FF1F
:10A7E000204610BD0120FCE730F8023CF7B50546D5
:10A7F0000E4630F89E7C73B101226846ADF80170B8
:10A800008DF80020ADF80330F7F750F918B1952115
:10A810006320F5F7B7FE08230024A6F80370337011
:10A82000B4706B7A55F88A0C7371FEF7BCFC08B9EA
:10A83000BA21EDE721463846F6F70EFA4FF40173D8
:10A84000204603F004021B0A62F3070063F30F20A3
:10A8500003B0F0BD4368002093F88720063A012A30
:10A8600081BF4A7883F88820062283F887207047C2
:10A87000426892F88730063B012B84BF072382F899
:10A8800087307047426870B592F88650F5B9CB882A
:10A89000B2F87E60A2F85C32013B9B1B47F6FD7666
:10A8A0009BB2B34206D9282382F8A730F8F7DAFA28
:10A8B000284670BDD1F80130C2F85E324B7982F87B
:10A8C00062320A22436883F88620F1E70125EFE728
:10A8D0000B46062203F8032BD0F80920C1F8032009
:10A8E000D0F80D205A60427C1A720023CB7070475A
:10A8F000436870B593F8865006460C46002D3DD14E
:10A9000029462046FFF7FDFD28B921783046BDE8ED
:10A910007040FFF758BF72686389B2F87E10A2F8E2
:10A920005C32013B5B1A47F6FD719BB28B4207D943
:10A930002823304682F8A730F8F794FA284670BDED
:10A94000A38840F2E2414B43C2F864326378C3EB20
:10A95000431003EB800303EB83035B00A2F85E323A
:10A9600063884B43C2F86032E388A2F868322389D7
:10A97000A2F86A320D2382F88630DFE70125DDE791
:10A9800009230B70D0F80930C1F8023070470B462C
:10A990000A2203F8022BB0F809204A80C27A9A7082
:10A9A000704738B54368054693F8864034B1113C8A
:10A9B0000F2C8CBF01240824204638BD93F88B301F
:10A9C000002BF9D0FFF7CDFE6B68112283F88620AB
:10A9D000F2E708B5436893F88620162A04D04FF4AE
:10A9E000FE711F20F5F7CEFD012283F8C320182247
:10A9F00083F8862008BD436893F88620122A05BF95
:10AA000013220020022083F886207047436810B587
:10AA100093F8863004461C2B07D1FFF7ACFE636821
:10AA20002022002083F8862010BD0220FCE708B514
:10AA3000436893F88620112A04D040F227211F2072
:10AA4000F5F7A0FD012283F8C320122283F88620A7
:10AA500008BD08B5436893F88620182A04D040F250
:10AA60002F211F20F5F78EFD1C2283F8862008BDBC
:10AA70000B46052203F8032BD0F80920C1F8032068
:10AA8000D0F80D205A60B0F811201A81C27C9A7259
:10AA9000704708B5436893F885201AB1CD211C2072
:10AAA000F5F770FD042283F8852008BD426808B5DB
:10AAB000936FD90703D4DB211C20F5F763FD23F046
:10AAC00001039367BDE80840FFF755BE0C23A0F5CE
:10AAD00096700B7003884B8070474368002093F892
:10AAE00085200F2A01BF002283F8B22083F8BE2000
:10AAF00083F88520704738B54568AB6F13F00404C0
:10AB000007D1FFF72EFEAB6F204643F00403AB677F
:10AB100038BD0120FCE74268936F23F0040393677C
:10AB2000FFF729BE08B5436893F885201AB1722152
:10AB30004B20F5F727FD0F2283F8852008BD10B5BF
:10AB4000D0E90C42A24206D30B8C121BC98D0533EF
:10AB50004B43934202D3012380F83A3010BD0123C6
:10AB60000B7000238B7030F8C63CA1F80330437A99
:10AB70004B714389CB8083890B81704710B5446842
:10AB800094F8C5309A070ED494F885301BB177211C
:10AB90004020F5F7F7FC0122A4F8BA3084F88520AC
:10ABA00084F8BE2010BDA36F9B0705D5FFF7E3FD1A
:10ABB000A36F23F00203A367002384F82A31F1E78F
:10ABC00010B50B7901284C790A6843EA0421104634
:10ABD00008BF41F4803110BD07B5FFF7F1FF0DF15B
:10ABE0000702F8F761FB03B05DF804FB002307B52B
:10ABF00001A80193FBF70CFE019810F0030018BFA9
:10AC0000012003B05DF804FB08B5FFF7EFFF002853
:10AC100014BF1420002008BD10B5FBF741FB04460B
:10AC2000FFF7F2FF4FF47A7204F54443BC30493326
:10AC3000B3FBF2F3184410BD10B5044690F8690058
:10AC4000FFF7EAFF012201462046BDE81040FFF76A
:10AC50005CBD7FB5044618B9A7213020F5F792FCFA
:10AC6000052900F2BF80DFE801F003B72C27BDB251
:10AC700090F8F031B0F87E20ABB1B0F8EE319342ED
:10AC800008BFB0F8A4319A1AA0F8A621A4F87E3023
:10AC90002046D4E98C23C4E98E23FAF75BFB94F8B1
:10ACA000AB3104B070BDB0F8EC319B1AA0F8A631FE
:10ACB000B0F8EC319BB2E9E704B0BDE87040FBF7B7
:10ACC00015BA00F0E6FDD4E98E23801A61EB03018A
:10ACD000012871F1000302DA4FF4C161BDE76FF0A2
:10ACE000010383424FF000038B4102DA40F2096115
:10ACF000B3E7A3690BB1B0FBF3F394F88610B4F893
:10AD0000EE210D2932D10132A4F8EE21B4F85232ED
:10AD100002AEB4F87E500133A4F85232B4F8B63023
:10AD20001D44B4F8B430013DED1AADB2B4F8EE11E3
:10AD30006B1A180435D40023204600961A46F8F7FB
:10AD400063FB0128ADD1B4F8EE21B4F8A011BDF831
:10AD500008301344521A12049BB204D5EA1A12F4B2
:10AD6000004F18BF0B46A4F8EE31DFE7B4F87E10B1
:10AD70000B449BB2D11A0D044BBF013301329BB27D
:10AD800093B2A4F8EE3194F8F131002BBED1B4F8AF
:10AD9000A431B4F8EE21934204BF0133A4F8EE319C
:10ADA000B4E794F8893030460394002B14BF08238D
:10ADB0003E2384F8A73001238DF80830F8F752F8C5
:10ADC000204600F095FC002384F8843069E704B045
:10ADD000BDE87040FEF719BC90F88430042BF2D027
:10ADE000C8213AE7CD2138E7002313B51A4680F889
:10ADF0008430A0F85032194600930446F8F704FB5B
:10AE000020B140F2E9113020F5F7BCFB0123C4F872
:10AE1000D801C4F8D00184F88430A4F8EE01A4F875
:10AE2000EC0184F8F101B4F87E30A4F85202013B41
:10AE3000A4F87E3002B010BDD0F8E800704738B5F5
:10AE4000044690F828319BB1FF2380F8303101216E
:10AE500000F09FFA94F8283153B104F1C005284658
:10AE6000FDF71EFA284600F072FE002384F8283110
:10AE7000002038BD08B590F8302142B990F8EC2098
:10AE800042B1D0E93C31994202D9F9F749FC00229C
:10AE9000104608BD0122FBE710B50446FFF7B4FEDB
:10AEA00000F5C271A269236B9A4228BF1A46104668
:10AEB000FFF734FC40F64803984228BF184680B29A
:10AEC00010BD7FB5044690F8AB3103F0FF05002BB1
:10AED00059D190F88430032B55D100F0DAFCD4E935
:10AEE0008E23801A61EB0301012871F100034ADB14
:10AEF0006FF00103834275EB010104DA40F2B151B6
:10AF00003020F5F73FFBA269B4F87E300AB1B0FB00
:10AF1000F2F2013313449BB2A4F8EC31B4F8A4313B
:10AF2000B4F8EC219B1A1BB2002B2CDD04F5FC704D
:10AF3000FDF7B6F938B3FF2384F8F131B4F8B63031
:10AF40000DF10E06B4F87E501D44B4F8B430013D46
:10AF5000ED1AADB2B4F8EC31EB1A1B0413D4B4F80B
:10AF6000EC1100230122204689B20096F8F74CFA32
:10AF7000012808D1B4F8EC31BDF80E2013449BB27F
:10AF8000A4F8EC31E6E704B070BD2DE970430C463F
:10AF90001546EAB9FAF7E4FD84F8EC500646D4E920
:10AFA000468984F828510121D4F8E800FFF710F908
:10AFB000D4F8E800C0E98E89C0F85462C0E99289EB
:10AFC000FFF712FFFAF770FFBDE87043FDF7F4B822
:10AFD00040F2CB713020F5F7D5FA70B5044621B1B7
:10AFE000012978D040F2DB7172E000F007F994F8A3
:10AFF000293105460E46DBB150EA010318D0D4E9E9
:10B000003E32D4E94601C01A334661EB02012A46BA
:10B0100000F0A9FE05FB01F300FB0633A5FB0002CF
:10B020001344D4E93E21121843EB0103C4E93E2343
:10B03000E08B30B1F7F79AFDE38BB0FBF3F202FB44
:10B040001300D4E93E32ED184FF0000346EB020640
:10B050002D1840F2024284F8083146F1000684F8C7
:10B060002931A4F81021C4E93E56C4E9465694F8A3
:10B07000303103F0FF01DBB96FF00043D4E948023F
:10B080009A4208BFB0F1FF3F18D02046D4E9465697
:10B0900000F0A9F8AE30D4E948325B1B62EB06023F
:10B0A0001B1A62F10002002A08DA2046F9F738FB81
:10B0B000FAF7FAFEBDE87040FDF77EB804F584713A
:10B0C00004F1C000FDF78CF80028F1D14FF4E161E4
:10B0D0003020F5F757FA002380F8EC30E8E790F8D5
:10B0E0002801003818BF012070470B46142203F8CE
:10B0F000032BD0F80920C1F80320D0F80D205A60A6
:10B10000704738B510220B460C4603F8032B00F1AC
:10B110000902293052F8041B824243F8041BF9D17A
:10B12000127800211A700123A588A3712846F5F72B
:10B130007DFD58B1E3784BB100212846F5F78CFD31
:10B1400020B140F233212D20F5F71CFA38BD012142
:10B15000F9F778B8FFF7FBBF90F872300BB1012018
:10B16000704790F8AA2002F0FF03002AF7D190F868
:10B170009C201846704737B50D464FF49C7200214D
:10B18000044600F039FEFF2323701323638042F24C
:10B190001073E383F5F744FE00220146A06268467F
:10B1A000FEF746F9A06A00220121FEF78CF9A16A98
:10B1B00068460422FEF73CF90022A06A1146FEF719
:10B1C00082F904F12000A57403B0BDE8304000F01E
:10B1D0001AB9FF23886A0B70FEF727B90078FF3889
:10B1E00018BF0120704710B50446203000F05BF90D
:10B1F00028226188F9F7C2FA6D3010BDD0E902014A
:10B2000070472DE9F04F07468FB00C46064606AD55
:10B210000DF110080FCF0FC597E80F0085E80F005C
:10B22000404600F0F0F8677894F8149007F07F0536
:10B2300094F80AA0B9F1010F94F800B02F4607D096
:10B24000B9F1020F04D040F227310620F5F79AF940
:10B25000617A404600F0DEF8237D227F4046022BD3
:10B2600002F101020CBF617D0121D2B204BF0131A4
:10B27000C9B200F0D1F815F0080360D1404601933F
:10B2800000F011F928223946F9F778FA40F27121D5
:10B2900000F29922E5782079019B45EA0025607942
:10B2A000B2FBF1F245EA00454A434D43AA420AD9AE
:10B2B000E079A57945EA0025207A45EA00454D4325
:10B2C000954228BF1546227E0393531EA17CB06A87
:10B2D0005A4202915A410192FEF775F9B06AFEF79F
:10B2E00082F9039B019A0299ADF81A7006AF8DF8A6
:10B2F00018B0089535468DF828208DF82B108DF85C
:10B300002CA08DF81C9009930FCF0FC597E80F0064
:10B3100085E80F0098E8030030620020B184E37AEA
:10B3200003F0FD03003B18BF012386F84F30E368AC
:10B330003365238AA6F854300FB0BDE8F08F00259E
:10B340002B46C0E74FF40043C38443881D2B08BF3E
:10B3500000214174704790F912007047408800F056
:10B36000010070478078C0F3400070478078C0F3D8
:10B37000C000704790F8483081614B72D0F8493076
:10B38000C1F80A30B0F84D30CB8170477047F8F7FC
:10B39000CFBC80F868107047017742777047827899
:10B3A000034612F0010002D0D978C90710D59007E2
:10B3B00002D5D97889070AD512F0040008D0D878C8
:10B3C000C0F3800080F001008000C0B2704702200E
:10B3D0007047C0F34002C0F3800300F00100134443
:10B3E00018447047022808B507D0042807D0012860
:10B3F00007D039212E20F5F7C5F8262008BD2720D3
:10B40000FCE72520FAE70023C0F80230012343704F
:10B41000037070478170704710B542701446017018
:10B420008078FFF7D6FF484304FB00F2FE2A03DDD5
:10B430005C212E20F5F7A6F810BD0023C3704371E0
:10B440000371704710B50446FFF7A9FF637962786E
:10B450000133DBB29A4263710CD1E3780022A17808
:10B4600003436271DBB29942E37001BF2379E2705A
:10B4700001332371BDE81040FFF7B4BF38B504466F
:10B480008078FFF7A6FF0146E078FFF7A2FF237858
:10B49000227965789B1A6B4359436379C91A00FB7B
:10B4A0001510C0B238BD014608B58078FFF791FF8E
:10B4B0004A780B7853435843C0B208BD40F2EE209F
:10B4C000704740F25A335843704738B50E385368C6
:10B4D00014460D4693F88520092840D8DFE800F08F
:10B4E000053F3F3F0F3F183F3F27042A05D1204625
:10B4F000FFF72EF92046F7F717FE002038BD0F2A78
:10B50000FBD1002220461146BDE83840FFF7E5BADE
:10B51000212AF2D12046FFF71BF9002DEDD06268F9
:10B5200092F8D43023F0200382F8D430E5E793F882
:10B530008620272AE1D10025204683F88650FFF790
:10B540001AF9636893F82431012B03D12946204668
:10B55000F6F7B8FD6368002283F82421CDE740F2B6
:10B560006E213120F5F70EF808B590F80E31FE2B5C
:10B5700004D040F624113120F5F704F8002380F8B8
:10B580000E1180F80F3112B9A0F8C02008BDA0F844
:10B59000BA30012380F8BE30F8E708B5436893F865
:10B5A0008620182A04D040F27A513120F4F7EAFFBD
:10B5B0001E2283F8862008BD08B5436893F88620CC
:10B5C000352A06D1002283F88620BDE80840FFF71F
:10B5D000D2B8182A03D11E2283F8862008BD40F273
:10B5E0008F513120F4F7CEFF08B5436893F88520DA
:10B5F000092A0BD193F8091193F81021914205D132
:10B60000002283F8852083F8BE2008BD9A6F1107B9
:10B6100006D522F008029A67BDE80840FFF7ABB8EC
:10B6200040F274513120F4F7ADFFC37C63B9837BE2
:10B63000A3F11002032A07D990F84C0028B1202B5F
:10B640008CBF0020012070470120704702464068EF
:10B65000497890F88530212B14D00BD8042B13D0C7
:10B660000F2B13D090F88630272B0CBF1720FE200D
:10B67000F9F7C2BA2C2B0BD0322B01D0252BF1D1EC
:10B680001620F5E71420F3E70E20F1E71220EFE78C
:10B690002320EDE7024640680B4690F8D41041F0B5
:10B6A000040180F8D41099785878F9F7A5BA38B51C
:10B6B0000C460546D1E90401F5F768FB94F884309F
:10B6C0003BB104F5FC742046FCF7EAFD204600F08F
:10B6D0003EFA28460221BDE83840F5F7BDBA002001
:10B6E000704708B5F7F78CFABDE80840F7F71EBCBD
:10B6F000002280F8852080F8862080F8892090F844
:10B70000AB3113B10221F8F73FBA0321FBE738B59B
:10B710000446084694F8583213B10C25284638BD23
:10B7200094F88630162B01D0182BF6D194F8743289
:10B7300003F0FF05002BF0D190B194F8C63123B986
:10B7400040F604313120F4F71DFF052304F1F00227
:10B7500004F5DB7100F0BAFA012384F85832DDE712
:10B760000223FAE7F7F7ACBA08B5FAF7E9F9F9F7FF
:10B77000FFFFF9F72DFFBDE80840FAF76DBE10B5E1
:10B78000C824F9F7B9FF022808D1013C14F0FF04DE
:10B79000F7D10620F7F756F9204610BD431E584250
:10B7A0005841FAE710B5FAF7E3F9044600F02CF92E
:10B7B000201841F1000110BD19B943780BB1C378CD
:10B7C0008370704710B504460846FAF769FD4FF4D8
:10B7D0007A73B0FBF3F0201A10BD10B5044608468A
:10B7E000FAF75EFD4FF47A7200F2E733023CB3FBE6
:10B7F000F2F3E01A10BD00F038B8801A00F3070029
:10B8000038B50D46144659B240B2FBF7B7F80023DD
:10B81000287020446B7040B238BD0023036070472D
:10B820007047002070474FF0FF3070474FF0FF30F7
:10B83000704770474FF0FF3070470020704700207E
:10B8400070470023037070479DF800300022FFF717
:10B85000D4BF4FF0FF307047002070474FF0FF30EB
:10B8600070474FF0FF307047704770470020FBF77C
:10B87000C9B80020FBF7A0B90020FBF7B1B9002040
:10B88000FBF7C0B87047FBF7F7B9FBF709BAFBF74E
:10B89000F9B9FCF7D9BEFCF7A9BBFCF7BFBBFCF7B5
:10B8A000F3BE00F05CB9FCF7E1BE10B5837F8BB945
:10B8B000034601F1180251F8044B914243F8044B3E
:10B8C000F9D1012484772146FBF72CFDFCF780FB9E
:10B8D000204610BD0020FCE710B504460221FBF70E
:10B8E00021FDFCF775FBA07FB0FA80F0400910BD88
:10B8F00038B50446A37F03B938BDA37F032B02D01C
:10B90000A37F042B0ED1EFF3108572B62046FBF710
:10B9100079FF05B962B6A37F002BEDD0FF2103208C
:10B92000FCF74AFFA37F012B02D14FF48271F6E7A7
:10B9300000F0D6F9DEE713B50DF10701FBF748FF7C
:10B940000446FCF7B3FB20B940F221110320FCF7B9
:10B9500033FF204602B010BDF8B50746FCF7A6FB42
:10B96000044620B940F229110320FCF725FFFCF71B
:10B97000A3FBA46800252418384641F1000622469E
:10B980003346FBF78DFFA04271EB060309D3001B82
:10B990006FF0010361EB0601834275EB010102D3F5
:10B9A000F8BD2846FCE74FF0FF30F9E72DE9F041FC
:10B9B00004460F46FCF77AFB064620B94FF4A37104
:10B9C0000320FCF7F9FE8568002362195B4113B17F
:10B9D0000020BDE8F081FCF76FFB2A18384641F1E2
:10B9E000000314EB020843F10005FBF759FF404543
:10B9F000A941EDD3FCF728FE00F06AF8B3680120F6
:10BA000037752344B360E4E7FCF756BB80687047A2
:10BA100008B5FCF74BFB20B94FF4CB710320FCF7C2
:10BA2000CBFE007D08BDF8B50369044623B140F2A2
:10BA30009D110320FCF7C0FEFCF706FE05460E46EE
:10BA4000FBF7C6FB70B36435D4E9003246F1000160
:10BA5000AB4272EB010001D22B460A46C4E9003228
:10BA6000EFF3108572B6FCF721FB064698B1FCF7A0
:10BA700023FBB3680B332CBF012200221B18D4E92F
:10BA8000006042EB0101B34271EB00023CBF334660
:10BA90000146C4E9003105B962B62046BDE8F84068
:10BAA000FBF774BFFBF7B4FB0746FCF713FBB84288
:10BAB00038BF3846963546F100024319D4E90001F3
:10BAC00042F10002834272EB0105C7D20346C4E78C
:10BAD000FBF7C2BC032910B5044606D801290ED8CD
:10BAE0004FF49E71B020FCF767FE0429F8D1FBF7F4
:10BAF0002FFC20B12046FBF7EBFF022010BD0020F9
:10BB0000FCE7C0E908122022002100F075B910B549
:10BB1000037886B0044623B14FF4AB714520FCF79F
:10BB20004BFE0593CDE90333D0E90423CDE900238F
:10BB300043680293037A68468DF81430FFF773FF69
:10BB40000120DDE90023C4E9042306B010BDFFF79E
:10BB5000CFBE7047704770477047FCF713BC10B5F5
:10BB6000029C241841F10001A01A61EB0301B0F11D
:10BB7000004F71F1000103DBA9210420FCF71CFE3A
:10BB800010BD70B50024FCF7D3FD05462646E0B293
:10BB9000854200D870BDFCF7D1FD0134068580F8E0
:10BBA0002A60F4E7F8B5037904461BB11B219D20F8
:10BBB000FCF702FE4679017126B901234371217910
:10BBC00009B96171F8BD276820462671B847022877
:10BBD0000546F4D103212046B84708B12F21E6E7F6
:10BBE00023682946204698470028E8D03021DEE720
:10BBF00003460068884204D109B10A681A60084601
:10BC0000704728B97047884202D10A681A60F6E77F
:10BC1000034600680028F6D1704701F1100301388F
:10BC200013F8012D8B4200F8012FF9D170472DE94F
:10BC3000F04713F0010F8EB004460D4617469A46A2
:10BC4000DDE9168924D006A8FFF7E7FFA30735D062
:10BC500002AA04F110052068083454F8041C1346A5
:10BC6000AC4203C31A46F6D106AD02AC1AF0020F7D
:10BC70004346CDF8009023D0294620460AAAFCF777
:10BC800033FE0AA93846FFF7C8FF0EB0BDE8F087BB
:10BC900013F0040F0DD106AB0E4601F1100C1D463A
:10BCA0003068083656F8041C1A46664503C2134627
:10BCB000F6D1214602A8FFF7B0FFD6E706ADD5E7DB
:10BCC0003A4629462046FCF70FFEDEE713B500246E
:10BCD000CDE90044FFF7ABFF02B010BDFCF708BF91
:10BCE00020BF704720BF70479142F8B503D373213E
:10BCF0009620FCF761FDB2FA82F33BB1C3F1200458
:10BD000099409A4020FA04F4984021434FEA124C9B
:10BD100093B2040C87B2B1FBFCF50CFB151E05FBBE
:10BD200003F64FEA0E4E0EEB1040864205D9361A46
:10BD3000964294BF01260226AD1B04EB0141280464
:10BD400005FB1211B1FBFCF40CFB1411634307EB70
:10BD50000147BB4205D9DB1B934294BF0123022359
:10BD6000E41A2043F8BD2DE9F0411D4607460C4674
:10BD7000164652EA050303D1A6219620FCF71CFDC6
:10BD800085B9914204D2FFF7AFFF2946BDE8F081A3
:10BD900008462946FFF7A8FF05463246384606FB07
:10BDA0001541F0E7B5FA85F80123400803FA08F3D6
:10BDB000C8F11F0840EAC470A3FB0212610803FB2C
:10BDC0000522FFF791FF30FA08F04FF0000102D092
:10BDD000013861EB010100FB05F3A0FB062C06FB1B
:10BDE0000133BF1A634464EB0304B742AC41CDD3C3
:10BDF000013041F10001C9E7F0B5C9B20446A3071B
:10BE000026460ED14FF0013522F003034D43E718CB
:10BE1000BC420CD1334402F003021A44934209D1CC
:10BE2000F0BD002AFCD0013A04F8011BE7E744F812
:10BE3000045BEDE703F8011BF0E700280CBF6FF08F
:10BE40001500002070470020704707230370002072
:10BE500070470020704700207047034611F8012BFF
:10BE600003F8012B002AF9D17047034613F8012B80
:10BE7000002AFBD1181A013870472DE9F047864691
:10BE80008C460846089E154674461946002B40F01D
:10BE9000C1808542B2FA82F245D94AB1C2F120038B
:10BEA00000FA02FC954094402EFA03F343EA0C0C8E
:10BEB0004FEA154EA8B2230CBCFBFEF80EFB18CCC3
:10BEC00008FB00F943EA0C43994528D9EB1808F11F
:10BED000FF3704D2994502D9A8F102072B44A3EBFE
:10BEE0000903A4B2B3FBFEFC0EFB1C330CFB00F0F9
:10BEF00044EA0344A04214D92C190CF1FF3304D2B4
:10BF0000A04202D9ACF102032C44241A43EA0740B0
:10BF10001EB1D440002334607360BDE8F08747460B
:10BF2000DDE76346F1E792BB431B01214FEA154E63
:10BF3000AFB2200CB3FBFEFC0EFB1C330CFB07F86E
:10BF400040EA0343984561D9EB180CF1FF3004D265
:10BF5000984502D9ACF102002B44A3EB0803A4B22C
:10BF6000B3FBFEFC0EFB1C330CFB07F744EA034457
:10BF7000A7424DD92C190CF1FF3304D2A74202D9A4
:10BF8000ACF102032C44E41B43EA0040C0E7C2F1D9
:10BF900020039540944020FA03F12EFA03F34FEA70
:10BFA000154E9040AFB20343B1FBFEFC0EFB1C10DC
:10BFB000190C0CFB07F841EA0041884522D96918A1
:10BFC0000CF1FF3004D2884502D9ACF102002944BB
:10BFD000A1EB08019BB2B1FBFEFC0EFB1C110CFB9C
:10BFE00007F743EA01439F420ED9EB180CF1FF31EA
:10BFF00004D29F4202D9ACF102012B44DB1B41EA7F
:10C00000004193E76046E3E76146F7E76046A4E74F
:10C010006346B8E7834206D916B9002108467CE793
:10C02000C6E900E0F9E7B3FA83F78FB9834201D399
:10C03000724508D8BEEB020460EB030301209C4666
:10C040001EB9002169E73846FAE7C6E9004CF8E76F
:10C05000C7F1200CBB400EFA07F522FA0CF42EFAB9
:10C060000CF1BA401C4320FA0CF3B8404FEA1449D3
:10C0700001431FFA84FEB3FBF9F809FB18300B0CDF
:10C0800008FB0EFA43EA00439A4540D9E31808F149
:10C09000FF3004D29A4502D9A8F102002344A3EB51
:10C0A0000A0389B2B3FBF9F809FB183308FB0EFE4B
:10C0B00041EA03418E452CD9611808F1FF3304D2BF
:10C0C0008E4502D9A8F10203214443EA0040A1EBC6
:10C0D0000E01A0FB02984145CE46434602D306D14D
:10C0E0004D4504D20138B9EB020E68EB0403002E73
:10C0F000A7D0B5EB0E0261EB030101FA0CFC22FAAA
:10C1000007F3F9404CEA0303C6E9003199E74046DA
:10C11000C5E74346D9E7000037B50024164D6FF058
:10C1200009034FF4806228461449009407F0C4FCC8
:10C130001349284607F064FD124913480EF042F9EE
:10C14000224604211C2000F0C9FE01220F4BD3E837
:10C15000EF1FC3E8E02F0028F9D105A3D3E900239E
:10C1600028460B4907F0E8FC204603B030BD00BF6D
:10C17000389C1C000000000030230020784800207C
:10C1800098D40100DF990100282A0020202A0020ED
:10C19000100700200000000010B50B4BD3E8AF3FA4
:10C1A00053B1FBF71BF806A3D3E90023BDE8104009
:10C1B0000649074807F0C0BC10BD00BFAFF30080C0
:10C1C000389C1C0000000000202A002010070020DE
:10C1D000302300200000000070B4174E0C46B0421F
:10C1E000154608D00136B0420FD0023EB04210D002
:10C1F00070BC0AF025BA0AA3D3E90023C5E90023DD
:10C200000E4B0020236070BC704707A3D3E90023C6
:10C21000F4E707A3D3E90023F0E700BFAFF3008002
:10C2200002C0FF7F0000000003C0FF7F000000008D
:10C2300001C0FF7F0000000002C0FF7F03004E80AE
:10C24000F8B500F029F900270D4D0E4E0E4C4FF4B5
:10C25000FA6242F2107128460BF0FBF900F048F93F
:10C26000394630460EF0ECF900F060F943F69821BB
:10C2700020460BF0EEF9002104480EF0E1F9E6E764
:10C2800084CB0100B4C40400B1CB01000E27070029
:10C2900010B5064C0648074A0BF0DBF9206818B1C8
:10C2A00002F024FF0023236010BD00BFB827002048
:10C2B000C8CB010076D201000023F7B50193FF231C
:10C2C00006460F464FF0FF304FF0FF311370154612
:10C2D00001F05AFD044620B90F480BF0BAF903B03B
:10C2E000F0BD03210C300BF080FB2146A0F801705B
:10C2F000067001AA4FF60F4001F0CEFD014618B1BD
:10C3000006480BF0A6F9EAE70198C36893F90430F0
:10C310002B7001F08FF9E2E7E8CB01000BCC0100B4
:10C32000014610B102480BF094B902480BF091B9E4
:10C3300022CC010042CC0100F7B5002705460E468D
:10C340004FF0FF304FF0FF31019701F01DFD044623
:10C3500020B912480BF07DF903B0F0BD04210C3078
:10C360000BF043FB2146A0F801600570C77001AADD
:10C370004FF60E4001F090FD014618B108480BF051
:10C3800068F9E9E7019B0748DB6893F904100BF0B3
:10C3900060F9019801F04EF9DEE700BFE8CB01003B
:10C3A00059CC01006FCC010030B5044693B031B1D7
:10C3B0002C4A2D4813B0BDE830400BF04AB90BF0C1
:10C3C00071FF2A4B2A4918600BF04CFD014628B139
:10C3D000284813B0BDE830400BF03BB920460BF0C5
:10C3E000BDFF0378044607AD032B35D8DFE803F023
:10C3F000022E303220492846FFF72FFDA3790595FC
:10C4000062781E210492A2780AA80392E27802922E
:10C41000227901926279164C0092184A0AF010FDB6
:10C420000AAA218816480BF014F921880220FFF788
:10C4300083FF2A4621880220FFF73EFF9DF91C203A
:10C44000218810480BF005F913B030BD0E49D2E732
:10C450000E49D0E70E49CEE70A2128460D4A0AF0D8
:10C46000EFFCCBE776D2010088CC0100B827002092
:10C470005C310020AACC0100C9CC0100F2CC010043
:10C4800015CD01003ACD0100D0CC0100D7CC010080
:10C49000E1CC0100EBCC0100002313B50F4A10489A
:10C4A0008DF8073013600BF0D4F80E4802F024F832
:10C4B0000446014628B10C4802B0BDE810400BF01C
:10C4C000C8B8FFF739FF214620460DF10702FFF7F4
:10C4D000F3FE9DF907100548EEE700BFB8270020DE
:10C4E0005FCD010021C3000022CC010092CD0100EC
:10C4F000002307B5094903220948009302F078FB9D
:10C50000014628B1074803B05DF804EB0BF0A1B871
:10C51000054803B05DF804EB0BF09BB8DCC60100E6
:10C52000C8C60100B6CD0100DCCD010008B502F09F
:10C5300081FCBDE8084001480BF08BB8F1CD01004B
:10C54000014B1B68184700BFD0070020014B186043
:10C55000704700BFD007002030B585B004460D46B7
:10C560001022002168460FF044F902238DF80230B2
:10C57000044B2A462146684601930AF08DFC05B01B
:10C5800030BD00BF41C5000080B505460E461746C8
:10C59000984607F065FE03460FF0BEF90446DFF843
:10C5A0001890424649F8003039463046A84754F8BA
:10C5B000090000F015FC00BF080000002DE9F0475D
:10C5C000058B04462807904611D4022905F007057B
:10C5D00040F0CC8020460BF056F878B10138218B22
:10C5E000042811D8DFE800F0C2106D8595000129FC
:10C5F0000CBF45F0100545F02005258388F3118810
:10C60000BFF36F8FBDE8F08701F0070AAA4500F07D
:10C61000A5800027B9463E46A368002B00F0BC80E9
:10C6200041F00801218388F31188BFF36F8FA1685F
:10C63000002900F0BA800D68002900F0B68033466A
:10C6400052462046D1F80480C047002D76D02B6892
:10C6500029461D46F0E701F007035A1F012A1BD89F
:10C66000002221F00701062B276889B2C4E90022C5
:10C6700009D13B4603E0628B013262831B68002BC9
:10C68000F9D141F00201204621830AF0FCFF002885
:10C690007AD041F0200176E0042B0AD121F0070185
:10C6A00089B2204621830AF0EEFF10B141F020014B
:10C6B0002183218B01F0070AAA454FD00027B946F4
:10C6C000AAE7236921F0070141F00601062DD3F8FE
:10C6D000009021832DD1B9F1000F3FD041F0080126
:10C6E000218388F31188BFF36F8F20463949C847EB
:10C6F00029E021F00701236941F0040189B2042DEA
:10C70000D3F804902183E6D000274FF0040A3E4678
:10C7100082E721F00701236941F0050189B2052D67
:10C72000D3F808902183D6D000274FF0050A3E4663
:10C7300072E700274FF0060A3E466DE72B4687E773
:10C74000B9F1000FD1D1EFF31188402383F31288A0
:10C75000BFF36F8F238B23F008032383258BEA0617
:10C760002ED525F01003238305F007056669218B7C
:10C77000002EBFF670AF00232768C4E9003321F014
:10C78000070141F001012183218B4FF0000901F0E5
:10C79000070AAA457FF440AF002F9CD041F0080162
:10C7A000218388F31188BFF36F8F002FC8D03D68B5
:10C7B00039463346524620460AF091FF2F46F4E7A9
:10C7C000AB067FF51BAF25F02003238305F007059B
:10C7D00000E700BF0B770100014B036000207047AA
:10C7E000F4C6010008B504480AF033FF03480AF014
:10C7F00030FF002008BD00BF15CE01004ACE010069
:10C8000008B50348034A0021121A0BF023F808BDAB
:10C81000900C002008340020074808B5074A084952
:10C82000121A0BF019F8BDE808400648064A0749F5
:10C83000121A0BF011B800BF20050020900C002048
:10C840006CD50100180500202005002064D50100EA
:10C8500038B505460C4699B1D1E901230F4809685E
:10C860000AF0F7FED4E90423E1680D480AF0F1FE6E
:10C87000E1690C480AF0EDFEA1690B480AF0E9FEF7
:10C88000012D05D1EFF30581084810390AF0E1FECA
:10C8900021462846BDE8384006F0BABC78CE0100F3
:10C8A000A8CE0100D8CE0100E8CE010017CF0100CC
:10C8B00030BFFFF7FDBF00BF2DE9F04105460B4E2D
:10C8C000DFF82C80324606EB0807CC1B20460949CE
:10C8D0000EF082FFA01942460021083C0EF089FFAD
:10C8E000C5F8B84007F10800BDE8F081000000007D
:10C8F00004000000D0C30100054B5A699B689A42AE
:10C900001FBF044A536843F080535360704700BF11
:10C910003C2A002000ED00E010B5204C20480AF031
:10C9200098FEA36A990137D51E480AF092FE1E2090
:10C93000A36ADA0103D51C480AF08BFE1F20174CAE
:10C94000A36ADB0203D519480AF083FE0220A36A1A
:10C950001C0303D516480AF07CFE21200F4CA36A65
:10C96000590303D513480AF074FE2220A36A9A03E0
:10C9700003D511480AF06DFE2320084CA36ADB039F
:10C9800003D50E480AF065FE2420A36A6FEA03432C
:10C990006FEA1343A36210BD1D20C9E700ED00E05C
:10C9A0002BCF010044CF010058CF010073CF01000D
:10C9B0009ECF0100BDCF0100E3CF0100FECF0100FB
:10C9C00070B5244C064624480D460AF042FEA36A80
:10C9D000D90435D521480AF03CFE1720A36A1A0570
:10C9E00003D51F480AF035FE18201A4CA36A9B0590
:10C9F0000FD51C480AF02DFEA16BA36A180407D5B9
:10CA000019480AF026FE1EB1A36A23F40043A3626C
:10CA10001920104CA36A590503D514480AF019FED1
:10CA20001A20A36ADA050DD511480AF012FE1B2060
:10CA3000084A936A43F47F43936200232B7070BDCE
:10CA40001620CBE7A36A9B04F2D50A480AF001FE40
:10CA50001C20EDE700ED00E02AD0010041D00100EC
:10CA600053D0010067D0010081D0010097D00100B0
:10CA7000B3D00100CCD0010070B5264C0646264844
:10CA80000D460AF0E6FDA36AD80640D523480AF011
:10CA9000E0FD1120A36A190703D521480AF0D9FD4A
:10CAA00012201C4CA36A9A070FD51E480AF0D1FD2C
:10CAB000616BA36A1B0607D51B480AF0CAFD1EB1AD
:10CAC000A36A23F08003A3621320124CA36ADE073B
:10CAD00003D516480AF0BDFD1420A36A9C0603D5B1
:10CAE00013480AF0B6FD15200A4B9A6AD10658BFC2
:10CAF0009A6A9A6A920642BF5A6A22F400525A62AD
:10CB00009A6A42F0FF029A6200232B7070BD1020D7
:10CB1000C0E700BF00ED00E0FCD0010013D1010030
:10CB200053D0010047D1010060D1010077D101004D
:10CB3000CCD001002DE9F0415B4B04465F68002535
:10CB40008AB0C7F3080685F31188BFF36F8F02F030
:10CB50007F43B3F17F4F06D102F00C03082B13D1B2
:10CB600052480AF076FD00252C464FF00008F31ECF
:10CB70008DF80780092B00F28580DFE803F00A7941
:10CB80007D7583838383838110074CBF0C46012509
:10CB9000EBE74748444E0AF05CFD8DF80780F36AE6
:10CBA0009A0704D543480AF054FD00232FE0F36AA6
:10CBB000002B01DA4048F6E7F36A5B00F5D53F4801
:10CBC0000AF047FD7369A26943F480737361BFF390
:10CBD0004F8FBFF36F8F736932F8022C23F4807389
:10CBE0007361BFF34F8FBFF36F8F4DF602739A429D
:10CBF00008D0B36ADBB24BB301200DF10701FFF798
:10CC00003BFF33E021682E480AF023FD23689DF89E
:10CC10000720C2B902AE04F12007324620686168DD
:10CC2000083403C2BC421646F7D1099AB5B3C2F321
:10CC3000080121B96FEA52226FEA4222099218468E
:10CC400002A9FFF705FE0AB0BDE8F081B36A13F44C
:10CC50007F4F05D001200DF10701FFF7B1FE05E080
:10CC6000B36AB3F5803FA0D3FFF756FE0346CEE785
:10CC700000200DF10701C2E700200DF10701ECE7EC
:10CC8000104890E7104B17F4F87F1049104818BF70
:10CC90001946A6F110020AF0DCFC86E722F4FF72C6
:10CCA00022F00102CAE700BF00ED00E0C5D101009B
:10CCB000F1D1010009D201002BD201003AD20100CA
:10CCC0005AD2010077D20100ACD1010097D1010006
:10CCD0009CD20100064B5A6942F010025A615A690F
:10CCE00042F480625A615A6922F008025A61704720
:10CCF00000ED00E0EFF30880EFF3098101B5724623
:10CD0000FFF718FF01BD00BF002080F31488BFF3B8
:10CD10006F8F002080F30A8880F30B88104880F31F
:10CD2000088800200F49087005F006FD00200E4914
:10CD30000860BFF34F8F00F02DF8402080F311887A
:10CD40000A484FF40061401880F30988EFF314801B
:10CD50000221084380F31488BFF36F8F00F0E6F8D8
:10CD6000B86300200634002094ED00E0784C0020E9
:10CD7000002318460649D1F89020C2F307229342B7
:10CD800000DB7047C1F89830C1F8A0000133F6E726
:10CD900000ED00E010B572B6002484F31388FFF7AD
:10CDA000E7FF23464FF0FF300C4A03F12001013327
:10CDB000102B42F82100F8D100234FF0FF30074A32
:10CDC00003F160010133102B42F82100F8D162B663
:10CDD000BFF34F8FBFF36F8F10BD00BF00E100E0C6
:10CDE000084B9B6883420BD1EFF3058343B1064B9D
:10CDF0005A6842F080525A605A6A22F400425A62DB
:10CE000007F034BA3C2A002000ED00E016498A6899
:10CE10004FF030001044EFF3098C80E8F01F402001
:10CE200080F31288BFF36F8F104F4FF000664A698E
:10CE30008A603E60D2F8B8000D4C2060D2F8BC0089
:10CE40000023C2F8BC3080F3118802F1300090E872
:10CE5000F01F8CF3098802F1000004B50AF00DFD03
:10CE6000BDE80440704700003C2A002004ED00E0CB
:10CE7000BC2700201EF0040F0CBFEFF30880EFF377
:10CE80000980816911F8021C0229FFD001B57246A0
:10CE90000AF0E4FC01BD00BF00B2002807DB01235B
:10CEA0004109034A00F01F00834042F821307047D7
:10CEB00000E100E000B200280CDB01220649430932
:10CEC00000F01F008240203341F82320BFF34F8F32
:10CED000BFF36F8F704700BF00E100E0D30748BF8A
:10CEE000002100B258BF02310028ACBF00F1604001
:10CEF000064A4FEA4113DBB2ABBF00F5614000F0D8
:10CF00000F0080F800331354704700BF14ED00E0A9
:10CF1000044B054A23F07F039360BFF34F8FBFF3A9
:10CF20006F8F70470000000000ED00E008B5FFF7CC
:10CF3000EFFF074AD2F8883023F47003C2F8883034
:10CF4000FFF75EFCFFF768FC00F048F806F028FAEF
:10CF500000ED00E042F8203C009B0B4942F81C3CED
:10CF6000019B21F0010142F8183C029B42F8081C89
:10CF700042F8143C4FF0807342F8043C0023203AFE
:10CF80000265C0F8BC30704789C5000000B50E4B83
:10CF900015469860D0F8B8200C4B0E461A60D0F8B1
:10CFA000A83083F30B882C4686F309880020044BB5
:10CFB00098472046002100220023024C2047000011
:10CFC0008B78010089C500003C2A0020BC27002086
:10CFD0001022014B1A61704700ED00E00023402051
:10CFE00040F20F1210B5044CE1180133934281F85E
:10CFF0000003F9D110BD00BF00E100E008B5EFF378
:10D000000583064A103B02EBC30152F8330049681E
:10D010008847BDE80840FFF76FBC00BF8CBA01002D
:10D020001FB5094C094A23460121094800F0FAF8C6
:10D0300000230393074B0121E41A01A801930294F2
:10D0400000F0FAF804B010BD00F00220000000204B
:10D05000F4C60100900C002010B50C7A0B6804F0A7
:10D060001F0223F01F031A43CB68640923F01F0338
:10D07000054943EA440343F00103C1F89800C1F8AD
:10D080009C20C1F8A03010BD00ED00E010B5074BAA
:10D09000D3F89030C3F30723013B984202D8FFF73F
:10D0A000DBFF10BD6FF01500FBE700BF00ED00E0F7
:10D0B0002DE9F04F0F46144606464FF000084D4D3F
:10D0C00085B0B84580F29280D6F80490B9F1000F8F
:10D0D00036D0B9F11F0F40F2878019F01F0F40F0D2
:10D0E0008380D6F800A01AF01F0F7DD150460AF0B9
:10D0F000EFFB834609EB0A0001380AF0E9FB8345A0
:10D1000072D11BF1160F6FD05C456DDDC5F898B07C
:10D11000D5F89C10C5F898B0D5F8A03021F01F01C3
:10D1200043F01F0AD6E900321A44994202F1FF394E
:10D130001ED1CA4508D131465FFA8BF00AF0D1FB07
:10D1400008F101080C36BCE73146C5F898B0D5F8AF
:10D150009C3022F01F0203F01F031343C5F89C30DC
:10D16000E0B20AF0BEFB10F1160F3DD0441CE7E719
:10D17000C5F898B0D5F8A020013B23F01F0302F0BA
:10D180001F021343CA453146E0B2C5F8A030E8D0CB
:10D190000AF0A7FB10F1160F26D0C5F898B0D5F805
:10D1A0009C209DF808300AF1FF3A62F304038DF8E1
:10D1B0000830D5F8A0309DF808205B0863F34712CB
:10D1C0008DF80820D6E900321344009323F01F03A2
:10D1D0005344A3EB0903013023F01F036946C0B297
:10D1E0000393FFF753FFBEE76FF01504204605B029
:10D1F000BDE8F08F00ED00E00522044BC3F8942059
:10D20000BFF34F8FBFF36F8F704700BF00ED00E09B
:10D21000BFF35F8F0022024BC3F89420704700BF1A
:10D2200000ED00E010B5034C2278FFF741FF2070BD
:10D2300010BD00BF723100202DE9F74F294D8A46FD
:10D2400006464FF00008AB46274FD0451BDAD6F80C
:10D250000490B9F1000F3FD03168084601910AF0FF
:10D2600037FB0199044609EB010001380AF030FB55
:10D2700084424FF014021D4B08D002FB08F36FF0FC
:10D2800015024BF8032003B0BDE8F08F14F1160F20
:10D290002C60F8D01978A142F5DD02FB08B0C7F880
:10D2A0009840C7F89840D7F89C4000F10801007BEF
:10D2B00064F304000871D7F8A0000C79400860F30B
:10D2C00047140C71D7F89C1021F01F016960D7F842
:10D2D000A01021F01F01296108F1010814350C3656
:10D2E000B3E700BFC027002000ED00E0723100204E
:10D2F000F0B55249524CD1F890302568C3F307235A
:10D300009D4287B000F296800020FFF781FF4D4BD1
:10D31000C1F8C030854216D14B4C01A82570FFF7EB
:10D320005BFA00250646494FAE4213D10020237810
:10D330004249D1F89020C2F30722934274DBFFF7F1
:10D340005BFF002043E0616801EB0011FFF784FE02
:10D350000130DFE70199280101EB0513DA683A4053
:10D36000B2F5800F42D007D8B2F5801F15D0B2F5C4
:10D37000001F2ED00135D7E7B2F1006F43D0B2F1D4
:10D38000805FF7D15A689B680958013B22F01F0063
:10D39000034423F01F03012032E05A689B680958B8
:10D3A000013B22F01F0003440120844623F01F03A9
:10D3B00040EA4C10CDE902218DF8100002A9207836
:10D3C0000593FFF763FE00282ADA6FF0150007B017
:10D3D000F0BD5A689B680958013B22F01F000344C6
:10D3E0004FF0020C012023F01F03E1E75A689B680D
:10D3F0000958013B22F01F000344062023F01F03BD
:10D400004FF0000CD4E75A689B680958013B22F0A2
:10D410001F0003444FF0030C012023F01F03C7E754
:10D42000237801332370A5E7C1F89830C1F8A00034
:10D4300001337EE74FF0FF30C9E700BF00ED00E0A9
:10D4400000C70100AAFF4400723100200000F0FF75
:10D4500008B5024809F0D4FCFEE700BFBFD20100C6
:10D4600008B5024B1B689847002008BDD427002050
:10D47000034B044A1860937843F00203937070479B
:10D48000D4270020D407002008B50649064821F01B
:10D490000701C1F1005202F53C320AF09BF800206E
:10D4A00008BD00BF4F810020D827002070B541691A
:10D4B0000446867A0A4D59B1437ADB0706D42C23F9
:10D4C00003FB06535B6A1B689B68984700236361F4
:10D4D0002C20214606FB0050BDE870400CF0E1BE58
:10D4E0005C0B00202C22024B02FB0030704700BF77
:10D4F0005C0B00202C21827A054B01FB02339A6AD7
:10D500001B7F801A1B3323F00303B0FBF3F070473B
:10D510005C0B002038B52C24827A064B04FB0233C6
:10D520005B6AD3E901240C601568FFF7E3FF04FB95
:10D53000005038BD5C0B00202DE9F04385B0054656
:10D54000684690461C4603910DF030F9DDE900670E
:10D55000EFF31189402383F31288BFF36F8F6B8B36
:10D56000002B41D02A8B9A4225D90022002328463D
:10D5700006F098F80446F0B189F31188BFF36F8F75
:10D58000039B002B41D032463B4668460DF033F9F1
:10D590002C21A27A254B204601FB02335B6A03A9AA
:10D5A0001B681D68DDE90023A847606170BB204649
:10D5B000FFF77CFF24E0698B4B1E6B8389F3118896
:10D5C000BFF36F8F2B7F2A8BAC6A1B3323F00303CF
:10D5D000521A02FB0344154B154AEB1A9B10534396
:10D5E000A3722B7FE372CBE789F31188BFF36F8FB0
:10D5F00023464246284606F055F804460028BFD187
:10D600000024204605B0BDE8F083636101230025B6
:10D610002381039B29466382E27A656004F1180046
:10D620000EF0E7F863692582E360EAE75C0B00200F
:10D63000A38B2EBA70B52C250C4C00B970BD037AA3
:10D640004668002BFAD0013BDBB20372002BF5D108
:10D65000C3604360837A05FB03431B6A13B1984799
:10D660003046EAE7FFF722FFFAE700BF5C0B002035
:10D6700008B5244A244B1A6003F0C2FE4FF47A61C5
:10D680002248D0F82436C3F30802C3F309434B43BE
:10D6900082F480721E49883201FB02334FF4FA2172
:10D6A0005B00B3FBF1F201FB12331A49B3F57A3F89
:10D6B00028BF0132C1F80429D0F820364FF47A602F
:10D6C000C3F30802C3F30943434342F21C5082F4FC
:10D6D000807202F2172200FB02334FF47A701B0AA9
:10D6E000B3FBF0F200FB12330020B3F5FA7F4FF0EA
:10D6F000010328BF0132C1F81C27C1F80009C1F895
:10D70000003608BD0020A107B009002000C0FF00BE
:10D710001C2500800000125030B500240A4D0B4B30
:10D7200087B028460393CDE904440CF092FE03AB86
:10D730002846009340F638020A23054906F0BCF952
:10D74000204607B030BD00BF20180020DED2010007
:10D75000083400200146014806F0EEB920180020E8
:10D76000037830B5012B13D0022B27D07BB90A46A2
:10D77000184B03F1100453F8045BA34242F8045B16
:10D78000F9D11B78137043884B731B0A8B7330BD20
:10D790000A46104B03F1100453F8045BA34242F80D
:10D7A000045BF9D11B7813704368C3F307224B73F2
:10D7B0001B0CCB731B0A8A730B74E8E700F1100390
:10D7C00050F8042B984241F8042BF9D103780B70E0
:10D7D000DDE700BFE7D2010010B50AF0C5F90CF093
:10D7E0008DFE0B4C18B1D4E8AF3F63B910BD06F005
:10D7F00043FCD4E8AF3F1BB9BDE8104006F050BC75
:10D800000A209847F8E70A20BDE81040184700BFF3
:10D81000E427002038B5044608480AF086F8054693
:10D8200048B1631EDBB21F2B96BF054A0021D15CB5
:10D830000C300AF0E9F8284638BD00BF380C00204B
:10D84000F8D20100034BD3E8EF2FC3E8E10F002922
:10D85000F9D17047E42700200F2810B50CD80D2807
:10D860000CD90A480AF061F8044618B104210C30BA
:10D870000AF0CAF8204610BD1328F2D009B10448B6
:10D88000F0E70220BDE81040FFF7C4BF640C0020A1
:10D89000B40B002070B5C6683378B6F8014083B980
:10D8A0000F21204601F0F8FCF378054650B90A4AEA
:10D8B000118831B96FEA04506FEA10501080074A9E
:10D8C000137070BD4372012101F052FC2846BDE87F
:10D8D000704001F00BBC00BF5E31002073310020AE
:10D8E00010B50024084B86B0039303AB00934FF4AC
:10D8F00062724FF0FF3305490548CDE9044406F054
:10D90000DBF8204606B010BD18D30100403C0020D3
:10D910000819002010B5084C0146062294F86F0043
:10D9200001F042FF38B994F86F000522BDE81040BD
:10D93000024901F039BF10BDA0050020C4D201008A
:10D9400010B5012104460C300AF07FF82146BDE8ED
:10D9500010400023014A00780AF0C3B904C801004E
:10D9600010B5012104460C300AF06FF82146BDE8DD
:10D9700010400623014A00780AF0B3B9D4C7010069
:10D9800010B5012104460C300AF05FF82146BDE8CD
:10D9900010400223014A00780AF0A3B9A4C701008D
:10D9A0002DE9F8430C4606F067FBE368228A1978F4
:10D9B000022964D0042905D02046FFF73BFE6FF012
:10D9C000150405E0022A08D82046FFF733FE00249C
:10D9D00006F066FB2046BDE8F88358783E2808D15B
:10D9E000032AF1D0DB78012B01D00A2B47D1032683
:10D9F00004E00AF016F90646F0073ED504F10C05DE
:10DA000028460AF03AF8012107462846B4F8109053
:10DA10000AF013F8022128460AF017F88046007829
:10DA20003E2816D1E3681B78012B31D00A2B2FD06A
:10DA3000022541F27B13194A19491A4809F016FECA
:10DA4000002383F31188BFF36F8F0323184602DF8F
:10DA500004E00AF0E6F8C1070546EAD5124A0623B3
:10DA6000214698F800000AF03CF9AA0712D563692C
:10DA7000A4F8109013FA87F7E760B307A7D52146FB
:10DA80000A4809F056FF0A490A480CF0B7FC9EE71D
:10DA90000325E3E72046FFF7CDFDEEE728D301009D
:10DAA0005CD3010075D3010074C70100EC060020AF
:10DAB000E4080020F019002070B5314809F04EFF4D
:10DAC000044600285AD000F10C05284609F0C5FF8D
:10DAD000022805D004282FD02046FFF7ABFD21E017
:10DAE000238A032BF8D90421284609F0AEFFFF2230
:10DAF000438806882276228AC6F30B009A42608306
:10DB0000EAD10F2101F0C8FB05460028E4D001F05E
:10DB1000DFFB21462076320B28460AF075FB2846AB
:10DB200001F0E4FA174BD3F84C313BB3BDE8704039
:10DB3000154916480CF062BC2846022109F085FF01
:10DB4000054600783E2812D00AF06BF810F0020665
:10DB50000DD140F6B2430E4A0E490F4809F086FD3A
:10DB600086F31188BFF36F8F0323184602DF042367
:10DB700021460A4A28780AF0B4F8ADE770BD00BF24
:10DB8000EC060020A0050020E4080020F019002089
:10DB900028D3010092D3010075D30100B4C701005E
:10DBA0002DE9F04788461646824600286AD00023B1
:10DBB000DFF8D490D9E8EF4FC9E8E23F002AF9D165
:10DBC000002C5FD02046FFF795FC0C232F4D2746F5
:10DBD00003FB0050438853450DD0D9E8EF3FC9E817
:10DBE000E27F002AF9D1002B4CD01F463846BDE811
:10DBF000F047FFF71FBDA64208D0204609F090FE6F
:10DC0000328AF16804F10C0009F0F5FE2046FFF7B6
:10DC100071FC0C2606FB00504368ABB1B8F1000F55
:10DC200012D12046FFF766FC012106FB0050426836
:10DC3000D2E90003127A03F01F06B1405B09DAB1A2
:10DC400000EB83000AF020F82046FFF753FC0C2677
:10DC500006FB00508368002BC8D02046FFF74AFC23
:10DC6000704305F800802046FFF744FC06FB005592
:10DC7000A86805F049FDB9E7C94300EB83000AF045
:10DC800047F8E1E7BDE8F087E8060020E827002034
:10DC900073B5C5680121B5F8010001F0FDFA04462D
:10DCA00000284CD02B78061D1A2B19D1C378012BD4
:10DCB0002DD14FF48041304609F0E6FF42040FD4E5
:10DCC000D4F88C3069460093D4F894302046019300
:10DCD00001F036FF204602B0BDE8704001F006BA00
:10DCE0002B78A3B940F2E242B5F803305343C4F8AD
:10DCF0008830B5F80530A4F89030B5F80730A4F8AE
:10DD000092306FF4805130460AF002F813E0D6E802
:10DD1000AF3FDB04F5D52B78202BF2D194F8983067
:10DD2000002BEED0013B84F89830064A002304F122
:10DD3000400005F02BFF204601F06AFCCAE702B064
:10DD400070BD00BF5A620200054BD3E8AF2F02F04E
:10DD50000B02D3E8EF1FC3E8E02F0028F9D170478A
:10DD60007406002010B5C1E900239DF808300C4668
:10DD70000B72FFF7BFFB0C22024B02FB00335C600F
:10DD800010BD00BFE8270020F8B502460B4610483A
:10DD900009F0CBFD0446C0B104210C3009F01AFE95
:10DDA0002046FFF7A7FB0C2700260A4D07FB005073
:10DDB00046802046FFF79EFB07FB0050866020460A
:10DDC000FFF798FB07FB00556E602046F8BD00BFCB
:10DDD0000C0C0020E8270020034B0146D3F86C010F
:10DDE00082689268104700BFA00500200421014806
:10DDF00009F04ABF740600200048704706CE0100B3
:10DE0000014902480CF0FABAD40800200819002091
:10DE100070B505460C4659B94FF0FF304FF0FF3151
:10DE2000FFF7B2FF044618B96FF06805284670BDC9
:10DE30002046FFF75FFB0C22154BA61802FB0033B0
:10DE400030465D8009F019FE03280BD903213046C6
:10DE500009F0E2FD0580238A0121033B83703046EF
:10DE600009F0E2FD40F635439D4208D12046FFF718
:10DE7000B3FF054648B12046FFF7DCFBD6E7214655
:10DE800004480CF003FAFFF7BBFF0025CEE700BF04
:10DE9000E8270020F40600202DE9F0430646174647
:10DEA0000C4687B069B94FF0FF304FF0FF31FFF7F4
:10DEB0006BFF044658B96FF06805284607B0BDE807
:10DEC000F083887AFFF70EFB304B834257D1012253
:10DED000002168460CF0F3F92046FFF70BFB0C23FA
:10DEE000DFF8AC9003FB0090C0F808D0204609F0A2
:10DEF0004BFD01463046FFF78BFF054618B1204623
:10DF0000FFF798FBD9E700236846224A05F036FC64
:10DF1000804690B14FF4FD731F4A2049204809F014
:10DF2000A5FB424631461F4809F0A0FB85F3118846
:10DF3000BFF36F8F0323184602DF2046FFF7DAFA9C
:10DF40000C23584319F80060AEB12046093EFFF794
:10DF500071FB092E0CD8DFE806F0150B0B08050B3A
:10DF60000B0B0B126FF00B05A7E76FF00C05A4E786
:10DF70006FF00405A1E7002FC1D03C609DE76FF072
:10DF800015059AE76FF06E0597E700BF0C0C0020AF
:10DF9000E8270020B4C4040028D30100C0D3010046
:10DFA00075D30100C9D301002DE9FF4100264F4B75
:10DFB000B0F80180198848F47042914204BF1E8075
:10DFC0004B4B00F1040408BF1E78C3780546012BB3
:10DFD00008BF484B204614BF002793F86F7009F024
:10DFE000BFFD2146A8B1012702A809F0AEFDD5F872
:10DFF0001130CDF80130B5F81530ADF80530EB78BB
:10E00000012B1CD01321404609F039FF04B0BDE8B4
:10E01000F081384609F0ECFF034600682F79029042
:10E020009A889B796868ADF80C208DF80E30A2882C
:10E03000A3790090ADF804208DF80630DFE702A840
:10E04000FFF768FC04460028DCD00346B5F8012041
:10E0500023F8702B9DF80E200298BDF80C10206755
:10E060009A7140F2E2429980B5F81730534300228A
:10E07000C4F88830B5F81930A4F89030B5F81B30E2
:10E08000A4F89230EB786272012BE3701CD18DF80A
:10E090000070BDF804209DF806300098A4F87B209D
:10E0A00084F87D30C4F8770000F09EFD237A114992
:10E0B000C3EBC3035A18CB58C4F87E309388A4F836
:10E0C0008230937984F884300721204601F050F89B
:10E0D00026B101212046667201F04AF8204601F07F
:10E0E00029F9204601F002F890E700BF5E310020D8
:10E0F00073310020A005002000B5C36889B01A78EC
:10E1000032B13C2A32D109B05DF804EB09F071BE9E
:10E110008DF80020B3F80120ADF80120DA788DF8F1
:10E120000320B3F80B20ADF81720B3F80D20ADF89D
:10E130001920B3F80F20ADF81B205A7C8DF81D2054
:10E14000586801901A899B7AADF808208DF80A303A
:10E15000084B68461A689B88CDF80B20ADF80F3045
:10E16000CDF81120ADF81530FFF71EFF09B05DF8AE
:10E1700004FB00BFD8D20100F7B5002240F60340EF
:10E180001146FFF789FE0446002853D1FFF7DCFD56
:10E19000214641F2030001AAFFF77EFE0446002853
:10E1A00048D1019ABE4DD16805F17803D1F801003C
:10E1B000D1F8051003C31046FFF73CFA214641F29F
:10E1C000010001AAFFF768FE044698BB0198C368E6
:10E1D0005A7885F870205A88A5F872201A7985F83F
:10E1E0007120B3F80720A5F87420B3F80530A5F81E
:10E1F0007630FFF71FFA214641F2020001AAFFF72D
:10E200004BFE0446B0B9019F05F18006FA68531C25
:10E210004132344618685968083303C4934226468D
:10E22000F7D13846FFF706FA95F87C305E0604D43D
:10E230006FF01204204603B0F0BD002142F203004B
:10E2400001AAFFF729FE04460028F3D1019B954E51
:10E25000DA68D2F80100D2F8051003C61846FFF7B5
:10E26000E9F9214642F2020001AAFFF715FE044631
:10E270000028DFD1019CE368B3F8012091B249B1D5
:10E28000D97839B1A5F80421DA78114606F12800C9
:10E290000CF015F82046FFF7CDF91F2395F87C60A8
:10E2A000A5F8203116F0200619D14FF0FF304FF0BD
:10E2B000FF31FFF769FD0446002800F0ED800221E0
:10E2C0000C3009F092FB0123214603704670324660
:10E2D00040F66D40FFF7E0FD04460028AAD195F80E
:10E2E0009C301C0712D5002142F21C0001AAFFF746
:10E2F000D3FD044600289DD10198C368D3F80120BE
:10E30000D3F80530C5E93823FFF794F94FF0FF3013
:10E310004FF0FF31FFF738FD0446002800F0BC80C5
:10E3200008210C3009F061FB95F8D83095F8D92018
:10E3300013F0020F14BF2F230F2312F0090F4FF019
:10E34000000218BF43F4006303701B0A21464370A8
:10E350008270C270027142718271C27142F2010018
:10E36000FFF79AFD044600287FF464AF95F87C30EF
:10E37000B5F8041198067BD4C9B941F2050001AA89
:10E38000FFF78AFD044600287FF454AFB5F8043146
:10E39000019C4BB9E368B3F80120A5F804219A88E1
:10E3A000414811460BF08BFF2046FFF743F94FF031
:10E3B000FF304FF0FF31FFF7E7FC044600286BD039
:10E3C00008210C3009F011FB1023037088234370DF
:10E3D00002230022C3702023214682700271427101
:10E3E0008271C37140F60140FFF756FD04460028D4
:10E3F0007FF420AF014601AA4FF60140FFF74CFD24
:10E40000044620BB0198FFF715F921464FF602405C
:10E4100001AAFFF741FD0446C8B90198C368B3F8E3
:10E420000130A5F8C130FFF705F995F8C1305A075A
:10E430000DD521464FF6034001AAFFF72DFD30B957
:10E440000198C3685B7885F8C030FFF7F3F8EB7983
:10E450009BB900F011FB044600287FF4EBAE01F0FD
:10E4600069FA044600287FF4E5AEFFF7BFFCE1E659
:10E4700000299CD16FF00404DCE62E78002EE8D150
:10E4800095F8C1309B0625D54FF0FF304FF0FF3196
:10E49000FFF77AFC044648B96FF06804CAE600BF8B
:10E4A000A005002078060020A806002006210C30D8
:10E4B00009F09BFAD5F8013021460360074B32463C
:10E4C0009B8883804FF60640FFF7E6FC0446002851
:10E4D000BFD0AFE66FF08504ACE600BFA105002019
:10E4E00010B5FFF749FE034B1B6813B1BDE81040A0
:10E4F000184710BD0028002073B5254D0646D5F8F5
:10E500006C010BF087FD00283BD06FF0020105F194
:10E51000D40009F0FDFB012109F0B6FB10EA01046B
:10E5200032D11C4B1E600A4605F598700BF0C7FEF1
:10E5300005F5AA700BF09EFE17480BF08AFF6FF0EE
:10E5400007034FF4006215491348009405F0B4FA2C
:10E550001349114805F054FBD5F86C011149836843
:10E560001B689847044648B926B902B0BDE8704018
:10E57000FFF702BE05F1C40005F098FA204602B08C
:10E5800070BD6FF01204F9E76FF07704F6E700BF93
:10E59000A005002000280020F0190020C83F00201E
:10E5A0000ED40100A1D9000038B5044603210C3077
:10E5B00009F04BFAE3680578197840F63543B0F86E
:10E5C000010098420AD02246FFF7EAFA35B1044822
:10E5D00005F09AF8BDE83840FFF712BC38BD00BF1F
:10E5E000D006002038B505F047FD284DD5F8543148
:10E5F000002B48D00022002305F5987005F0BEF8E6
:10E60000002840D10022002305F5AA7005F04AF841
:10E61000044668B940F6C2431D4A1E491E4809F027
:10E6200025F884F31188BFF36F8F0323184602DFA8
:10E63000D5F8480120B1FEF7FDFF0023C5F84831A9
:10E64000204609F0A1F9C5F848012046FFF7C4FBB0
:10E6500098B1124805F058F82046FEF74BFF0C22FF
:10E660000F4B1F2102FB003022464088FFF798FA2B
:10E670002046FEF7DFFFFFF7C3FBFFF7C1FBBDE856
:10E68000384005F00DBD00F065FEF8E7A00500205C
:10E6900028D3010017D4010075D30100D006002053
:10E6A000E827002038B5042104460C3009F0CDF9E4
:10E6B0004578017822464088FFF772FA35B1044860
:10E6C00005F022F8BDE83840FFF79ABB38BD00BF1F
:10E6D000D0060020F8B506460024094DEF79E3B2D4
:10E6E0009F4202D86FF0010007E02946304609F04A
:10E6F00077FC0735631C08B12046F8BD1C46EEE7E1
:10E70000A005002070B5144E0622314604460DF0D7
:10E7100078F8E0B14FF0FF304FF0FF31FFF734FBF6
:10E720000546B0B1062221460C3009F064F90022FA
:10E73000294642F20500FFF7AFFB48B9334622688D
:10E7400043F86929A288B280012283F8682000205A
:10E7500070BD6FF06800FBE70906002037B504467E
:10E760000D4689B12846184909F03AFC60B9174AA4
:10E770002968C4EBC4041151A318AA889A80AA7905
:10E780009A71002003B030BD684609F0D0F9002826
:10E79000F8D16846FFF79EFF0028F5DA0B4A00988B
:10E7A000C4EBC40410519DF80610BDF80400A31872
:10E7B00098809971002DE4D012592A609A88AA8015
:10E7C0009B79AB71DDE700BFCBD20100A005002033
:10E7D00070B5044611B16FF0150070BDF0B122495B
:10E7E00009F0FEFBD0B92046FFF774FF002835DAA8
:10E7F000237863B91D4AD37983BB20681060A1795F
:10E80000A088917101219080D1711846E5E7012B14
:10E81000E1D1A37903F0C003C02BDCD1134DEB7918
:10E82000012B1ED005F1D403D3E8AF3FDB0707D49B
:10E83000002CD0D020460C4909F0D2FB0028CAD1C8
:10E84000EE792146731C3046EB71FFF787FF08B95C
:10E850003046C2E7EB79013BEB71BEE76FF0770022
:10E86000BBE76FF00B00B8E7CBD20100A00500209A
:10E870002DE9F3410446D8B1002141F2090001AA73
:10E88000FFF70AFB054698B9019E0622D6F80C80D0
:10E89000104908F1010738460CF0B3FF28B10622F1
:10E8A00038460D490CF0ADFF30B93046FEF7C2FED8
:10E8B000002002B0BDE8F081D8F801303046C4F83D
:10E8C0000130BB882570A4F80530FEF7B3FE0120A7
:10E8D000EFE700BFD8D20100D2D2010007B56846E9
:10E8E000FFF7C6FF044BD87118B169460020FFF747
:10E8F00035FF03B05DF804FBA0050020F0B5294DFD
:10E9000089B0EE79002E46D195F8C230DB0722D5CA
:10E910006A4631464FF60940FFF7BEFAD8B9DDF82E
:10E9200000C0DCF80C406378012B1E4628BF01268E
:10E9300073B1A31C02AA1234174618685968083329
:10E9400003C7A3423A46F7D1186838609B88BB805A
:10E950006046FEF76FFEEE71002416260127EB7964
:10E96000E0B2834202D8B3B1002012E008AB06FB4C
:10E97000003353F8182C33F8143C6946CDF80120C5
:10E98000ADF805308DF80070FFF7E8FE013400287F
:10E99000E5D009B0F0BD0021084609B0BDE8F0405F
:10E9A000FFF716BFA00500202DE9F0410D461746E0
:10E9B0001C460646002856D0002B54D00A03037884
:10E9C00008D56D074FD409F020FB002849D1012359
:10E9D00023700CE0A9072CD026480FB1AA0608D452
:10E9E000C3EBC302825C012A12D002B9227000205C
:10E9F00037E090F8D820510638D5C3EBC302825CCB
:10EA0000012A05D002B92270237843F00203DFE720
:10EA10004FF00108072111FB03810144304609F042
:10EA2000ECFAF0B984F80080002FE0D0AB06DED518
:10EA3000EAE76A0711D50F49C3EBC3028E5C012ECA
:10EA400008D1072212FB0363194409F0D6FA40B932
:10EA50002670EBE7002EE9D1FAE709F0D6FA012398
:10EA60002370BDE8F0816FF01500FAE76FF08500C4
:10EA7000F7E700BFA005002010B50A4CE3790BB101
:10EA8000002010BDFFF72AFF0028FAD1E379002B00
:10EA9000F6D1FFF733FF0028F3D1601CBDE810402A
:10EAA000FFF730BEA0050020F8B5456806466905A9
:10EAB00035D4046914B115F0030330D0194F307800
:10EAC000FB7983422BD9C0EBC0000722164938449A
:10EAD0000CF097FEA8B115F0030306D197F870204B
:10EAE000082A02D8B2689F2A19D915F0300F09D028
:10EAF000ACB1EA060AD405F46035B5F5603018BF4C
:10EB00000120F8BDEB0601D4002CF4D1D6E9022394
:10EB10009A4204D81F2A02D9B3F5804FEBD90020BE
:10EB2000EFE700BFA0050020CBD20100F7B5CDE98B
:10EB30000001694642F2080016461D469DF8207005
:10EB400009F090FA044648B95FB90B4BD3E8EF1FC0
:10EB500041F00401C3E8E21F002AF7D1204603B0C8
:10EB6000F0BD694642F20900CDE9006509F07AFA84
:10EB70000028EAD00446F1E7C8050020F8B50446AD
:10EB800014F8097B154B05460E460722204614490A
:10EB900083F86F700CF035FE70B93846114900F0FB
:10EBA000BFFD044610B96FF00B00F8BD052100F061
:10EBB000DFFA00203460F8E72146384609F0C6FB4A
:10EBC00040B92146287800F0ABFD04460028EAD081
:10EBD0000621ECE76FF01500E7E700BFA005002075
:10EBE000CBD20100C4D2010000487047B805002014
:10EBF0002DE9F04F9A460023D0F810B0864EBBEBBB
:10EC0000030489B00546304618BF0124039309F078
:10EC100026FA0F464107914640F1E0802846FFF76B
:10EC200043FF60B96FF015043846002340F201112C
:10EC3000994540F0DC80204609B0BDE8F08F2846B9
:10EC400009F0FAF980460028ECD0A6F1AC0009F0F2
:10EC500006FAC205C0F3002300F1C380CDE90533F5
:10EC6000CDF81B30AB686868ADF81030EB68ADF8D4
:10EC7000123009F0E5F98DF81D00D6E8EF3F23F4D6
:10EC80008073C6E8E23F002AF7D12A780DF1150318
:10EC900006F8BC2C06F8652C69682246A6F1BC0073
:10ECA000FFF782FE04460028BED1A6F1B303BBF1F4
:10ECB000000F11D02A69116846F8B31C9188998019
:10ECC00092799A716B689E0744D1980502D4BAF183
:10ECD000000F53D002230BE0504A116846F8B31CD2
:10ECE0009188927999809A716B689C07EDD05B4608
:10ECF0008DF814304FF0FF304FF0FF31FFF744F83C
:10ED00000446002870D00F2204A90C3008F073FECE
:10ED10002146002242F20600FFF7BEF80446002812
:10ED200082D1BBF1000F2DD06B68990736D101213C
:10ED30003B4809F006FA039E0446002836D0002E10
:10ED40003FF472AF3046002100F012FA304600F076
:10ED5000CDF969E713F0100F0CBF012304238DF8E0
:10ED600014302B691A68CDF816209A88ADF81A204D
:10ED70009B798DF81C304FF00008BBE703238DF81A
:10ED80001430F8E7524649463846129BCDF80080C9
:10ED9000FFF7CCFE04460028C6D045E7204803A96B
:10EDA000FFF7ECFE04460028C1D03DE716B130461F
:10EDB00000F09CF96A681B4812F0030218BF012298
:10EDC000092109F0A9F942460A2109F0A5F96A6862
:10EDD0000C21C2F3800209F09FF925E76FF00A04C5
:10EDE00022E76FF077041FE76FF068041CE70288E2
:10EDF0008A4204D1426812B11278D20702D4013398
:10EE0000083015E7084909480BF029FB0023084A98
:10EE1000064804F0EFFE0EE774060020CBD2010096
:10EE2000B8050020C805002095810100D00500200C
:10EE30001C4E0E0010B5184809F0A9F9174809F042
:10EE40000EF90346DA05C0F3002023D5134809F074
:10EE500006F9830515D51249072212480CF0D1FC9A
:10EE600003461149087E93B90522104900F09CFC25
:10EE7000044630B10021417200F07AF9204600F0DA
:10EE800035F9BDE810400021034809F05AB90622BF
:10EE90002131EBE710BD00BFB8050020C8050020F8
:10EEA000CBD20100C1050020A0050020C4D2010082
:10EEB00070B505460B4B1C6844B154F8143C143C27
:10EEC00013B12846697A98476469F5E7064C074EFE
:10EED000B44200D370BD236813B12846697A9847BD
:10EEE0001834F5E73828002064C301007CC3010012
:10EEF00010B50446FEF7FEFA044901EB0011204666
:10EF000008F06FFEBDE81040FEF77ABF042800202D
:10EF1000002270B50446D1E901560748C1E9012233
:10EF20000BF0B4F93DB1314620462B46BDE87040A8
:10EF30006FF06D02184770BD440B002010B4827A48
:10EF40000346072A16D10433D3E8EF2F42F4806139
:10EF5000C3E8E41F002CF7D151050BD4D3E8AF3F31
:10EF6000DA0307D4044B93F8D8301B0702D510BC42
:10EF700008F0ABBF10BC7047A005002070B5054677
:10EF8000002200230E4804F0F9FBB8B90D4B1C68B1
:10EF900034B154F80C3C143C03B198476469F7E76A
:10EFA000094C0A4EB44204D32846BDE8704004F030
:10EFB0007DBDA36803B198471834F3E770BD00BF67
:10EFC000140B00203828002064C301007CC301001A
:10EFD0002DE9F843044640270025DFF85080EFF381
:10EFE000118387F31288BFF36F8FE16929B983F327
:10EFF0001188BFF36F8FBDE8F883206A0A688142E9
:10F0000008BF2262E26183F31188BFF36F8FD1E9F9
:10F0100001694046C1E901550BF038F91EB10022E3
:10F0200049462046B047FEF7EBFED8E7440B0020E8
:10F030000448B0F8043100F58470002B08BF0020AC
:10F04000704700BFA005002030B504460CF064FCFA
:10F050000D460D4A0D498BB00858D2F8C8108842A9
:10F0600005D120460BB0BDE83040FFF7B1BF2434D6
:10F07000214610460BF0C2F91DB1694620460BF03F
:10F08000CDF90BB030BD00BFA8250020080000005E
:10F0900038B5002204468A4202D10024204638BDF9
:10F0A000012004F1C803D3E8EF5F002D04D1C3E8C9
:10F0B000EC0FBCF1000FF6D102D0D0340244EAE7E5
:10F0C000002CEAD0C822002120460CF092FB04F16B
:10F0D000400004490BF0C3F9034904F124000BF08C
:10F0E00071F9DBE755F80000BB81010008B5C830B5
:10F0F000D0E8EF3F013BC0E8E23F002AF8D13BB93E
:10F10000044804F001FBBDE80840034804F0CEBC0D
:10F1100008BD00BF140B00200409002010B50446F0
:10F1200009F0C0F804F0A8FF104B04F1BC02D3F8BA
:10F13000241149B9C4F8BC10D3F8281189B9C3E91E
:10F14000492204F0ADFF06E08A4208D104F0A8FF8E
:10F150002046FFF7CBFFBDE81040FEF751BE09681F
:10F16000E7E70A60C3F82821EBE700BFA00500200D
:10F1700070B5837A04468B4267D08172F3B909F087
:10F1800091F8A37A012B1CD0072B5ED100212F48C8
:10F1900005F0F8FA0023C4E90D33E378012B54D1CC
:10F1A000A37804F14000012B04BF032384F89830B6
:10F1B000274A0023BDE8704004F0E8BC827A012AA7
:10F1C00008D1244D05F58476616961BBBDE87040C6
:10F1D000FEF716BE072AD9D0002A36D1013B072BED
:10F1E00033D8DFE803F004171B1B1B17323200F182
:10F1F000400528460BF03FF920460121FFF724FF88
:10F20000204608F0F8FF2846BDE8704000220023A1
:10F2100004F0F0BC437A0BB1FFF74AFE2046BDE88C
:10F220007040FFF763BFA2690B68914208BFA361FA
:10F2300020466361FFF76CFEB5F80431002B14BF64
:10F240003046002004F060FABEE770BD14090020CB
:10F250005A620200A0050020F8B5074609480D468D
:10F26000164609F01FF8044650B183781F4203D1B7
:10F27000BDE8F840FFF73ABF3146A8472046F7E718
:10F28000F8BD00BFD81A0020002201200149FFF775
:10F29000E3BF00BF3DEF000038B505460B480C4604
:10F2A00009F000F8034670B1827A012A02D0073AC9
:10F2B000012A06D81A88AA4202D19A78144203D1A8
:10F2C0001846FFF713FF0023184638BDD81A002050
:10F2D000034BC01A034B00115843C0B2704700BF24
:10F2E000D81A0020C54EECC470B51C461443054620
:10F2F0000E460AD00CF010FB0B4908580B49D1F808
:10F30000C810884204BF002213460949002D14BFCB
:10F310002846084608F009FB044618B1711D0C3058
:10F3200008F058FB204670BD08000000A82500200A
:10F330005C0B002010B50446054804F0B7FB2046DE
:10F3400000F0B0FB2046BDE81040FFF7B1BD00BFA4
:10F35000F408002000232DE9F04F87B003930593B4
:10F36000A64B5A8B32B1A64DD5F8244134B907B01B
:10F37000BDE8F08F1B68002BF5D1F8E754F8BC39D5
:10F3800003B1BC3B00269F4901E01C461346B5F87B
:10F390000421002A00F03081D5F810214AB904F187
:10F3A000BC06002BE3D0D3F8BC20002AEDD0BC3A39
:10F3B000EBE70A68002AF2D0D4F8A820002AEED0A1
:10F3C000D4F8AC20002AEAD0D4F8B020002AE6D045
:10F3D000A37A072B64D120469047002860D004F11F
:10F3E000C003D3E8AF3F022B5ADC204608F05AFF97
:10F3F00004460028BBD0A37A072B40F0F4802046B7
:10F40000D4F8A830B5F8041104AA98470746002894
:10F4100000F0C980B5F80421049B9A4206D3014646
:10F42000D4F8AC60204605AB03AAB047DDE9039AE7
:10F43000059B01933B8A002B00F0D880384608F0EA
:10F44000E6FB8046002840F0D480B5F80431DFF8B0
:10F45000B8B1002B14BF584600200022002304F04E
:10F460008DF978B900220023664804F01BF906469E
:10F4700000283BD1B5F80431002B18BF5E4630465A
:10F4800004F042F96FF00B053846FEF7D3F8B9F1F6
:10F49000000F00F084802A4620460199C8477EE08C
:10F4A000D4F8BC3004F1BC02C6B9D5F82811C5F8AF
:10F4B00024318A4201D1C5F8283100232046C4F8FE
:10F4C000BC30D4F8B0309847002894D0A37A072BEA
:10F4D00040F089802046FFF721FE8CE73360D5F8A5
:10F4E00028319A4208BFC5F82861E6E7019BC0F8B9
:10F4F00004908360B5F804B10022DA454FF00003B0
:10F500004FF000013D4898BF1FFA8AFBFEF714F840
:10F51000814650B1FDF7EEFF3C4B5A4603EB00131A
:10F520003946484608F038FB8146B5F8043194F86E
:10F53000C4709A458CBF4FF00108023784F8C4802C
:10F5400098BFFFB204F1C008D8E8EF3F0133C8E824
:10F55000E23F002AF8D100233360A3693BBBC4E932
:10F560000566A378012B25D0D8E8EF3F013BC8E81A
:10F57000E23F002AF8D1314604F1140008F020FEE1
:10F580004846FEF757F820463146FFF7C1FCB5F86C
:10F5900004311D48002B08BF002004F0B5F81321EA
:10F5A000204608F093FE2046FFF7A0FDDFE61E6030
:10F5B000A661D6E709F10C0A0421504608F02CFA9E
:10F5C000238807F0FD0743EA07330380B9F81030BA
:10F5D0000221043B4380504608F026FA4846FEF7D5
:10F5E000FBFB0028C0D1FEF70BFCDCE76FF07905D0
:10F5F0004AE76FF0040547E79368FFDEE00B002061
:10F60000A0050020440B0020A806002004280020AC
:10F6100040F2E2432DE9F041D0F888600446B6FBA1
:10F62000F3F6031DB6B2D3E8AF2F920413D5B0F8AA
:10F630008C20B2420FD8B0F88E20B2420BD3D0E962
:10F640002412914207D1D3E8EF1F21F40051C3E8FF
:10F65000E21F002AF7D1114B1D6865B155F8047CF3
:10F66000143D37B131462046B4F89230B4F89020BA
:10F67000B8476D69F1E70A4DDFF82880454501D3A9
:10F68000BDE8F0812F6937B131462046B4F8923099
:10F69000B4F89020B8471835F0E700BF38280020AC
:10F6A00064C301007CC301002DE9F0410746084610
:10F6B0000D4608F0B6FB064618B900263046BDE8F0
:10F6C000F081144B1C6884B154F8083C143C0BB90D
:10F6D0006469F8E72946384698470028EDD028465F
:10F6E00008F09FFB0028F3D1E7E70B4CDFF82C80F4
:10F6F0004445E3D2E3680BB91834F9E729463846A4
:10F7000098470028D9D0284608F08BFB0028F3D171
:10F71000D3E700BF3828002064C301007CC3010088
:10F7200038B505460C460E480121FFF7B1FCB0B1D3
:10F73000057223680367A388A0F87430A37980F862
:10F74000763001238370074BC0F8A830064BC0F811
:10F75000AC30064BC0F8B030054BC0F88C3038BD2B
:10F76000D81A0020C9F90000A58101009981010083
:10F770001800280070B505460A480E4608F092FDAC
:10F78000044620B18378012B04D0FFF7AFFC00249E
:10F79000204670BD3246294608F0B8FD0028F7D152
:10F7A0002046F2E7D81A0020F8B505460E480E4666
:10F7B000174608F077FD044620B18378012B03D06B
:10F7C000FFF794FC00240DE036B13246294608F0DC
:10F7D0009DFD08B92046F3E7A37ABB42FAD1237A0C
:10F7E000AB42F7D12046F8BDD81A002038B5044600
:10F7F00008460D4608F015FB38B3154B93F8D83082
:10F80000990707D4E37873B129462046BDE838400C
:10F8100000F096B994F899309A07F3D5231DD3E8F0
:10F82000AF3F5B04EED42946204608F09DFD58B951
:10F830002B88A4F88C306B88A4F88E30AB88A4F8A1
:10F840009430EB88A4F8963038BD6FF01500FBE7D4
:10F85000A0050020F7B510F8363C0446A0F140069C
:10F860000BBB304608F0D3FD2E4B1D684DB155F84B
:10F87000103C143D1BB1304614F8371C98476D6995
:10F88000F4E7294D294FBD4205D3304603B0BDE80A
:10F89000F040FFF72BBC6B681BB1304614F8371CE7
:10F8A00098471835EFE710F83E3C012B24D1A0F122
:10F8B0003C05D5E8EF3F23F40052C5E8E12F0029CD
:10F8C000F7D19B041AD5E36C69460093636D30460B
:10F8D0000193FFF78BFF38B9D5E8EF3F23F480534E
:10F8E000C5E8E23F002AF7D1D5E8EF3F43F40063D3
:10F8F000C5E8E23F002AF7D103B0F0BD6B460C4AE1
:10F900001068516803C369463046FFF76FFF00284F
:10F91000EAD1D5E8EF3F43F48053C5E8E23F002A3F
:10F92000E2D0F6E73828002064C301007CC3010060
:10F93000B8C6010010B50C480AF09CFC0B490A48F7
:10F940000AF0A4FC0A4908480AF0A0FC0949064844
:10F950000AF09CFC09F0DAFA09F0C7FE044608B97F
:10F9600008F05FFE204610BD440B00201428002044
:10F97000202800202C280020044B186818B9044ABD
:10F980005A600B6070476FF00B00704740280020F2
:10F9900040C8010070B5044652EA03000AD00BF0DB
:10F9A000BBFF074D074ED5F8C8503058854204BFFD
:10F9B000002213462046BDE870400431FFF794BC96
:10F9C000A8250020080000002DE9F8430E469046C7
:10F9D000D0F8B4404CB1483C236B63B104F130091A
:10F9E00048460AF068FC054658B9FEF709FA0025B2
:10F9F0002846BDE8F8832068B43008F0FEFCA46C0B
:10FA0000E8E708F004F90028F1D1284607F0BCFF28
:10FA1000E36C05469BB9A38C078A403B9BB23F2B06
:10FA200003D8238D9F4228BF1F46042105F10C00F7
:10FA300007F0F2FF0780A38C04374380E764E36C90
:10FA40002A8A9E420FD3934216D0A38C403B9BB28E
:10FA50003F2B21D92068B43008F0CFFC236B13B1C1
:10FA6000204608F0ABFCE36C9E422CBF00269E1B98
:10FA7000C8F80030E664BBE700220023484603F0E4
:10FA800011FEFDF7D7FDA38CA3F140023F2AE1D878
:10FA9000034AAA61EB61DDE700221346F9E700BFE4
:10FAA0004B850100F7B504460026234D234FBD4288
:10FAB00001D303B0F0BD2988204608F03DFD6B68F6
:10FAC000019001A920469847002830DB019B2A8835
:10FAD0009A829A8403F11002D2E8EF1FC2E8E06F25
:10FAE0000028F9D19E64DE649E60A16B03F10802D8
:10FAF000F9B9C4E90D221C60DE6003F130000AF0A0
:10FB0000B9FB019843681B6803B19847019B103308
:10FB1000D3E8EF1F41F00101C3E8E21F002AF7D14B
:10FB200001984368DB6913B100F11001984708356B
:10FB3000BDE70A60A263DEE74CC3010064C30100B5
:10FB400070B5124B0C46197805460131C9B201292E
:10FB500038BF012108221220197008F0B5FC0646B2
:10FB600088B108210C3007F040FF2288314602801E
:10FB700062884280A2888280E288C2802846BDE8EE
:10FB8000704008F0EFBC6FF00B0070BD74310020C6
:10FB900023281FD81A2804D8431E182B0ED9062054
:10FBA0007047A0F11B03082B1ED8DFE803F0051DEA
:10FBB0001B231D19251D05000320704701230F4A33
:10FBC00083401A40C2B90E4A1A40002A14BF0120CD
:10FBD0000620704700F07F03522B05D100207047AC
:10FBE000012070470520704710F0400F0CBF062021
:10FBF000002070470420704702207047AAAA8A029A
:10FC00005455450170B50E46438D418B01328B42F0
:10FC100028BF0B469A4205461FD83046FFF7B8FF6B
:10FC2000022812D0042810D00BF076FE144B19587D
:10FC3000144BD3F8C830994212D0134B1B685A1A90
:10FC400018BF4FF0FF32134601E000230F4A002196
:10FC50000F48FFF79FFE044620B90024204670BDE0
:10FC60000022F0E7FDF746FC18220A4B012102FBB7
:10FC7000003304F10C009D6007F0B7FE0670EDE75D
:10FC800008000000A8250020E02800201C4E0E00DF
:10FC9000880B002098280020011F01480AF00EBAA6
:10FCA000280A0020F8B50F4A074600230E480E46E2
:10FCB00007F03BFE044690B100F10C0509212846EF
:10FCC00007F088FE2046FDF715FC1822074B01219E
:10FCD00002FB003328469F6007F087FE067020462F
:10FCE000F8BD00BF1C4E0E00880B00209828002095
:10FCF00008B5EFF31181402383F31288BFF36F8FB0
:10FD0000002303600C4B5A689AB9C3E9000081F3E1
:10FD10001188BFF36F8F094803F0C8FE002807DA87
:10FD2000002383F31188BFF36F8F0323184602DF8C
:10FD300008BD10605860EAE7902800204C090020B8
:10FD400010B5044600F15003D3E8EF1F41F0010164
:10FD5000C3E8E21F002AF7D1201F08F0C8FD04F114
:10FD6000740004490AF07BFB2068BDE8104001F0F4
:10FD7000E5BA00BF458F010070B503788AB004462C
:10FD80000E4607AD032B20D8DFE803F002191B1D38
:10FD900011492846FCF761F8059563781E21049304
:10FDA000A37830460393E3780C4A029323790193B6
:10FDB00063790093A37907F043F80AB070BD08494E
:10FDC000E7E70849E5E70849E3E70A212846074A43
:10FDD00007F036F8E0E700BFC9CC0100F2CC010023
:10FDE000D0CC0100D7CC0100E1CC0100EBCC01006C
:10FDF0002DE9FF414FF000084FF4205305460E4611
:10FE0000006802A9144617688DF80880ADF80A301A
:10FE100007F03FFEA0B142F60103286803A98DF860
:10FE20000C80ADF80E3007F034FE48B123691BB1E9
:10FE30005A88B24200D25E80012004B0BDE8F08151
:10FE40006168286807F025FE10B100232361F3E7FD
:10FE5000E368A0681A786AB1B7F82AC0798B038A78
:10FE60008C4594BFC3EB0C03C3EB0103934201DA4F
:10FE70000020E2E704210C3007F0B7FD2061068086
:10FE8000236929465E80074B01940093384600237E
:10FE9000A26808F06FFD0028EADB2069003818BF6F
:10FEA0000120CAE7558901002DE9F3471768054687
:10FEB0008946006851681446D7F804A007F0E9FDA8
:10FEC000804600284BD195222946504609F0C0FAB9
:10FED0000646207540B1E3681B780BB184F81480A6
:10FEE000002002B0BDE8F0872946504609F0D2FB59
:10FEF00010B908232375F3E7A068267507F048FDBD
:10FF000002210C3007F071FD164B2061A0F8009023
:10FF100000930194334629463846A26808F02AFD2A
:10FF2000002807DA10F1FF0F32BF0E204042C0B2A6
:10FF30002075D5E72369002BD2D0A06808F07CFBA0
:10FF40007B8B7A8D9A4294BFC0EB0200C0EB03001A
:10FF5000E3681B78984294BF00200120C1E701208C
:10FF6000BFE700BF49860100F7B5002304460E46EF
:10FF700000226946284803F09FFA0546D0B90BF0E5
:10FF8000CBFC264B009F1A58254B29461A60381D7A
:10FF900028220BF02EFC3C60009C0022C4E9015595
:10FFA000C4E9095500231F4801A9019503F084FA0B
:10FFB000054620B16FF00B05284603B0F0BD019B4C
:10FFC0000146B02218460BF014FC174A82605C30E0
:10FFD0000AF050F9019B5433D3E8EF2FC3E8E15FF7
:10FFE0000029F9D1019B1C60636A019F1BB904F1D0
:10FFF0000C000AF03FF9626A07F1A803C7F8A820CD
:020000021000EC
:10000000A26A636202B9A3621722019B5A855A83CE
:1000100004333360D0E700BF0C0A00200800000062
:10002000E0280020280A0020240900202DE9F74FAD
:10003000064608460C46FDF75DFA18234343DFF8F1
:100040009480054608EB0302D2F808A0E06806F1A8
:100050005401D1E8AF1FC90738D5E168097811719B
:10006000002248F803200378D22B0ED133682146B2
:10007000186809F037FB40B101902046FDF7DAFA25
:10008000019B184603B0BDE8F08F04F10C0007F0A7
:10009000F4FC18235D43002307461A46214608EB6B
:1000A0000509301DB4F810B0C9F8086008F022FA4C
:1000B00003460028E5D06269A4F810B012FA87F769
:1000C000E760C9F808A048F80500DAE76FF0150303
:1000D000D7E700BF982800202DE9F74F0646EFF339
:1000E0001187402383F31288BFF36F8F404C204663
:1000F00008F098FA23680546009387F31188BFF348
:100100006F8F00285ED0FDF7F5F9182202FB00F38F
:100110003849C81851F803B003690021D0E90247F3
:10012000019390F80480B0F806A00BF062FBA87A67
:10013000FDF7D8F96969814651B16A7AD00705D4CB
:10014000D9F82420284612689268904700226A61F4
:10015000294648460AF0A5F8B8F1000F22D00CB3A2
:100160002368FBB11B68EBB1BBF1000F1AD1201D56
:1001700008F0E5FD4046FFF70BFD052812D8DFE843
:1001800000F024031124110304F15403D3E8AF3F1A
:10019000DA0707D5A36D2BB10023174A04F17800C5
:1001A00003F028FD009B6BB1314600200AF026F9D0
:1001B000002807DA002383F31188BFF36F8F03232E
:1001C000184602DF03B0BDE8F08F54F8543B1D68B9
:1001D000D4E8AF3FDB07E5D5002FE3D0002403E0F0
:1001E00028460199B8470134A3B25345F8D3D9E75B
:1001F00090280020982800201C4E0E00F8B50B8A8D
:1002000004460D460768002B39D0012105F10C008A
:1002100007F01BFCBB7A0646072B30D154F8043C90
:100220006BB3002301781748043C10F8337000EBDF
:10023000C3028F4208D1298A53789778994213D202
:10024000012F1CD1042317E001330C2BEDD10846FC
:10025000FFF79EFC98B1052811D081B1062300223A
:10026000204608F0ABFD0AE053682946204698472F
:10027000012F034603D110B131780029EFD10020BE
:10028000F8BD00BF68C801002DE9F0410E8A0446A0
:10029000043EF6B2022E08468CB001D0102E64D176
:1002A00004210C3007F0D1FB0DF1080805884788C0
:1002B000011D3246404607F01AFC002857D09DB376
:1002C000002687B3BD422FD84FF42053404601A9E2
:1002D0008DF80460ADF8063007F0DBFB40BB14225C
:1002E000002107A80BF085FA11212046FFF7DAFC60
:1002F0000990002837D001210C30CDE9074807F0DC
:1003000074FB00230A90394603701A4A0B9328465F
:1003100007AB08F0E2F90A9B1B78FBB90998FDF7D7
:1003200089F90A2301E03D4601232A4610210EE007
:1003300042F60103404607A98DF81C60ADF81E3057
:1003400007F0A7FB0028CAD010232A4619462046EA
:1003500008F034FD00200CB0BDE8F081204609997A
:1003600008F01EFDF6E71120F5E70420F3E70E2064
:10037000F1E700BFF1FD00002DE9F04303680446FA
:100380000D4685B00121186809F047F940B904F11C
:10039000540008F0AFFBB0BB122005B0BDE8F083FD
:1003A0001022002168460BF024FA21212046FFF795
:1003B00079FC029048B34FF00108DFF854900094A4
:1003C00005F10C072B8A012B04D82046029908F06E
:1003D000E7FC18E0384607F048FB6B464A46014602
:1003E00006468DF80C8008F078F99DF80C30002B4B
:1003F000E8D00298FDF71EF93246202120469DF8EC
:100400000C3008F0DBFC0020C7E71120C5E700BF77
:100410006B8B01002DE9F043036804460D4685B05F
:100420000121186809F0F9F840B904F1540008F006
:1004300061FBB0BB122005B0BDE8F08310220021A3
:1004400068460BF0D6F90F212046FFF72BFC0290EF
:1004500048B34FF00108DFF85490009405F10C0701
:100460002B8A012B04D82046029908F099FC18E049
:10047000384607F0FAFA6B464A46014606468DF8BA
:100480000C8008F02AF99DF80C30002BE8D0029877
:10049000FDF7D0F832460E2120469DF80C3008F0CA
:1004A0008DFC0020C7E71120C5E700BF0B8B0100C2
:1004B000F0B51D46036804460E4685B00121186854
:1004C000174609F0AAF838B904F1540008F012FBF5
:1004D00048BB122005B0F0BD65B31022002168466C
:1004E0000BF087F939462046FFF7DCFB029018B382
:1004F000BDF828302946ADF80430012328468DF890
:100500000C300E4A6B46009408F0E7F89DF80C306A
:100510005BB10298FDF78EF82A46314620469DF8D9
:100520000C3008F04BFC0020D4E72046029908F07C
:1005300037FCF8E70120CDE71120CBE70B8B01005A
:100540002DE9F0410E8A0446043EF6B2022E08461A
:100550008CB001D0102E76D104210C3007F075FA42
:100560000DF1040805884788011D3246404607F012
:10057000BEFA002869D085B377B3BD422DD80121DA
:10058000606809F04AF8064678BB42F602038DF827
:10059000000069464046ADF8023007F07AFA20B311
:1005A00042F60303404606A98DF81860ADF81A30EC
:1005B00007F06FFAC8B1012D03D14FF6FF739F42C8
:1005C00013D004F1540008F095FA002814BF00205D
:1005D00012200CB0BDE8F0813D4601232A460821D7
:1005E000204608F0EBFB0020F3E7182200210DEB7A
:1005F00002000BF0FEF809212046FFF753FB08909C
:10060000F8B101210C30CDE9064807F0EEF90023DE
:10061000099003700A2339468DF82C30284606AB22
:100620000B4A08F05AF89DF82C302BB10898FDF7CA
:1006300001F89DF82C30D1E72046089908F0B0FB6E
:10064000D1E71120C5E70420C3E70E20C1E700BFB2
:10065000A9FE00002DE9F0430F460446062187B0AD
:1006600007F10C0007F0F1F90588B0F802808288E4
:10067000D7F80C90C5B10023B8F1000F13D0A845EE
:1006800012D38DF800308DF804304FF420536846B3
:1006900001A9ADF80220ADF8063007F0FAF90646D8
:1006A00060B10A2301E0454601232A46062120467F
:1006B00008F084FB002007B0BDE8F0830146142257
:1006C00001A83F7C0BF095F807212046FFF7EAFAD6
:1006D0000290D8B10A2341468DF81530284601AB67
:1006E0000B4ACDE9036901948DF8147007F0F5FF0A
:1006F0009DF815302BB10298FCF79CFF9DF8153042
:10070000D3E72046029908F04BFBD3E71120D2E74C
:10071000F18601007FB5CB6804461D885E8885B1EF
:1007200076B1AE420DD31022002168460BF061F87D
:1007300005212046FFF7B6FA019058B9112007E0CD
:10074000354601232A460421204608F037FB0020C5
:1007500004B070BD6B4631462846084A009407F045
:10076000BCFF029B23B90198FCF764FF0A23E9E769
:100770002046019908F014FBE9E700BF3788010023
:10078000F0B51E4603680D460039044618BF012126
:1007900087B01868174608F040FF40B904F15400CC
:1007A00008F0A8F9002844D0002007B0F0BD002EC2
:1007B00041D01822002168460BF01BF847BB236884
:1007C00031461B68304600930023ADF812300C9B75
:1007D0001A4A0393BDF834308DF80850ADF8103044
:1007E00001238DF814306B4607F077FF9DF8143025
:1007F000C3B1002FD8D00198FCF71CFF9DF814302E
:10080000002DD1D032462946204608F0D7FACBE752
:10081000002239462046FFF7F5F901900028CED195
:100820001120C2E701990029BED0204608F0B8FA8D
:10083000BAE71220B9E70120B7E700BF69860100D7
:1008400007B50B46002102460BF066F801910F49EF
:1008500009580F480068884204D00E48D0F8C800F4
:10086000884201D10022134601A90B4802F024FE60
:10087000014648B9019B102218460AF0BAFF034608
:10088000184603B05DF804FB0023F9E708000000F8
:10089000E0280020A8250020440A002010B50446C6
:1008A000806818B1FCF7C6FE0023A3602146BDE8AE
:1008B0001040014809F002BC440A00202DE9F3472A
:1008C000044678300E4617461D4609F0D4FDA06D4B
:1008D00030B9204608F021FB002002B0BDE8F087C7
:1008E000124B4FF00008984205D12068C4F8588098
:1008F00008F0DEF9F0E7D0F80490C0F80480A06DAD
:10090000D0F80CA0FFF7CAFF2068C4F8588008F0A0
:10091000CFF9B9F1000FDFD02068CDF800A03B4639
:10092000324629460068C847D6E700BFE4280020C1
:10093000F7B550F8044C0546002C55D000F1A40141
:1009400004F1240008F0BDF82E1F05F1580700221D
:100950000023384602F0A6FE024658BB6B6D2BB151
:1009600001466FF067033046FFF7A8FF002345F804
:10097000043C05F15003D3E8EF1F21F00101C3E867
:10098000E21F002AF7D1636A73BB04F10C06002250
:100990000023304602F086FE78B9666886B92146A3
:1009A0001248266009F08AFB286803B0BDE8F040D1
:1009B00000F0F4BCFCF73EFEC9E7FCF73BFEE6E7BF
:1009C000A26833689642636008BFA36077683FB14E
:1009D000F3686FF067010093002320681A46B84758
:1009E0003046FFF75BFFD8E703B0F0BD0C0A0020EC
:1009F000F8B51D460F461646FCF77CFD1823044C3F
:100A000003FB00400123C0E90376C3800575F8BDF0
:100A10009828002008B530B90749084808F02CFB91
:100A200038B1074808BD054A12F8011C07F06EFCF2
:100A3000F6E70020F6E700BFCBD201000D29002029
:100A40000C29002010B5074C2378834207D1601C85
:100A500008F012FB002814BF2046002010BD002023
:100A6000FCE700BF6431002010B54A1C0C4638B1C9
:100A7000097807F04BFC08B1204610BD0020FCE7C8
:100A80001046024908F0F8FAF5E700BFCBD20100A2
:100A90002DE9F8431E46BDF8203081460F46D1F8B7
:100AA0000C80002B3DD1731E012B3DD8012E4146F9
:100AB000157818BF1588FFF7D7FF044680B915B918
:100AC0003046BDE8F8834146FFF7CEFF044670B3D9
:100AD00009F17001013008F0E2FA99F8083023704A
:100AE000D8F810308BB92581B8F80A30AB4203D062
:100AF0004146384608F0DAFA002DE1D10D49601C74
:100B000008F0CDFA25702581DAE72A4639464846AD
:100B100098470028D5DB01380128E4D96FF00D0093
:100B2000CFE76FF00600CCE76FF00C00C9E76FF07D
:100B30001000C6E7CBD201001FB519464FF42813A9
:100B40001046064ACDE902230823BDF81820009379
:100B50006B4408F0C3FA05B05DF804FB18002800E8
:100B6000024608B50749013008F099FA00230C3213
:100B700002F8043CD2E8EF1FC2E8E03F0028F9D1B8
:100B800008BD00BFCBD201002DE9F04180460F46E1
:100B900016461D46FFF756FF044648B90B49FFF7B6
:100BA00051FF044680B1394600F8018B08F077FA0E
:100BB000228963891AB92BB92681658104E096429E
:100BC00038BF26819D42F8D8BDE8F081CBD2010024
:100BD0002DE9F041234B1546826807469A4202D11F
:100BE000C468638933BB0120BDE8F081FEF77EFA5B
:100BF0000021E3686181002BF5D038469847F2E781
:100C000005F170084146287A07F037F968B9164BA4
:100C10009C4202D1284608F0EEFA3046134908F00B
:100C20003EFA002323702381E2E74146304608F074
:100C300036FADDE72389002BDAD0264616F8011BA9
:100C40002846324607F062FB0028D9D13146207889
:100C5000FEF790FD0028CBD0837A072BC6D1FEF794
:100C600045FAC0E7910A010074090020CBD20100C7
:100C700010B504461048D0E8EF3F23F00203C0E867
:100C8000E23F002AF7D1D0E8AF3FDA0704D50022CF
:100C90000023303802F0AEFF204608F0ADF950B125
:100CA0002046FFF7B7FE30B1037ADB0703D5BDE876
:100CB000104008F01DBB10BD601C0020012110B5C4
:100CC000144808F0E1F9C30723D40221114808F0C1
:100CD000DBF9084007D11049104A0B88104CA2429A
:100CE00011D300B10B800F490F4809F0B8FB40F257
:100CF000391200230C48FCF72DFDBDE810400B49CC
:100D00000B4809F0ACBB5068083203449BB2012089
:100D1000E5E710BD1C290020703100207CC30100D4
:100D20008CC301005D0F0100B81B002029110100D8
:100D3000301C002003462DE9F04148B1008A38B943
:100D400001244FF0140C1149DFF844E0714501D340
:100D5000BDE8F081D1E90076BB4204D30CFB0672FA
:100D6000143A93420ED93444A2B214460831EDE746
:100D70000CFB0578434507D001356219B54292B2A4
:100D8000F6D1F2E70025F8E71046E1E77CC3010061
:100D90008CC301002DE9F74F99464FF6FF73BDF85C
:100DA00030500746002D08BF1D46244B90461B8837
:100DB000009183423CD203B0BDE8F08F73682344B6
:100DC000BB4232D29CB208361D4B9E42F6D3F2E7AC
:100DD00040468958019306F05CFE019B90B10134B6
:100DE0000AF1010AA4B273685345ECD9009B9C42F6
:100DF000E1D8BC423168F2D30BFB0AF28B18B8F190
:100E0000000FE5D1B9F1000F0BD1013D1846ADB28D
:100E100021460E9A0D9B9847002DCCD00028DED19C
:100E2000C9E7DA689145DAD1EFE74FF0000ADAE76F
:100E300001244FF0140B034EC6E700BF70310020B1
:100E40008CC301007CC30100002110B5E4B018225E
:100E500005A8CDE90011CDE902110AF0CAFC4FF452
:100E60001053ADF8103080231022ADF812304FF43B
:100E700080631D4C6946CDE906340DEB020062AB80
:100E800004F002FA014660BB4FF4AE720BA80AF000
:100E9000B0FC224662990BA809F0A9FE08BB4FF6E8
:100EA000FF710120114A0BAB08F0C7FA102210495C
:100EB00004AB0BA809F0B2FE0446629804F094F962
:100EC0007CB908220A4B03F11001187811F8014D82
:100ED000013A03F8014B0870F7D10821054808F0E2
:100EE000D3F864B010BD00BF0002C0034D920100F2
:100EF000A81B0020601C00202DE9F0411449064683
:100F0000A1F1300014461D46BDF8187009F0C6FA6C
:100F1000104BD3E8AF3F190701D4FFF795FF3046D8
:100F2000FFF778FD50B1037ADA0707D50C30D0E827
:100F3000AF3FDB0702D4022108F0A6F810233A469F
:100F4000069329462046BDE8F041034B08F0C6B899
:100F5000E81B0020601C0020A81B0020034BD3E8E6
:100F6000AF3F1B0701D4FFF76FBF7047601C002025
:100F7000002307B50193FFF7DDFE411C89B2084647
:100F8000034A01AB08F059FA019803B05DF804FB7D
:100F90003D9001002DE9F843894651680746B1F8B4
:100FA0001280154618F094083BD1022208F06EFA20
:100FB000002839D000211E48AE8AFFF741FC0236D6
:100FC000044660B11B4B32464360C5601D21384664
:100FD00007F077FF064638B92046FFF75FFC6FF051
:100FE0000B052846BDE8F883012342464146FFF73A
:100FF000FFFCA98A06F10C00023106F0F6FC20F88D
:10100000029BAA8A29690AF0E7FB21463846A660B6
:1010100007F0D5FF05460028E3D02046FFF73EFC49
:10102000DFE74FF0FF35DCE76FF01505D9E700BFCC
:101030001C4E0E004390010030B504460D468BB0A7
:10104000364BD3E8AF3F5A0761D510B1837A072BEF
:1010500060D168680590FFF76DFE2A68ADF818004A
:101060003AB305A902912E49002301910121009173
:101070004FF6FF710593FFF78DFE059B1BB96FF0CF
:1010800001000BB030BD6B60059B04A918680023FC
:101090008DF8103042F60303ADF8123006F0F9FC7B
:1010A00070B90598C3689B799B0605D46FF015004D
:1010B000E7E70028E8D1E2E708F078F9ADF8180092
:1010C000BDF818003CB1012301462A462046AB7505
:1010D000FFF760FFD5E76FF07F0307930223ADF8BA
:1010E000203042F60213ADF8123005ABAC75029316
:1010F0000C4B4FF6FF710193012304AA0093234682
:1011000009958DF81040FFF745FE0798B9E76FF095
:101110000A00B6E76FF07F00B3E700BF7406002057
:101120007190010041120100034613B550F8082CDC
:10113000A0F12001019200F13004D4E8EF2F22F059
:101140000102C4E8E02F0028F7D10D4A002043F83F
:101150001C2C0C4A23F8080C43F8182C01AA43F85D
:10116000102C042223F8060C23F80C2CFFF764FF44
:1011700018B90221204607F087FF02B010BD00BF5A
:1011800004C90100710C010070B5274B1568826815
:1011900004469A4245D1C6683389002B41D0324675
:1011A000284612F8011B07F0B1F8002839D04FF497
:1011B00095722146284608F04BF9032831D0314674
:1011C000204607F073FF194B9E422AD1287A05F179
:1011D0007001FFF737FC044618B303890BB9438944
:1011E000FBB12846FEF774F82389114A618922F879
:1011F000203002EB8003598018230E490E4C03FB6C
:10120000001300B202EB80021A61042200EB4000DE
:101210005C600A4C01EBC00128469C609A82FFF793
:101220000BFF012070BD00BF910A0100740900206E
:1012300060310020F428002004C901007D930100E2
:10124000F8B51446394B826807469A4201D001200E
:10125000F8BDC668364B9E424FD03289A389711CB7
:101260009A42F4D13078FEF785FA05460028EED090
:10127000837A072B05D0FDF739FFE8E7FDF736FF46
:10128000EBE7736923B13946984708B92846F2E776
:101290007B8A13F09407F9D1A389022B14D13389E7
:1012A00013F0020604D12846FDF720FFA660CEE722
:1012B00028462269A188FFF76DFE0646A8B9226973
:1012C000937D01339375EEE7012B04D02846FDF79B
:1012D0000DFFA760BBE7338913F00106E3D0284672
:1012E0002269A18808F064F906462846FDF7FEFE4B
:1012F000002EA660ABDA0020AAE70E4D0E49284664
:1013000007F0BAFE0028A8D10722294615F8010CDB
:10131000FEF74AFA0028B1D1236929461A6915F85F
:10132000010C53881288FFF72FFC96E7910A010001
:101330007409002065310020CBD2010007B5009070
:1013400001206B464FF6FF71034A8DF8040008F048
:1013500074F803B05DF804FB89110100F8B50E4B79
:1013600005461B680E461746A3B11C6804B1043C31
:1013700053F8043C1BB13A463146284698474CB1D5
:10138000234664681B681CB1043C002BF3D1F7E7CB
:10139000002BF0D1F8BD00BF2029002070B5044615
:1013A00003464FF6FF7101200D4A08F046F820462B
:1013B000FFF730FB054688B104F170063146207A0C
:1013C00006F05BFD20B92846BDE87040FFF7C8BBBA
:1013D0003146681CBDE8704007F061BE70BD00BFBB
:1013E000D10B0100044B186818B9044A5A600B600D
:1013F00070476FF00B0070472829002008CA0100D1
:101400000122024BC3F80424704700BF002008E00B
:10141000084B70B5C31A0D4607499B100446594343
:101420004022064808F06CF92B4601462046BDE8EC
:10143000704018478C290020B76DDBB6E4B9010075
:10144000402373B50B4C0093041B0B460D460A4911
:10145000A41061430646094A094808F07DF9011EB7
:1014600005DA30462B4602B0BDE87040184702B09E
:1014700070BD00BF8C290020B76DDBB6C39701009B
:10148000E4B90100F8B500220121054640F205103B
:10149000FBF724FD0F4801F01FF90446B8B908F026
:1014A000D8FA2F690C49384606F03CF9031E09DBCF
:1014B00001263E642D69084905F11C0006F032F949
:1014C000031E02DA1C462046F8BDEE64FBE76FF00F
:1014D0000404F8E71116010030CA01007FB50022AC
:1014E0000123CDE9022304ABCDE90433094A6B465D
:1014F000CDF800D0CDF804D008F05CF9002805DB69
:1015000043F609520023684602F038F907B05DF847
:1015100004FB00BFD597010010B5EFF31184402301
:1015200083F31288BFF36F8F074A136823F0020119
:10153000DB07116002D4012008F085FA84F31188DA
:10154000BFF36F8F10BD00BFDC2900200C22104BB1
:10155000014602FB0033002030B4D3E90E529863F9
:10156000EFF31180402484F31288BFF36F8F1C6C5B
:1015700004F0C00444F002041C6480F31188BFF33B
:101580006F8F1DB12B4630BC0248184730BC7047E6
:101590008C290020E4B9010010B4EFF3118240233C
:1015A00083F31288BFF36F8F1648016841F002047D
:1015B0000460C80707D482F31188BFF36F8F01203E
:1015C00010BC01F079B81049D1F80C14C903F2D558
:1015D000EFF3118083F31288BFF36F8F0B490B6C0D
:1015E00003F0C00343F002030B6480F31188BFF3E0
:1015F0006F8F82F31188BFF36F8F002010BCFFF74D
:10160000A5BF00BFDC29002000E010508C2900207D
:10161000022808D0042808D1044B186C10F00700E9
:1016200003D1FFF793BF0120FBE770478C2900200F
:101630002DE9F041012207463449D1E8EF3FC1E8E6
:10164000E02F0028F9D133B9314932484B60CB60E3
:101650008A6006F07AF87B1E012B28D8012F06D16C
:101660002D4BD3F8503403F00303012B1FD008F0A7
:1016700045FF0546E8B9294B1B78D3B1042206463D
:10168000254BC3F80823244CDFF89480D4F84C246D
:10169000D4F84C34D20315D503F00303012B01D049
:1016A000012F0FD165B386F31188BFF36F8FBDE8AB
:1016B000F081EFF31186402383F31288BFF36F8F1D
:1016C0000125E0E7BDB1304606F0F3F8D4F8403428
:1016D00013F0FF03DAD1D4F80821002AD6D0C4F8D9
:1016E0000831D4F8083120220123C4F84034C8F866
:1016F000A0212361CAE70021202008F0A1FFE5E72F
:101700000422054BC3F80423D1E700BF8829002039
:1017100078290020A829002000E01050063400207D
:1017200000E100E010B5044C2046FAF70FFF204618
:10173000FBF79EFE002010BD3D17010073B5044667
:1017400003250F4E8DF80700012200200DF107013F
:1017500001F026FD20B101233370204602B070BD98
:101760003378002BF9D0013D08D008F0C7FE0028DF
:10177000EAD100213F2008F063FFE5E73570ECE790
:10178000753100202DE9F04340F206354768D00658
:1017900048BF4FF0030C3B7C02EA050558BFC2F37B
:1017A000401C87B001F01F06B5F5837F144646EA5A
:1017B00043168DF803C046D00DD8062D45D005D868
:1017C000A5B1022D12D06FF0150039E0B5F5807F7C
:1017D000F9D101250AE040F20222954237D0B5F551
:1017E000407F36D0B5F5007FEDD1042501232203DB
:1017F00003FA01F12FD57B685960B86880BB5F2E72
:1018000006F01F034FEA561173D83C4A52F82120C4
:1018100084F4803102EB8302D2F88030C1F30041BE
:10182000C4F3404423F4706344EA410423F00F03FB
:101830001C4344EA8C0444EA0524C2F8804000209A
:1018400007B0BDE8F0830925D0E70825CEE70625D7
:10185000CCE70525CAE7630344BF7B689960CCE702
:1018600031460DF1020208F0F4FA14F4403F8046CC
:101870000CD13146B86808F005FBB8F1000FDED195
:101880009DF80210B86801F027F9D8E74FF0000979
:1018900001ABCDE90199CDE90439CDF80C90314681
:1018A000B86803AA08F019FA4845C8DB14F40033F5
:1018B00014D09DF8033084F48034C4F300448DF8D0
:1018C0000E308DF80C508DF80D404B463146B868FF
:1018D00003AA01F04FF80028CFDAB0E7CDE90433CE
:1018E0000DF1030303933146B86803AA08F0F5F934
:1018F000F1E7203350F82330FFDE00BF4CCA01006F
:101900004209022A034670B503D0012A18D0CAB191
:1019100070BD0E4E326951680029F9D0012503F0DF
:101920001F030C689D400029F2D08A682A4002D02B
:1019300030464B6898473CB1236821461C46F2E785
:10194000034EE7E7034EE5E72346F6E738BA010022
:101950001CBA010000BA010038B54568A868C0B1DA
:1019600008F08AFA0146A0B9A86801F07DF804469B
:1019700088B902460949A86808F068FA2246012198
:10198000DB20FBF7ABFA2246012140F20D10FBF7FA
:10199000A5FA002038BD6FF00400FBE70119010033
:1019A000F0B544681646A068227C01F01F0587B098
:1019B00045EA421500286CD0B6F5001F04D129462F
:1019C00008F0B4FA002055E06268607CB6F5800F3C
:1019D00050624FF0000001AA0190506039D1B3F17C
:1019E000007F14BF052304238DF804300023CDE9C4
:1019F00004230393E3680DF1030723FA01F111F0C7
:101A0000010139D1B6F1A07F36D105F01F035F2D5A
:101A10004FEA551003F120033ED8214A52F8202006
:101A200052F82330DB0727D43A462946A06808F04D
:101A300010FA163018D002972946A06803AA08F0B9
:101A40004CF9002816DB01222946A06808F01CFA90
:101A5000B8E7B3F1C06F05D0B3F1007F14BF012325
:101A60000223C1E70323BFE73946A06801F03EF82F
:101A70000028E0DA07B0F0BD3A462946A06808F031
:101A8000E8F90028D8D19DF80310A06801F024F8E7
:101A9000D2E76FF08500EDE751F82330FFDE00BF9D
:101AA0004CCA010070B40D4CD4E90065901B63EB87
:101AB0000501400940EAC1604101891945EBD06543
:101AC000C4E90015002400250549C1E90023054BA0
:101AD000C3E9004570BC02F0DFBD00BF881C0020D8
:101AE000701C0020801C002008B500220121E42089
:101AF000FBF7F4F9164A0020D2F8183723F44033E4
:101B0000C2F8183701F052F9002820DB01201149F2
:101B100001F0D8F900281ADB01F022F90E4B20F071
:101B20001F00C3E900010D4B0022C3E900014FF083
:101B3000FF304FF0FF310A4BC3E90001094B0A495E
:101B4000187A01F01DF967220020084B1A6008BDC1
:101B500000200E50AC090020881C0020681C0020CA
:101B6000701C0020A4090020A51A0100042A0020EE
:101B700008B501F0F5F8064AD2E90032C01A054B63
:101B800061EB0201C3E90001400940EAC16008BD00
:101B9000881C0020801C0020F7B5224B0146224FF4
:101BA000187A224BD7E90056D3E900239E4208BF9A
:101BB000954211D1B1F1806F0ED24901012938BF90
:101BC000012101224D1946F10006C7E9005603B074
:101BD000BDE8F04001F000BA154BDFF858C0D3E97A
:101BE0000043DCE9002CA41843EB0C0C4FF0200E52
:101BF00022466346C1FB0E23954276EB0301C7E9FB
:101C000000230DD2291B66EB0C04C82974F10004D3
:101C1000B4BF01210021009101F0A6F903B0F0BD8D
:101C20000021F8E7A4090020781C0020701C002087
:101C3000881C0020801C002002460B46014801F051
:101C400069BC00BF000B0020014801F0DBBC00BFF5
:101C5000000B00201FB500240A2201940294CDF845
:101C60000B400091014601A809F0DBFD009A01A993
:101C7000074805F0EEFC074805F0EBFC84F31188FB
:101C8000BFF36F8F0323184602DF04B010BD00BFFF
:101C900052D4010075D2010070B5064688B00D46D9
:101CA0002348244908F08EFB03A8EEF779FD22486B
:101CB00008F0B0F9002834D0204B01A80193EEF7CA
:101CC00099FD88BB4FF0FF304FF0FF31FFF7B4FFB5
:101CD000044638B91A491B48EEF724FD044620B1E2
:101CE000FFF7B2FF204608B070BD41F64C5302A882
:101CF0000293F0F727F920B1FFF7A6FF6FF08504F4
:101D0000F0E7012368468DF80030F7F734FF00282C
:101D1000F2D1FFF799FF33690B481D60FBF792FD85
:101D2000E0E76FF01204DDE76FF01504DAE700BFBB
:101D30000C2A00205B99010054BA01003D1E0100ED
:101D4000901C0020551E0100111E010030B52B48CB
:101D500085B0EEF76BFC044600284AD10125EEF76A
:101D600031FDEEF73BFDF6F7C4FFF6F7C4FF0221A5
:101D7000204601AA8DF80450EEF786FC031E37DBDF
:101D800008230721204601AAADF80430EEF77CFCB9
:101D9000031E2DDB4FF01B13019340F2032303219D
:101DA000204601AAADF80830EEF76EFC031E1FDBDB
:101DB0000421204601AA8DF80450EEF765FC031EAD
:101DC00016DB1F230621204601AAADF80430EEF7EA
:101DD0005BFC031E0CDB40F29C6293420CDD84F33F
:101DE0001188BFF36F8F0423184602DF6FF00B03D7
:101DF0001C46204605B030BD2346F9E7551C0100BE
:101E00000149024808F0FABA0C2A002030230020C9
:101E1000094B93F84730042B02D1810709D470474E
:101E2000022B02D1020704D47047082B03D183068A
:101E300001D5FFF7E5BF70477631002010B40346A7
:101E40000A46034881680C681946234610BC1847A7
:101E500054BA010070B5334C94F84730EBB194F8A4
:101E60004730042B3AD120783E2828D1A678B31EDB
:101E70005E425E4163780233472B3DD80022002347
:101E80003146FBF7E9FC0546D8B9BEB1002384F81A
:101E90004730BDE87040FFF7B3BF4FF0FF304FF061
:101EA000FF31FFF7C9FE48B9204604F1470100F0B1
:101EB00045FB0546FFF7C8FE002DD0D070BD0026BB
:101EC000D8E762780232174905F10C0005F093FD5E
:101ED000154B29461B6815489847D7E7022B14D1A4
:101EE000002200230820FBF795FC05460028E5D0DA
:101EF00062880432472AE6D9002383F31188BFF3AE
:101F00006F8F0423184602DFC0E7082BBED10022E2
:101F100000232020FBF77EFC628805460028E8D1DC
:101F2000CCE700BF76310020082A002070BA0100FB
:101F3000F7B5C04D06462B78002B40F0F7820423FE
:101F40008DF80730BC4B04881F68B7B10DF106034C
:101F50000DF10702691CB84701280ED09DF8063024
:101F6000002B40F074819DF807300E22AB700123E6
:101F70006A70EB70AC80A87172E1B4F5105F4FEA43
:101F800094230AD2002B4ED0013B072B08D8DFE860
:101F900003F00907367A070707C13F2B00F0EA81F3
:101FA000012055E0304640F2064230F9033B9342AF
:101FB0000FD040F21D4293421ED0012040F2064352
:101FC0009C4200F0448140F21D439C4200F03F815E
:101FD0003EE0EFF77DFD42F264039C4240F27D82D9
:101FE00042F285039C4233D842F267039C4200F2DE
:101FF000868242F26603E8E7EFF7C8FDEBE730467A
:1020000040F6634230F9033B934230D00DDC40F69A
:10201000034293421FD040F62D4293421ED040F619
:102020000142934212D0012011E140F67B429342DB
:1020300020D040F67C429342F5D19DF807307F498D
:1020400002338DF80730F7F735FD01E0EEF71AFCA3
:102050000128E8D087E7F6F743FEF9E79DF8073057
:10206000764903338DF80730F7F796FBF0E7EEF784
:102070001BFCEDE79DF80730704904338DF80730FD
:10208000F7F709FDE4E73388A3F58053013B082BFC
:10209000C9D801A252F823F0BD200100CF200100D1
:1020A000E320010027200100272001002720010054
:1020B0002720010027200100032101009DF807309F
:1020C0005E4808338DF80730F7F754FBC0E79DF8FA
:1020D00007305A4840338DF8073007F040FC0020A5
:1020E00041E700229DF8073008338DF80730534B45
:1020F0001A605A60EB7A23F0600343F06003EB72DE
:10210000EDE79DF807304D4806338DF80730F7F7B7
:1021100083FB9DE7304642F2320130F8033B1AB2AE
:102120008A4279DCB2F5005F42F2640208DC944234
:102130003FF479AF40F2E18142F28503012051E79B
:10214000A3F50053013B312BF1D801A151F823F045
:10215000412201006B2201007D2201002F2101009C
:102160008F220100952201009B220100AD22010077
:10217000B3220100B92201002F2101002F2101000B
:102180002F2101002F2101002F2101002F2101000B
:102190002F2101002F2101002F2101002F210100FB
:1021A000C5220100D7220100DD220100EF2201003B
:1021B0002F21010001230100132301002523010029
:1021C0002F2101002F2101002F2101002F210100CB
:1021D0002F2101002F2101002F2101002F210100BB
:1021E0002F2101002F2101002F2101002F210100AB
:1021F0002F2101002F2101002F2101002F2101009B
:102200002F2101002F2101002F2101004523010072
:10221000572301005D23010042F24B039A4200F074
:10222000A08042F27C039A4249D042F264039C426D
:102230007EE700BFBE3100201C2A0020C5310020EF
:10224000EEF73CFB42F264039C427FF4C4AE0F23E2
:102250006B700423AB700123E8702B71A5F8054067
:10226000012300202B7003B0F0BD9DF80730B1486A
:1022700003338DF80730EFF721FCE3E79DF80730D3
:10228000AC4808338DF80730F7F793FBDAE7F7F738
:10229000DFFAD7E7EFF756FDD4E79DF80730A548FA
:1022A00001338DF80730F7F7A3FACBE7F7F7AEFB6A
:1022B000C8E7F7F786FBC5E7EFF79EFDC2E7F7F73C
:1022C00063FCBFE79DF807309A4907338DF8073064
:1022D000F7F7CBFAB6E7F7F75CFBB3E79DF8073003
:1022E000944910338DF80730F7F78DFAAAE79DF877
:1022F0000730904808338DF80730F7F747FAA1E721
:102300009DF807308B4902338DF80730F7F7A3FBB0
:1023100098E79DF80730874902338DF80730F7F7C3
:10232000ABFB8FE79DF8073008338DF807308F231C
:10233000EB71C023EB7242F264039C4240F0C78011
:10234000002084E79DF807307A4904338DF8073080
:10235000F7F7AAFA76E7EFF7EDFB73E7F7F7E1FA9D
:1023600070E79DF80730734802338DF80730F7F7B0
:102370002EFA67E730464FF60C5230F8033B934293
:1023800044D84FF60252934206D803F2FF3292B27B
:102390000A2A1DD901204CE0A3F57D43033B092BFC
:1023A000F8D801A252F823F0A524010095230100DA
:1023B000AB24010095230100952301009523010022
:1023C000B12401009523010095230100B7240100E9
:1023D000A3F57C43013B0A2BDCD801A252F823F081
:1023E000232401003F2401009523010095230100CF
:1023F000952301008D240100952301009523010000
:10240000692401007B240100932401004FF614523B
:10241000934253D04FF616529342BBD1EFF79AFD39
:1024200007E09DF8073043480C338DF80730F6F786
:1024300064FC4FF6025224F008039342C6E50020E4
:102440009DF8073040338DF807303A4B1880EB7910
:1024500023F0230343F02303EB712B7A23F00703CC
:1024600043F007032B72E4E79DF807303148173338
:102470008DF80730F6F75DFCDBE79DF807302D4857
:1024800020338DF80730F6F778FCD2E7F6F74FFCEB
:10249000CFE79DF80730274801338DF80730F6F76E
:1024A00089FCC6E7F7F767FBC3E7EFF74BFDC0E72B
:1024B000F6F796FCBDE7F7F747FBBAE79DF807305C
:1024C0001C4904338DF80730F6F78EFCB1E703D9C9
:1024D00042F28503002085E5002042F219039C4268
:1024E00018D842F20C039C427FF668ADA4F5005365
:1024F0000D3B41F241229BB206E00120EDE7A4F53D
:102500000153283B0C4A9BB222FA03F3DB077FF509
:102510009FAD9CE642F232039C423FF498AEA4F594
:102520000153033B012B3FF693AD90E64FF0FF3094
:1025300099E600BFC53100202F80402038B5094CF6
:102540000D4623781BB9BDE83840F6F754BDA27894
:10255000611C023209F040F90020042320702B7026
:1025600038BD00BFBE31002070B505460E46084C90
:10257000204607F04FFD38B1A36829462046B2B285
:102580001B68BDE8704018476FF0120070BD00BFB7
:1025900054BA01004FF40071014802F0ABBA00BF19
:1025A000063200201FB500240A2201940294CDF8BF
:1025B0000B400091014601A809F033F9009A01A9E6
:1025C000074805F046F8074805F043F884F31188FA
:1025D000BFF36F8F0323184602DF04B010BD00BFA6
:1025E00083D4010075D20100322337B50125ADF83F
:1025F000043000231C216846104A8DF80630ADF8DF
:1026000000508DF80230F6F705F9044698B907F046
:10261000E8F880B2F4F760FE2A4621468520FAF7F2
:102620005DFC2A462146E520FAF758FC2A46214659
:102630008A20FAF753FC204603B030BDA5250100DF
:102640000149024807F0DABE282A00203023002082
:102650000122054B05491A63A3F54323D3F8180556
:102660000860C3F81825704700E01050242A0020A5
:102670000122044B5A63044B1A68044BC3F8182513
:10268000704700BF00E01050242A002000B0045022
:1026900028B1022806D10420034B1B681847024BBF
:1026A0001B68FBE7704700BF382A0020014B02205F
:1026B0001B681847382A002028B1012807D10020BC
:1026C0000349F4F719BD034B02201B6818477047F4
:1026D00091260100382A0020014B18600020704725
:1026E000382A0020064BD3F840231C2A05D1D3F802
:1026F0004403431E5842584170470020704700BFB2
:1027000000C0FF0003689A070CD50368DB070DD5EE
:102710000922074BC3F80C250F22C3F80425012218
:102720001A60FEE7034B0360EF3B0360704700BF96
:1027300000801050F000FA5008B50123404A41488B
:10274000C2F80038404AD2F840231C2A04BF3F4A4E
:10275000C2F80C34FFF7D6FF0830FFF7D3FF08307C
:10276000FFF7D0FF0830FFF7CDFF00F5F470FFF75B
:10277000C9FF374AD2F88C3043F44063C2F88C303A
:102780000022D30003F57F0303F54043D3F8001480
:1027900001310AD0D3F8001439B1D3F80014013252
:1027A000D3F80434402A0B60EBD1254BD3F84024F6
:1027B000002A41D0FFF796FF48B1234BD3F83423CA
:1027C000244B9A429EBF1E4B234AC3F84026FFF774
:1027D00089FF18B1214B224AC3F8AC27FFF782FFCB
:1027E00048B13422164BC3F82426D3F83C2622F4F1
:1027F0000022C3F83C261B4B1549D3F80026D2070C
:1028000044BF6FF00102C3F80026174BD3F8182518
:1028100022F00302C3F81825D3F8182542F003026A
:10282000C3F81825D1F88C2042F44062C1F88C20FE
:102830000022C3F8A02508BDC822C3F84024B9E788
:102840000000125000C50D5000C0FF0000300550C0
:1028500000ED00E0001D0A1840E0A91E00A008508D
:1028600078000A0400E0105000B00450036803F040
:102870001F025F2B02604FEA53129ABF024B53F8BC
:1028800022000020704700BFA0CA0100034A43098C
:10289000D35C00F01F001844C0B27047A2D40100FE
:1028A000F0B50646002487B0114F019117F8012BAF
:1028B00006AB03EBD20313F8143C02F00702D3403B
:1028C00013F0010306D10134032CEFD10023184685
:1028D00007B0F0BD074A03AD07CA85E8070055F801
:1028E00024100A6A46F824200A62002AEBD0EEE798
:1028F000B2D40100D0C30100F7B504460846FFF783
:10290000C5FF06B204EB4606B38A0D46DB072BD59E
:10291000204607F0BFF92946204607F02BF958B1A9
:10292000204607F03DF90022276800B207EB80033C
:10293000C3F81025C3F810252946204607F059F999
:10294000002101A8B1820195FFF790FF019B00EBE8
:102950008300D0F88020064B134043F00203C0F8F8
:102960008030084603B0F0BD6FF01500FAE700BFF5
:10297000F0F0FCFF2DE9F043044685B0084616460A
:102980001D46FFF783FF0F46804636B3204607F00B
:10299000FCF818B9204607F0EDF828BB0FFA88F9C3
:1029A00004EB4909B9F8143013F01C0F02D0737806
:1029B000012B19D001238DF80F3000233846CDE9C3
:1029C0000063721CB31C0DF10F0107F07BF8B9F81E
:1029D000143043F00303A9F81430002D40D03946D9
:1029E000204607F0D2F820B96FF0150005B0BDE819
:1029F000F0830022297823684FEA810C03EB8103DE
:102A0000C3F81025C3F810250FFA88F204EB420230
:102A1000938A23F4604323F0200393826E78FEB1FF
:102A20002468A8786444D4F810550E4B36042B4023
:102A3000C4F8103541F6F07306F4403603EA071384
:102A40000005D4F81055334300F4801003432B43A2
:102A5000C4F81035938A43EA413343F0200393824C
:102A60000020C3E70FE0ECFF70B590F87440054616
:102A700090F8756044BB46222146143008F0B9FE38
:102A80002146134A2B6852F836608E4212D1002438
:102A900040F20D10C3F84441D3F844210D4A93424B
:102AA00008BFDB20FAF7F8F90123204685F87430D7
:102AB0002B6670BDCAB2920002F58070442A04BF32
:102AC0001C501A580131E0E76FF07700F1E700BFC2
:102AD000ACCA010000A00D5090F87500024B03EB4A
:102AE000800006F0D6BF00BFB409002010B5064B29
:102AF00090F875000C4603EB800006F0B0FF00284C
:102B0000A4BF2070002010BDB40900202DE9F04FB3
:102B1000814659F8043B8BB0D3F8141390F87540F4
:102B200000936C4BC9B241F40031804653F8342015
:102B3000009807F088F8810305463AD50023CDE9CF
:102B400007330993634B07A803EBC4035B6819467B
:102B50000193FFF7A5FE042303EBC40303934FF097
:102B6000000B5D4B0DF11C0A0293029A594912F8B1
:102B7000013B0292039A02EBD3028A5C03F0070343
:102B800022FA03F3DA071AD40BF1010BBBF1030F9E
:102B90000AF1040AE9D14FF400310022009807F04D
:102BA00052F8019907A8FFF77BFE0028D7D125F43A
:102BB00000350124002D75D10BB0BDE8F08F474BD7
:102BC0005B440493DAF800100029DDD091FAA1F1FA
:102BD000B1FA81F1049B1C7841EA44142046FFF7C6
:102BE00055FE08EB4000878AC808BB0805930123FF
:102BF0001AF8002001F0070103FA01F122EA0102AC
:102C00000AF8002006A80694FFF730FE069A059BF6
:102C1000203250F82220C7F382065B073746C2F302
:102C2000014223D54846D6B221463A4606F0C2FFB5
:102C300006A80694FFF71AFE069B203350F82330AF
:102C4000C3F301439E4207D10021204606F083FFD3
:102C50003146204606F07FFF06A80694FFF706FEE1
:102C60000122069B02FA03F30362ABE7022A0DD1AD
:102C70000321204606F06FFF06F00503012BEBD180
:102C80003A462146484606F095FFE5E702212046F0
:102C9000059206F060FF032EF2D0059A032ADBD1DD
:102CA000022EECE795FAA5F3B3FA83F3009904FA40
:102CB00003F225EA020503F5A27251F8222008EB7F
:102CC00043034846B3F86410C2F3014206F072FFB2
:102CD00070E700BFACCA0100B2D40100B2D4010059
:102CE0000123034A03FA00F093680343936070479B
:102CF0004007002073B504460191EFF3118640238D
:102D000083F31288BFF36F8F0B4D019B6A6801A894
:102D10001340019306F0A3FE002807DB01226B6835
:102D2000824023EA02036B602070002086F3118842
:102D3000BFF36F8F02B070BD40070020074B027ACF
:102D4000D3F8101521F001010A43C3F810250268D9
:102D5000C3F8A4264268C3F8AC26704700200E5082
:102D60004FF0FF326FF0404330B5044CD4E900011E
:102D7000824273EB0105F9D330BD00BF40270E50EE
:102D800030B50C25074B1C1894F8544005FB043350
:102D9000C3E9031218750123034A8340C2F82433A0
:102DA00030BD00BF4007002000200E50F0B53D4D63
:102DB00085B02C78002C6FD13B4A01AB07CA83E861
:102DC00007003A491846D1F8102522F00202C1F84E
:102DD0001025FFF7B3FF0723672202F0010121440A
:102DE000013BCCB24FEA5202F7D1052C57D119461C
:102DF0004FF0010C2B4E00246720CFB204E00CFAF8
:102E000002F220EA0200013490FAA0F25FFA84FE96
:102E1000BE45B2FA82F2F2D30131327505292A4455
:102E200082F8547006F10C06E5D1012100242048F7
:102E30009A0801FA02F212F0670F18BF1C5004330F
:102E4000302BF5D1E420FAF727F8184B1949D3F8BD
:102E5000102503F5C07322F00202C3F8902340F658
:102E6000FF72C3F8A82100221A60A3F58070043312
:102E70008B420260F8D101240C4B0F4A1C660F4BA9
:102E80005D201B68B3FBF2F358430D4B2343984777
:102E900000202C7005B0F0BD6FF07700FAE76FF0FE
:102EA0008B00F7E740070020DCC3010000200E5034
:102EB00000210E50B0210E5040420F00B0090020FA
:102EC000C0C6010038B5254B0C46D3F81025950730
:102ED0003DD4D3F8102542F00202C3F81025C0B14A
:102EE000D3F8482712F0010202BFD3F8481741F087
:102EF0000101C3F84817194BD3F84017D3F844170A
:102F00004900F9D42AB9D3F8482722F00102C3F8BE
:102F10004827134B134A1B681049B3FBF2F303EB2A
:102F20004313BBB1D1F84027D1F8445715F0804581
:102F30000BD14FF0FF312046FFF7DCFE002803DB0A
:102F40002078FFF7CDFE284638BD013BE9E76FF05A
:102F50007700F9E76FF07300F6E700BF00200E502E
:102F6000B009002040420F0070B51D461446184AB3
:102F70009DF81060131893F8543000B20C3302EB34
:102F8000C30142F833404D60C5F31301AEB10201F5
:102F9000104E02F1A04202F562228000C2F82045E4
:102FA0000644C2F82415336833B1FFF7D9FEA042B6
:102FB000A94101D20023336070BD030103F1A04396
:102FC00003F56223C3F82045C3F82415F4E700BFD6
:102FD0004007002000210E50F0B50E4D2B1893F83D
:102FE000543000010C3355F8334005EBC3077E68BD
:102FF000641800F1A04021F0004146F1000641EACA
:10300000C27100F5622045F833407E60C0F8281593
:10301000F0BD00BF40070020F7B5284B284CD3F87F
:103020002C6304F188070EB903B0F0BD96FAA6F040
:103030000123B0FA80F08340DA43224926EA0306EE
:10304000231893F85450830019440C2303FB0543C1
:10305000DB6873B3D7E8EF3F03EA020CC7E8EECFB3
:10306000BEF1000FF6D1C340DB0719D5020102F112
:10307000A04202F56222D2F82435D2F82025D1F8F8
:1030800000C0BCF1000FCED04FF0000CC1F800C062
:103090000C2101FB054529690091E9688847C2E7D1
:1030A00005F10C0304EBC30C54F83320DCF80430B6
:1030B000E5E70A68002AB6D00B60B4E700200E509E
:1030C0004007002000210E50044B40EA0120C3F8C5
:1030D0000005D3F80024D207FBD5704700B0045098
:1030E00008B5144BA8220021184608F082FB0322E1
:1030F000114902614261114A8161C2614FF48062EB
:103100000262002282624262C26201660C49034688
:103110004166102181660267C2664267BFF35F8F16
:10312000084911F8010D98540132102AF9D1BFF362
:103130005F8F08BD70040020B5D40100700000202E
:1031400060000020CED40100F8B5182700FB0775F9
:10315000124B0E461D4407FB0033DB6A1446012B5D
:103160000AD0022B14D023B9284606F0E4FE84428C
:1031700008D900242046F8BD284606F0DCFE84422B
:1031800028BF044622463146284606F0DDFEF1E718
:103190002846BDE8F84006F0F4BE00BF70040020E9
:1031A000F8B50B4B04461B780D46532B164601D041
:1031B000FFF796FFEFF311874FF0200181F311889D
:1031C000324629462046FFF7BFFF87F31188F8BD36
:1031D0007004002010B4BFF35F8F00230A4A0B492C
:1031E000C85C12F8014D844209D10133102BF7D18C
:1031F0000023BFF35F8F23B110BCFFF771BF012322
:10320000F7E710BC704700BFCED401007004002067
:1032100038B5EFF31185402383F31288BFF36F8F26
:10322000064B9C6806F009FF85F31188BFF36F8F8A
:103230002046BDE83840F9F7D3BD00BF3C2A002046
:1032400038B50A4B53F82040013053F82050A542BE
:1032500000D838BD606830B1037EDB0701D406F0CA
:10326000C1FE0834F3E723689847FAE7BCCA0100B7
:10327000012270B5294B032086B01A70FFF7E0FFDA
:1032800007F05BFB0420FFF7DBFF254C254D2646AE
:10329000AE4204F1300410D300F0EEFE204C224E7A
:1032A000AC4226D300F0FCFEF8F7CAFF1F4A137B9E
:1032B00023F00103137306B070BD54F80C3C059362
:1032C00054F8103C049354F8143C039354F8183CFD
:1032D000029354F81C3C019354F8203C009354E9A9
:1032E0000A2354E90C0100F09BFC54F8303C5E6565
:1032F000CDE7D4E90A23B3F1FF3F08BFB2F1FF3FA6
:1033000005D052EA0301206803D100F085FF303474
:10331000C6E73146183001F02FF9F8E706340020EF
:1033200004C3010004C3010003A60100E02400203F
:10333000C82370B5144E86B003FB0066134B012200
:1033400005930F23CDE903320023CDE90133142384
:103350004FF4A0720E4D0F4903FB0055044602FBCB
:1033600000110D4B3046009500F05AFC737B2C7415
:1033700023F004037373094B013403EBC423EE60A1
:103380006B6006B070BD00BF18240020CFD40100D0
:103390003C2A0020785400202DA10100784C002008
:1033A000BFB50020FFF74CFF294B03F5006282F305
:1033B000088883F30A88E023264C002584F822300D
:1033C0002023E37725766576A57684F82050636A16
:1033D000214F43F4E023636284F82350F9F77AFC29
:1033E000F9F7F6FD4FF0FF33A362E362F9F780FFD0
:1033F000F9F716FE194800F0A9FC0120FFF720FF9D
:103400000220174CFFF71CFF00F07EFE154B1649FB
:103410005C61164B4FF46062059301232046CDE9B1
:103420000353CDE901553B46009500F0F9FB0646F4
:10343000627B204622F00402627307F09FF8284660
:10344000FFF776FF3A4631462046F9F79FFD00BF69
:10345000784C002000ED00E0713201009026002041
:10346000E02400203C2A0020B8550020D4D40100DC
:1034700038B5064C064DAC4201D3002038BD20467D
:10348000D4E9011206F0DCFD1434F4E7600A0020F0
:10349000740A0020002038B5054C064DAC4200D31C
:1034A00038BD204606F0F0FD0028F9DB1C34F5E7B6
:1034B0000C0A0020600A002073B50C46EFF311815E
:1034C000402585F31288BFF36F8FC5685DB1256015
:1034D0002B68C360836901338361002081F3118805
:1034E000BFF36F8F11E052EA030603D16FF00B00B8
:1034F0002560F3E7CDE900230246083000F002FD25
:1035000018B9034B9B681B69236002B070BD00BFF4
:103510003C2A00202DE9F341044617461E46EFF3EE
:103520001188402383F31288BFF36F8FC368334A37
:103530007BB180689168884219D057EA060318D198
:1035400088F31188BFF36F8F6FF00F0002B0BDE8F2
:10355000F081916891F90E100133E3609368216165
:10356000A36088F31188BFF36F8F0020EEE7216915
:10357000F2E791F90E1090F90E306FF07E02994249
:10358000A8BF19469142B8BF11468B422DDD06F007
:10359000D8FD054622464146CDE90076184800F0A0
:1035A000B1FC0028E1D0EFF31186402383F31288A9
:1035B000BFF36F8FA068D0B1236821699C420AD005
:1035C0004BB193F90E309942A8BF19466FF07E03B4
:1035D0009942B8BF194606F0B4FD40B131460848DB
:1035E00000F024FD6FF00A00B0E70025D2E7002DBF
:1035F000F4D186F31188BFF36F8FF3E73C2A0020E4
:1036000007340020F8B583680546002B40D0234AD4
:10361000926893423FD1C368012B03D9013BC36039
:103620000020F8BDEFF31187402383F31288BFF326
:103630006F8F0169806806F084FD2C68A54207D170
:103640000023C5E9023387F31188BFF36F8FE7E7E3
:10365000002CF5D0D4E90032002613605A60637B59
:10366000C4E9006623F002036373A66004F1180046
:1036700007F070F8AC6094F90E3020462B61C4F866
:10368000C06006F07BFF3946054800F0CFFCC7E775
:103690006FF01500C5E74FF0FF30C2E73C2A00206D
:1036A0000734002037B51146EFF31185402282F32D
:1036B0001288BFF36F8F04689CB12368426823F0BF
:1036C00003039442036008BF43600121204606F0D3
:1036D000C5FD044685F31188BFF36F8F204603B004
:1036E00030BD51EA0302F5D000F10802CDE9001324
:1036F0001046294600F006FC0028EFD1014B9B68DC
:103700001C69EBE73C2A002070B5EFF311864023DB
:1037100083F31288BFF36F8F0468A0421BD0D4B12B
:10372000D4E90032002513605A60637BC4E9005578
:1037300023F002036373A56004F1180007F00AF890
:103740002046C4F8C05006F019FF3146BDE870406D
:10375000094800F06BBCD0E902329A4218BF01332D
:1037600002218360103007F0AAF80028EDD186F31B
:103770001188BFF36F8F70BD0734002013B5EFF3CE
:103780001181402484F31288BFF36F8F846844B1A1
:10379000013C846081F31188BFF36F8F002002B079
:1037A00010BD52EA030406D181F31188BFF36F8F75
:1037B0006FF00F00F3E7CDE900230246014800F067
:1037C000A1FBECE70734002007B5074B4FF48062FC
:1037D000009306494FF0FF33054800F06DF90020D3
:1037E00003B05DF804FB00BFD4CA0100B863002039
:1037F000A82500202DE9FF41044640274E4EEFF357
:10380000118887F31288BFF36F8FD4F8CC50F5B9C5
:10381000022104F1E40006F062FD002868D004F102
:10382000DC0500220121284606F038FF0028F8D1E7
:1038300000234FF0FF3202934FF0FF334146CDE9B2
:1038400000233E4804F1D40200F0B2FDD7E7D4F8DB
:10385000D0202B689542C4F8CC3008BFC4F8D030D3
:10386000D4F8E43043F00203C4F8E430EB6823F00A
:10387000040343F00103EB606B6888F31188BFF326
:103880006F8F28469847EFF3118887F31288BFF3AC
:103890006F8FEB68D80623F0010236D4EA60EB683C
:1038A0009A0716D5306823F00203EB6088B1002137
:1038B000036870B14268954235D1036869BB72688C
:1038C0003360824200D17360002340F8083BFFF769
:1038D0001BFFD4F8E43023F00203C4F8E43088F38B
:1038E0001188BFF36F8FDB0589D400F015FC86E7E4
:1038F000D4F8E430D9069BD5C4F8E40088F31188E5
:10390000BFF36F8F04B0BDE8F08123F01103EB60CB
:1039100005F11000FFF7F8FEC1E70B607368834202
:1039200008BF7160D0E723B11A68014618461346F4
:10393000BFE71A46F9E700BF602A002007340020DD
:1039400070B5C3680546C3F340069B070C460DD50A
:103950000122002104F1080006F0B1FC00232360DD
:10396000054B65605A681AB9C3E90044304670BD1A
:1039700014605C60FAE700BF602A0020F8B5C368F5
:1039800004469A070F46C3F340062ED45B071CD4A7
:103990000B680BB983680B60E368DD0742BFA3685F
:1039A00002263B603D6858BF0126002D3CD0204BCD
:1039B0009A68D5F8C8309A420AD0D5F8E430D807CA
:1039C000C3F3800214D46FF0120600233B6025E09D
:1039D00006F094FDD5F8E4300028F0D1D907C3F300
:1039E000C002F0D552B15B0708D46FF00F06ECE7C8
:1039F000002AFAD1C3F3C003002BF6D100232360C1
:103A0000D5F8D03063B9C5E93344284606F082FCC6
:103A1000E36843F00403E3603B68A3603046F8BD0D
:103A20001C60C5F8D040F0E76FF01506CDE700BF89
:103A30003C2A0020F8B5C368064603F00503002BB6
:103A40000C4614BF012700271CD0856801220021E5
:103A500004F1100006F033FC2046134906F0B2FCD6
:103A6000E36843F01003E360F3685B0712D5336843
:103A700023606BB9D5F8D03033B9C5E93344284653
:103A800006F048FC3846F8BD1C60C5F8D040F6E7A3
:103A90003460F4E7D5F8CC302360D5F8D030C5F8E1
:103AA000CC40002BEBD1F0E7F5A201000146014824
:103AB00006F0A4BCA8250020F0B50446002089B07B
:103AC000C4E933000E9D04F1D400C4E9350004F1CB
:103AD000DC00C4E9370055B32879002840F2011012
:103AE00008BF0120C4F8E40000204FF0FF364FF07B
:103AF000FF37CDE90330CDE90100CDE90667204667
:103B00000C4B009400F0F6F855B1296811B120462D
:103B100000F076F86B791BB1237B43F0010323732C
:103B2000204600F079FBC4F8C84009B0F0BD012080
:103B3000D8E700BFF537010037B501900846EFF32D
:103B40001184402181F31288BFF36F8FC16811F097
:103B50001E0F16D153EA020508D101A9FFF70EFF87
:103B600084F31188BFF36F8F03B030BD41F00801BB
:103B7000C160019910308161034900F0FDFC012012
:103B8000EEE70020ECE700BF89A3010001460148F1
:103B9000FFF7D2BFA8250020F7B50C4616461D46F4
:103BA0000190EFF31187402383F31288BFF36F8FE7
:103BB000084606F0A0FB55EA060309D1204601A9F4
:103BC000FFF7DCFE87F31188BFF36F8F03B0F0BD02
:103BD000E368324643F00803E360019B0449A362B3
:103BE00004F110002B4600F0C7FC0120EAE700BFFB
:103BF00089A3010001460148FFF7CEBFA825002098
:103C000010B5044608B9054B9C681F2204F18800D2
:103C100007F007FE002084F8A70010BD3C2A002012
:103C20002DE9F04F984685B000F15803C0E91633EE
:103C3000129B002503730423D61D26F00706437349
:103C4000119B01EB060A0F46C0E9065551468560F7
:103C50008373C5730446DDF838B0DDF84C90F8F78F
:103C60002BFE109B073020F00700C4E92A76C4F829
:103C7000B00002930F9BAAEB0006CDE900B33246D9
:103C8000434639462046F9F765F90F9BC4E91D8B79
:103C9000E367109B656584F87050C4F88030EFF3DB
:103CA0001183402282F31288BFF36F8F104F3A6A5C
:103CB0003C62C4F8842083F31188BFF36F8FB9F19D
:103CC000000F11D01F22494604F1880007F0A9FD1A
:103CD00084F8A750BB680BB1D3F8B4303046C4F8B1
:103CE000B43005B0BDE8F08F84F88890F2E700BFEB
:103CF0003C2A0020F0B5002587B00595109DDDE930
:103D0000127604950F9D044603950E9D02950D9D18
:103D100001950C9D0095FFF783FFB6F1FF3F08BFAB
:103D2000B7F1FF3F05D056EA070305D1204600F062
:103D300073FA204607B0F0BD3A46334604F1180046
:103D4000014900F019FCF4E703A6010040F2011359
:103D50008381002310B50446C0E92A3300F056FDE4
:103D6000014B9C6010BD00BF3C2A00206FF00A018F
:103D7000094A9368C3F8C0100849C3F8BC004B68EF
:103D800043F080534B60002383F31188BFF36F8FA0
:103D90009368D3F8C00070473C2A002000ED00E093
:103DA00070B590F90D20437B002A36DBD90634D15B
:103DB0001B4C63F07F032246437352F8183FE169BE
:103DC000934207D1C0E900210860E06111E0994207
:103DD000F8D01B68002BF5D090F90E5093F90E60C7
:103DE000B542F4D0AE42F2DD5968C0E90031086056
:103DF0005860A569954200D005B9E568A3685A7B6B
:103E0000D20604D1DA897F2A01D9AA6932B1AB423C
:103E100002D0284600F00EFB656170BD6361FCE7CF
:103E20003C2A002038B590F90D200146002A437B3A
:103E300004DA03F07F03437306F066FB0D4D2A4658
:103E400052F8184FAB68944200D004B9EC688B422A
:103E500007D05A7BD20604D1DA897F2A01D9A26918
:103E60002AB1A34202D0204600F0E4FA23466B6157
:103E700038BD00BF3C2A0020B3F1FF3F08BFB2F1BC
:103E8000FF3F03D00249183000F076BB704700BFF7
:103E900003A6010038B5194CA168E0690B6881429E
:103EA00014BF1A46002249680B605960A368E16993
:103EB0002AB9134AC3E900210B60E3610CE093F9CE
:103EC0000E0092F90E50A84214D0854212DD5168BE
:103ED000C3E900210B605360A569094B9D4200D0E6
:103EE00005B9E568A3689D4202D0284600F0A2FA11
:103EF000656138BD9142DCD01268D9E73C2A0020C8
:103F0000542A0020F8B5DDE906670D4B0C46986889
:103F100011460C4A1060EFF31182402282F312889E
:103F2000BFF36F8F9D68284606F000FB2846324697
:103F30003B46FFF7A1FF2046BDE8F840FFF716BF5C
:103F40003C2A0020682A0020F8B50446EFF31187C8
:103F5000402383F31288BFF36F8F437B49B203F092
:103F60001F02002A0CBF0126002639D103F07F036F
:103F70002D4D437306F0C8FA2A46437B817363F0E4
:103F80007F03437352F8183F934227D1E869C4E98D
:103F900000200460EC610FE09842F8D01B68002B11
:103FA000F5D093F90EC06145F6D08C45F4DD596823
:103FB000C4E900310C605C60AC69944200D004B983
:103FC000EC68AB689C4202D0204600F033FA6C618A
:103FD00087F31188BFF36F8F3046F8BDE869DEE7DD
:103FE0009B071ED5856806F08FFA81732B689D426A
:103FF00009D16B68C4E900531C606C60E8E76A682B
:104000009342F6D01B68002BF3D093F90E20914217
:10401000F5D08A42F3DD5A68C4E9003214605C606E
:10402000D6E78173D4E700BF3C2A002049B9EFF3FB
:10403000058030B9054B5A699B689A4201D0FFF759
:1040400095BE81F31188BFF36F8F70473C2A002023
:10405000034648B9EFF3058232B9064A51699268BE
:10406000914201D0FFF782BE83F31188BFF36F8FB7
:10407000704700BF3C2A0020EFF31181402383F3F7
:104080001288BFF36F8F054B9A68D37B013BD373C4
:1040900081F31188BFF36F8F704700BF3C2A002067
:1040A00070B5EFF31186402383F31288BFF36F8F4F
:1040B000144DAB68DA7B0132DA732A4652F8184F96
:1040C000944200D004B9EC685A7BD20604D1DA8954
:1040D0007F2A01D9A2692AB1A34202D0204600F06A
:1040E000A9F923466B6186F31188BFF36F8FEFF355
:1040F0001180402383F31288BFF36F8FBDE87040B7
:10410000FFF7A6BF3C2A0020024B03F11802C3E9C7
:10411000062270473C2A002070B5EFF31186402339
:1041200083F31288BFF36F8F1B4CA168E0690B68A3
:10413000814214BF1A46002249680B605960A36887
:10414000E1692AB9154AC3E900210B60E3610CE07B
:1041500093F90E0092F90E50A84218D0854216DD50
:104160005168C3E900210B605360A5690B4B9D4268
:1041700000D005B9E568A3689D4202D0284600F04A
:1041800059F965613046BDE87040FFF7EFBD8A42DE
:10419000D8D01268D5E700BF3C2A0020542A00205E
:1041A000F8B550EA010306460C4603D1FFF7B4FF09
:1041B0000020F8BDEFF31187402383F31288BFF38B
:1041C0006F8F124D124BA8681860FFF72BFEA8687E
:1041D000234632460F49183000F0CEF9AA6804464B
:1041E000537B384643F004035373FFF7BFFDAB68BE
:1041F000D3E90A23B3F1004F08BF002AD8D106F053
:10420000D1FA201A20EAE070D3E700BF3C2A002050
:10421000682A002003A6010038B50446EFF3118593
:10422000402383F31288BFF36F8F437B5B070FD567
:10423000183006F08FFA637B204623F00403637383
:10424000FFF7AEFD2946BDE838400448FFF7EEBE53
:1042500085F31188BFF36F8F38BD00BF073400208E
:10426000014B9868704700BF3C2A00202DE9F843B5
:104270000446077BEFF31185402383F31288BFF3D5
:104280006F8F437B190705D585F31188BFF36F8FB7
:10429000BDE8F883D90943F0080260D14273A368EE
:1042A00013B1204606F038F904F1180006F052FA6E
:1042B000A66D04F15808B04511D04FF0000976B151
:1042C000304606F029F906F1180006F043FA3046A8
:1042D000C6F8C090FFF764FDA66DB045EFD1DFF8DA
:1042E000C480D8F808309C4241D1EFF30589B9F178
:1042F000000918BF4FF00109D8F818602A4A964201
:1043000000D00EB9D8F80C60B34202D0304600F0AD
:1043100091F82046C8F8146003F0B4FA204600F083
:10432000DBF8B9F1000F02D02048FFF70FFDD8F8F5
:1043300008309C4231D1EFF3058373BB227BD20757
:1043400018D42846FFF712FDFB07A1D5002383F3FD
:104350001188BFF36F8F0423184602DF98E703F03C
:104360007F0343F00803437306F0CEF897E74FF05E
:104370000009C1E785F31188BFF36F8F83F31188BC
:10438000BFF36F8F0423184602DFEFF31180402341
:1043900083F31288BFF36F8FD4E785F31188BFF3DF
:1043A0006F8FD1E73C2A0020542A0020902600205D
:1043B000D3B5DDE90667089CCDE90067FFF7A2FDEC
:1043C0001CB1034B9B681B69236002B0D0BD00BFCA
:1043D0003C2A0020427B034612F01F0210D10A49FA
:1043E00088420DD00949086868B1D9897F2909D860
:1043F00093F90E20064B1B689A42B8BF0020704705
:10440000002070471046704718240020BC09002087
:104410006C2A00200122044BC01A044BC0105843E0
:10442000034B1A54704700BF58270020ABAAAAAA12
:104430000734002070B50D4B0D4D1E7CFFF7CAFFF1
:1044400006EB460305EBC3050446284606F082F951
:104450000022084B9A553CB1621E2846BDE87040C8
:104460000549D31700F088B870BD00BF3C2A002072
:1044700058270020073400201544010038B5EFF319
:104480001185402383F31288BFF36F8F0F4B104ABF
:104490009C681068A04206D1FFF7CCFF85F3118815
:1044A000BFF36F8F38BD00211B7C1160094AD35CBC
:1044B000002BF3D02046FFF78DFF0028EED0637B62
:1044C000DB0601D1FFF7E6FC2046E5E73C2A0020A9
:1044D000682A002007340020EFF31181402383F382
:1044E0001288BFF36F8F0C4A136A834208D1D3F846
:1044F0008430136281F31188BFF36F8F70471346C6
:10450000002BF7D0D3F884208242F8D1D0F8842051
:10451000C3F88420EEE700BF3C2A0020024B186855
:10452000984208BF00207047C0090020034B1B6859
:104530000BB9FDF71DBB0020704700BF702A00209B
:1045400030B570B10B4B5B6898420AD0036843B139
:10455000D3E90421D0E90445121941EB0501C3E96F
:104560000421D0E9003213605A600023C0E900330F
:1045700030BD00BFC0090020B3F1FF3F08BFB2F15A
:10458000FF3F2DE9F84F0446994615461F467AD05D
:104590008160EFF31188402383F31288BFF36F8F9C
:1045A000B9F1000FDFF8E4A020DBFFF7BFFFDAE985
:1045B0000027013549F100092D1849EBE073064643
:1045C0004FF00109C4E90453AD1843EB0707FFF7A7
:1045D000A5FF0346DFF8B8E0DEF804A0EBB9C4E9B4
:1045E00000EACAF80040CEF8044028E06FF001036A
:1045F000DAE900125B1A4FF0FF3161EB02025B1B3C
:1046000062EB0902012B72F10001BCBF0123002201
:104610004FF00009C0E90432D9E7D3E9041CD4E91A
:1046200004208A4270EB0C0B24DA891A5A686CEB6E
:104630000000C3E90410C4E9003214605C60FFF7B5
:104640006DFF84420ED1134B1B685BB9B9F1000FAB
:1046500002D1FFF76BFF0646304606F064F80021F2
:10466000FDF79AFA88F31188BFF36F8F2846394611
:10467000BDE8F88F521A60EB0C009A45C4E904209B
:10468000ADD01B68AAE700252F46EFE77027002072
:10469000C0090020702A00202DE9F047EFF31185B2
:1046A000402383F31288BFF36F8FDFF8A0900026BA
:1046B000C9F800000027FFF731FFDFF89480D9F830
:1046C0000030D8E900ECD91750B1D0E90442A34238
:1046D00071EB020A1BDAE41A62EB0102C0E9044240
:1046E000002413EB0E034CEB01012046C8E9003116
:1046F000C9F8004006F017F82146FDF74DFA85F39A
:104700001188BFF36F8FBDE8F047FFF7B7BE14EB1A
:104710000E024CEBE473C0E90467C8E90023FFF71D
:104720000FFF85F31188BFF36F8F83689847EFF30E
:104730001185402383F31288BFF36F8FD9F80030BF
:104740001B1BC9F80030FFF7E9FEB8E7702A00200C
:104750007027002010B5EFF31184402383F31288F3
:10476000BFF36F8FFFF7E2FE0346054AD2E900016F
:10477000181841EBE37184F31188BFF36F8F10BDFC
:104780007027002038B50346EFF31185402282F3ED
:104790001288BFF36F8FC16001218160006883427E
:1047A00006D185F31188BFF36F8F0024204638BDF2
:1047B000D0E9003213605A600023C0E9003306F0EC
:1047C0003BF8294604460248FFF730FCEEE700BFFD
:1047D000083400202DE9F04105460E46174605F045
:1047E0008DFE30B9074B9B68D3F8B44014B9BDE8CF
:1047F000F081054C3B46324629462046BDE8F04153
:1048000006F07CB83C2A0020600A0020014BC0F86A
:10481000B4307047600A00200146024A0020FFF7CA
:10482000D9BF00BFCF75010001680E4A034691420F
:1048300015D1C169A2F11022A2F1EF1291420ED15D
:104840008268012A0BD8C26812B101698A4206D077
:10485000586928B19B691B1A58425841704701207A
:10486000704700BF55AA00FF70B50D4B9E68A6B1FA
:104870003046FFF7D9FF044678B9F3686BB935695C
:104880000DB9204670BD2846FFF7CEFF28B9EB686A
:10489000B34202D12E462D69F2E70124F1E700BFB1
:1048A000742A00202DE9F041444B454C05461B6815
:1048B00020468846984718B100242046BDE8F0817C
:1048C000A4F1140754F8144CFB68DCB1BC68CCB1FB
:1048D000002D66D0B8F1000F65D008FB05F6B6FBD9
:1048E000F5F5A84561D1311D5FD8B20711D026F08A
:1048F000030204321C4603E06168914257D2A46966
:10490000002CF9D12F4B2E481B6898470028D4D093
:10491000D2E73246EEE7891A232904F120051CD894
:104920000123A360D4E90523AAB19361A3690BB164
:1049300062695A610023C4E905333B69DB0703D58B
:10494000FFF792FF002835D13246002128462C4639
:1049500006F04FFFD6E7FB60E8E702F1200C04EB1E
:104960000C032039C3E90110DC6021691648196184
:1049700044F80C00A0F11020A0F1EF10D86101B1B3
:10498000CB6061695961A069986141B18B61996996
:1049900001B14B6101212361C4E90121CAE7FB6038
:1049A000F5E72C46AEE74446ACE70446AAE7A06824
:1049B0000028B0D0012002F015FA00BFF409002051
:1049C000882A0020F009002055AA00FF70B5464B48
:1049D000464C05461B6820469847002840F08280D8
:1049E000002D43D054F8143CA4F11406002B3DD004
:1049F000B268002A3AD09D4203D3726813449D42A4
:104A000002D3012002F0EEF9A5F120042046FFF7C1
:104A10000BFF0028F5D155F8183C012BF1D155F8C2
:104A2000143C45F8180C3BB39A682ABB55F81C2C6B
:104A300002F120015A680A445A6055E905321A61A8
:104A400055F8145C2B6903B1DD602022002120465B
:104A500006F0CFFE286910B18368002B2ED0336991
:104A60009B0703D5FFF700FF0028CAD1BDE87040BF
:104A70001F4B1E481B68184755F8100C00282AD0F9
:104A8000836843BB426863681344203363600369EF
:104A90002361D4E905239AB9CBB94369636182697B
:104AA000A261B3B19C61A36903B15C61236903B1E5
:104AB000DC602022002106F09CFED0E72C46E1E7D6
:104AC0009361A369002BE8D062695A61E5E7F3605E
:104AD000F7E7F460E7E7F36845F8083C03B15C6189
:104AE000F460BCE770BD00BFF4090020882A0020F4
:104AF000F009002038B50C4628220021054615484B
:104B000006F077FE144B15481B6898471449154862
:104B100000F038F8232C1CD915F003031FBF043C08
:104B2000E418C3F10403ED1822460021284606F0DC
:104B300060FE084B0C49C3E90054203C9D606C604A
:104B40009A6811609A68A1F11021A1F1EF11D16169
:104B5000DA6038BD742A0020F8090020882A002075
:104B6000CD490100A548010055AA00FF014B1B6873
:104B7000184700BFCC090020014B1B68184700BF35
:104B8000C8090020024B1860024B002019607047D2
:104B9000CC090020C809002010B50A46044619B106
:104BA000024B00211B68984710BD00BFD0090020B0
:104BB000F8B50D4E0D4C0E4D33680E48984767788A
:104BC0002B680C48984733680B489847022F08D148
:104BD0002478E31F5C425C412B68074898472046D5
:104BE000F8BD0024F8E700BFF40900209C2A00204B
:104BF000F0090020EC0A0020D80A00200E4B0340E8
:104C0000B3F1607F06D1B1F5885F14BF6FF0860005
:104C100000207047B3F1707F0BD101F4E043B3F58E
:104C2000005F06D111F4E06F0CBF6FF0860000202A
:104C300070476FF0860070470000C07F8A42F8B569
:104C400006460D4600F0188101F0FE41B1F1C06F3B
:104C50006BD18D4C22F4875121F01F01A14222F02B
:104C6000FF0015D0894988422CD022F4FF7121F031
:104C70000101B1F1062F2CD004F5C064A04207D089
:104C800004F57454A14203D0A4F58444A1421DD17B
:104C9000D1B221BB8BB122F4FF7323F00103B3F136
:104CA000062F06D07A4922F4FF6323F007038B42D4
:104CB00003D122F4807225F48075954214BF002040
:104CC0000120F8BDD1B251B9824208D0002BE9D100
:104CD000F3E7D1B219B9B2F1062F40F0D1806B4E93
:104CE00025F4FF7121F00101B14225F0FF0411D03C
:104CF00006F58856B4420DD0664F25F47F7626F02F
:104D00000306BE4206D0644EB44203D006F5745684
:104D1000B142BFD115F0FF01BCD0604E41F000712F
:104D2000B14204BF02462546B4E7B1F1A06F17D1E6
:104D300002F0FE43B3F1A06F40F08C8082EA0503DD
:104D400033F47E1340F086802E0440F18380C5F357
:104D50000540C2F3054290428CBF00200120B0E71D
:104D60004F4B9D4209D1A3F500439A4200F0848045
:104D70004C4B22F47E109842A0E7B1F1407F69D1FC
:104D800002F0FE43B3F1407F64D182EA050030F4C3
:104D90007E145FD131462846FFF730FF00286DD1E1
:104DA000414B12F47C1103EA020318D0B3F1607F87
:104DB000C2F305413DD13D48D3B243F00073834275
:104DC0003DD003F17E43043B112B01D83848C45C2D
:104DD00015F47C1FC5F3054333D18C426EE7B3F164
:104DE000607F0DD13148D3B243F0007383421ED0AF
:104DF00003F17E43043B112BDDD82E49C95CDAE771
:104E0000B3F1707F19D106F4E043B3F5005F03D12D
:104E10000121C6F30223994006F4E043B3F5005F95
:104E2000D6D10120C6F3022600FA06F4D0E71021FD
:104E3000C1E7B3F1707FCBD1EEE70024C8E71024BF
:104E4000C6E712F47C1F01D1A34215D02C0401D572
:104E50008B4281E725F0004323F47F03B3F1106F09
:104E60000CD102F0FE43B3F1106F07D1124810408D
:104E700040F01060A84221E7012022E7002020E74F
:104E8000002B7FF416AF18E70003000600020006AF
:104E9000004000060004000600090006FF000002B2
:104EA0000093C004000140050000C07F0300000221
:104EB000E2D40100E2D401000000FFF62DE9F04742
:104EC000884692461C4600F023FC064600283CD14A
:104ED000D8F80070B7F8009009F4E043B3F5804FBC
:104EE000BB6808BF2AF0010A3AEA030325D164B37C
:104EF000BAF5006F2CD0AAF50052D2F1000A4AEBA5
:104F0000020A2A4B24F0FF029A4224D114F0FF0532
:104F100004D0274B45F000759D423BD053462246B6
:104F20004846F968FFF78AFE054670B9534622469F
:104F300048463969FFF782FEA8BB6FF0840600235C
:104F40003846C8F8003000F0A9FC3046BDE8F087CC
:104F50004FF0010AD5E7174B9A42D7D0A3F58853F3
:104F60009A42D3D024F4FF7323F00103B3F1062F48
:104F7000CCD011498A42C9D0104A9342C6D0A2F57A
:104F800084429342C2D004F0FE43B3F1407F04D187
:104F90002304C3D56FF08606D1E7B3F1A06FF7D035
:104FA000034B9C42B9E72E46CFE700BF0003000643
:104FB000FF0000020013000600090006004600067C
:104FC00070B5114B05461B6810480E4698470446BD
:104FD00018B16FF08F04204670BD6B6933602B7F72
:104FE000012B04BF02232B77094B18BF30601B68CD
:104FF000064818BF6FF0960498470028EBD0002CA5
:10500000E7D06FF09604E6E7F4090020C40A002018
:10501000F009002038B500F0FE43B3F1407F0446AC
:105020000D4602D06FF0860038BDFFF7E7FD00287F
:10503000FAD114F47C1F12D0C4F30543032B137070
:1050400022D9284A2240B2F1607F3DD1264AE4B2FB
:1050500044F0007494422BD1102BE5D9E2E7214BA8
:105060002340B3F1607F15D11F49E3B243F00073D1
:105070008B4202D110231370D6E703F17E43043B29
:10508000112B04D9002313706FF08500CCE717496A
:10509000CB5CD3E7B3F1707FF4D101F4E043B3F517
:1050A000005FEFD10123C1F302218B40DBB2C5E7E2
:1050B00004F17E44043C112CB4D80D4A125D934295
:1050C000B0D8142BB0D9DFE7B2F1707FAAD105F4C4
:1050D000E042B2F5005FA5D10122C5F30225AA4046
:1050E000EDE700BF0000C07F03000002E2D4010032
:1050F000E2D4010000232DE9F34113604768D0F8A2
:10510000148004460E463846114605F0F1FD05466A
:1051100088B9384605F0EEFD054660B9FFB277B9AB
:10512000B8F1000F05D1A36823F0031323F47F43E4
:1051300063B16FF08605284602B0BDE8F081012119
:10514000606905F0AFFD0028EDD1F2E74FF6F87386
:1051500062889A4227D8154B15481B6827799847CB
:1051600010B16FF08F05E6E707B901A8314600F0EE
:105170008DFA104B05461B680D48984710B1002D5D
:10518000D9D1EEE7002DD6D10FCCD6F800C06646B7
:105190000FC694E8070086E80700002FCBD1019BDB
:1051A000CCF81430C7E76FF08505C4E7F409002098
:1051B000C40A0020F009002010B5044660B1074B76
:1051C00007481B689847204605F09AFCBDE8104048
:1051D000044B03481B68184710BD00BFF4090020AA
:1051E000C40A0020F009002037B50446C0B101A967
:1051F00000F08EFA044698B91F4B20481B68984768
:105200001F4D38BB0198037F032B11D105F05BFDC7
:105210002B6804461948984728B10CB96FF08F04E1
:10522000204603B030BD002C08BF6FF08704F7E7BD
:10523000022B1BD1032303770379FF2B19D043697A
:10524000104A03F14043A3F58053934202D800F083
:1052500009FC0446019805F036FD2B68002818BFAC
:105260000446064898470028DAD0D6E76FF096043F
:10527000F0E76FF08404EDE7F4090020C40A002091
:10528000F0090020FFDFFF3F2DE9F04116461F46E1
:10529000002288B0038805468846CDE90422079697
:1052A0003A60002E62D0B6F1005F80F09E8023F05D
:1052B000FF03B3F5E24F02D0B3F5824F22D1284667
:1052C00005F049FB0446002840F08380EB686BB191
:1052D0006A885AB12B8803F44F41B1F5824F05D14A
:1052E000DBB2222B37D02DD8122B39D042460023E7
:1052F00008EB060112F8010B914243EA0003F9D1D1
:10530000002B33D0284605AA04A9FFF7F3FE044674
:10531000A0B9049B9B6A63B3049B41465A88284604
:10532000069206AA029203F1280201929A6A00925A
:105330005B6A324600F000FB044678B30498FFF73E
:105340003BFF46E0273BDBB21B2BCFD8284921FA95
:1053500003F3DB07CAD50732B6EBD20FC6D205E09E
:1053600040F209239A42F6D1402EBFD86FF086044E
:105370002FE06B681B0A07D10799049805F080FBA2
:1053800004460028C8D0D9E732464146284607AB34
:1053900000F0A2FA04460028EED0CFE70499069B5D
:1053A0004A88D2B94B804FF6F873069A04989A420D
:1053B00018D82B8813B102889A4210D16B8813B188
:1053C00042889A420BD13946FFF7FAFD044600287D
:1053D000B4D1204608B0BDE8F0819A42E3D06FF026
:1053E0008604ABE76FF08504A8E76FF08504F0E76B
:1053F0000102000C38B504460D46FFF7D9FB30B169
:105400002A462146BDE83840024805F09DBC6FF0B1
:10541000880038BDA02A002070B51D4E1D4C336891
:105420001D4898472378590744BF23F0040323708D
:1054300023789A0705D500F00FF9237823F00203AB
:105440002370164D14482B689847336814489847C2
:10545000637813B1134805F07AFC00230421114846
:105460006370FFF799FB2B680D48984733680A482B
:1054700098472378DB0705D505F045FC237823F012
:10548000010323702B680448BDE87040184700BF33
:10549000F40900209C2A0020D80A0020F0090020EE
:1054A000EC0A0020A02A00202DE9F041FFF780FB44
:1054B00018B100242046BDE8F081364F36483B68DD
:1054C0009847044620B16FF08F04FFF7A5FFF1E77E
:1054D000324D2B78D80706D405F013FC04462B7800
:1054E00043F001032B702E4E2B483368984710B1C0
:1054F000002CE8D0E9E7002CE7D13B682648984724
:1055000004460028DFD12B78990706D400F09CF8D8
:1055100004462B7843F002032B7033681E489847EB
:105520000028E5D1002CD0D13B681B4898470028C3
:10553000C9D13368184895F8008098470028C2D12F
:105540003B681848984704460028BCD16B7843B99B
:1055500018F0010F05D0144805F0F3FB02230446B0
:105560006B7033680F4898470028C1D1002CACD12C
:105570003B68094898470028A5D12B7806485A0768
:105580005CBF43F004032B7033689847002890D029
:1055900099E700BFF4090020D80A00209C2A0020C7
:1055A000F0090020EC0A0020A02A002038B5074CA2
:1055B000074B20461B689847064B204693F88055BA
:1055C000054B1B689847284638BD00BFD80A002005
:1055D000F4090020A42A0020F009002000F1404333
:1055E0001F2B70B505460E460CD82C22154C02FB1D
:1055F0000344237F022B02D16369834218D06FF0EA
:105600008B001AE0012105F04DFBB8B10D4B0022D3
:105610001C46197F022902D15969A94205D00132DD
:10562000202A03F12C03F4D1E9E72C2303FB0244E5
:10563000204605F02AFB00B9346070BD6FF087008A
:10564000FBE700BFA42A00200122024B002083F8C0
:1056500080257047A42A00202DE9F0410A4C00253E
:1056600026464FF0010803272046C4F820802777FC
:10567000013505F045FA202D04F12C04F4D1002366
:1056800086F88035BDE8F081A42A0020F8B50646EA
:105690000F46FFF78BFF80B300241B4B22461D46AD
:1056A000197FD1B13CB9022905D1196A19B9197903
:1056B000002918BF1C460132202A03F12C03EFD128
:1056C00014B96FF08C0006E0204605F0DEFA2046A3
:1056D00005F016FA10B100240DE01C46237F7BB9BB
:1056E0000123237736B1094B651BAD105D4305F1EE
:1056F0008045356000203C60F8BD6FF08800EAE727
:105700006FF09600E7E700BFA42A0020A38B2EBA13
:1057100000232DE9F0410B6090B005460E46FFF7DF
:1057200045FF002800F0AF80584B59481B68984748
:10573000804668B931462846FFF750FF10F18C0FBC
:105740000446544F0AD03B685148984710B10CB9F1
:105750006FF08F04204610B0BDE8F081314640461E
:10576000FFF794FF044618B13B6849489847F1E7B2
:105770000122336801465D61336809A85A601C2222
:10578000356806F036F8002200236869CDE9062363
:10579000414A00F14043A3F580539342CDE90444CC
:1057A000039405D9284605F0ABF96FF0870420E093
:1057B00006AA03A905F0CEFA0446002837D1039BB8
:1057C0006A690A93DBB2002B08BF00220346CDE9C9
:1057D0000000DDE906010E9209AA00F0DFF810F1E1
:1057E0008A0F044608D030680CBB05F089F96FF0C9
:1057F000960400233360A6E704A909A800F084F802
:105800000446A0B92846049905F03AF9044670B94F
:10581000DDE9060105AB0193AB6A09AA00936B6A47
:1058200000F0BCF8044648B1284605F05EF930683F
:1058300005F066F914F18C0FDBD1B6E7059B09ACD6
:10584000AB620FCC0FC594E8070085E8070033680A
:105850009A68D00413D49A68910444BF42F4006259
:105860009A6033681A7F012A04BF02221A773068CF
:1058700005F00BFA044600283FF465AFB9E742F49F
:1058800080629A60E7E76FF0880463E7F40900201C
:10589000C40A0020F0090020FFDFFF3F10B50B4BCA
:1058A00004461B680A48984718B16FF08F042046D9
:1058B00010BD204605F007FA064B04461B68044855
:1058C00098470028F3D0002CF1D1EEE7F40900202E
:1058D000C40A0020F0090020194610B400244368CF
:1058E0000C60074C1A0AB4EB132F02D0054B9A42F6
:1058F00002D110BC00F036BA6FF0860010BC7047C1
:10590000004E80004B4E800010B4002443680C60B1
:10591000074C1A0AB4EB132F02D0064B9A4202D15D
:1059200010BC00F01FBA6FF0860010BC704700BFBB
:10593000004E80004B4E80002DE9F04FDFF854B050
:10594000D0F804E00446DDE90989BBEB1E2F0D46C3
:1059500016461F46DDF82CA04FEA1E2C0AD0DFF8B1
:1059600038E0F44506D0BCF1000F0FD1BDE8F04F90
:1059700005F099B83B46324629462046CDE90A9AB9
:10598000CDF82480BDE8F04F00F004BC6FF0860035
:10599000BDE8F08F004E80004B4E8000F0B4DFF881
:1059A0002CC05468DDE90456BCEB142F4FEA1427D1
:1059B00002D0074CA74204D1CDE90456F0BC00F058
:1059C0002FBC6FF08B00F0BC704700BF004E800012
:1059D0004B4E8000F7B5089E0E4FF5B2044645F0D9
:1059E00000754868BD424FEA10200DD010B10A4D35
:1059F000A8420CD1009604F1080005F06DFA08B930
:105A00000523236003B0F0BD6FF08500FAE76FF067
:105A10008600F7E7050000024B4E8000F7B5089EB0
:105A20000E4FF5B2044645F000754868BD424FEA96
:105A300010200DD010B10A4DA8420CD1009604F1EF
:105A4000080005F04BFA08B90523236003B0F0BD48
:105A50006FF08500FAE76FF08600F7E705000002B7
:105A60004B4E80004268044BB3EB122F01D105F07E
:105A7000D1BA6FF0850070474B4E800010B50C4CCA
:105A8000206805F01BFE0B4A1368591C11604BB9C6
:105A9000094A4820D2F8003443F00703C2F8003422
:105AA000F7F7FAF92068BDE8104005F00DBE00BF19
:105AB000D8090020283000200080045038B5164D49
:105AC000286805F0FBFD154B1C68013C1C60ECB917
:105AD0004820F7F7EFF90722114BC3F80823D3F852
:105AE000002422F00702C3F80024C3F80041D3F8D1
:105AF0000021C3F80441D3F804214FF48072C3F8A5
:105B00000841D3F80831074BC3F888212868BDE85D
:105B1000384005F0D9BD00BFD8090020283000204A
:105B20000080045000E100E070B5104D104E2B686D
:105B3000B3420DD0FFF7A2FF01F09AF801F0D6F8BA
:105B400040B105F009F90446FFF7B8FF44B92E60EB
:105B5000002405E000F036FD044618B1FFF7AEFF63
:105B6000204670BD05F0FFFAEDE700BFD409002024
:105B700011736500F8B505460E4618461C211746F8
:105B80001C4605F069F96B6821491A0AB1EB132F1D
:105B90001BD1204A337822611F4A13F00303E260CD
:105BA00066610CD0023303F00303012B26D86B8807
:105BB0000733DB086360194B23600020F8BD6B8856
:105BC0000733DB086360164BF6E7164B9A4212D197
:105BD0006A69154B1344022B13D90023224642F85D
:105BE000183FC4E9033362616A69104B9A4201D1DC
:105BF0002023E7E747B1C4E90067DEE76FF08400E0
:105C0000DCE76FF08500D9E76FF09600D6E700BFBC
:105C10004B4E8000916201002FB101000000002076
:105C200040008151004E8000FF3F008004C0FF7F94
:105C30000022074BC3F81021C3F80C21C3F8002140
:105C4000C3F80421C3F80821C3F81421704700BF2A
:105C50000050045008B5FFF7EBFF01230360104B21
:105C60000A6832B9D3F80C211AB9D3F80821002AEE
:105C7000F6D00B687BB90B4B99420ED0A3F5847319
:105C8000D3F80831002B0CBF4FF0FF306FF002004B
:105C9000FFF7CEFF08BD0020FAE74FF0FF30F7E72F
:105CA000005004500851045038B505460C4691B1D7
:105CB0000021012004F03CF908480949C0F80055CA
:105CC000C0F80445FFF7C6FF00210446084604F06B
:105CD0002FF9204638BD6FF00104FAE70050045058
:105CE00000510450034B0449C3F800050348FFF773
:105CF000B1BF00BF00500450045104500450045080
:105D000010B504460021012004F012F9064B0749A2
:105D1000C3F800450648FFF79DFF002104460846EA
:105D200004F006F9204610BD0050045008510450FC
:105D30000850045038B50C4659B1074D0749C5F80D
:105D400000050748FFF786FF10B9D5F8083523602E
:105D500038BD6FF00100FBE70050045010510450B3
:105D60000C50045070B51C4E44680288B6EB142FDA
:105D700043884FEA142513D14069184B98420BD041
:105D800003F5FF437D330344012B02D8B2F5105FC6
:105D900020D06FF0860016E047F212139A42F7E720
:105DA0000F488542F5D102F44F40B0F5824F0BD138
:105DB00044F21210073382424FEAD30301D15B0051
:105DC000013300200B6070BDB2F5885F02D107334C
:105DD000DB08F6E70223F4E7004E800001C0FF7FF6
:105DE0004B4E80002DE9F047804600244FF010090B
:105DF0001E4E94B00DF1270525F01F0506F1200A6F
:105E0000012210211A4805F012F82B19009352466E
:105E1000102320211548CDF8049000F00DFD074611
:105E2000F8B9D6E90C321034013342F10002302CBB
:105E3000C6E90C32E4D1B8F1000F04D02246414645
:105E4000284604F0E7FF2E46084C0FCE0FC496E814
:105E50000F00203584E80F0095E80F00103484E827
:105E60000F00384614B0BDE8F08700BF7827002047
:105E700098270020F0B5194D194FAB6B8DB0BB4280
:105E800029D0184E306805F019FC4023002219462D
:105E9000284604F0D6FF3021684604F0F3FF04469C
:105EA00078B96846FFF79EFF044690B93023024652
:105EB0001946684604F0C5FF01220023C5E90C23FA
:105EC000AF63306805F000FC204604F045FF0DB0DC
:105ED000F0BD0E24F5E70020F9E700BF7827002089
:105EE000B4A5B4A5DC0900202DE9F04F99B00DF15F
:105EF000570802F10F0982460E46144628F01F0883
:105F00004FEA191922B1002967D0B2F5803F64D851
:105F1000334F344D386805F0D1FBD5E90C321343CB
:105F20000BD15046FFF7A6FF834630B1386805F025
:105F3000CBFB584619B0BDE8F08FD5E90C2319EB1F
:105F4000020243F10003B3F5803F14D3302102A8CD
:105F500004F098FFB8B902A8FFF744FF8346002871
:105F6000E4D130230246194602A804F06AFF002259
:105F70000023C5E90C23DFF870A03CB92046FFF7E9
:105F800031FF8346D2E76FF0920BCFE7102C4FF032
:105F900001024FF010015046A14628BF4FF01009F2
:105FA00004F045FF102352462021CDE900830D481F
:105FB00000F042FC83460028B8D14A4630464146AC
:105FC00005F00AFCD5E90C32013342F10002C5E9C3
:105FD0000C32A4EB09044E44CFE76FF0860BA8E720
:105FE000DC0900207827002098270020F0B40568FD
:105FF000049C8DBB14F47C1604600AD0C4F30546DF
:10600000194D24F47E14AC42466029D1F0BC00F056
:106010007DB8164D2540B5F1607F0DD1144FE5B226
:1060200045F00075BD4215D005F17E45043D112DAA
:10603000E6D8104E765DE3E7B5F1707FE0D10D88CC
:1060400005F4E047B7F5005FDAD10126C5F3022574
:10605000AE40D5E71026D3E76FF08800F0BC70475C
:106060006FF08500FAE700BF0002C0030000C07FA8
:1060700003000002F4D4010010B4046844B15AB122
:10608000084B24F47E149C4208D110BC04F02FBFAE
:106090006FF0880010BC70471046FBE76FF085007A
:1060A000F8E700BF0002C003F8B51E4603680546C6
:1060B0000F4603B311B34168914222D8124A23F428
:1060C0007E13934211D104F07BFF044678B905F1A9
:1060D0000C0138466A6805F07FFB6B684FF4AA71C3
:1060E0002846336004F0B8FE03E06FF09604002306
:1060F00033602046F8BD6FF08804FAE76FF086043D
:10610000F7E76FF08904F4E70002C0032DE9F041DE
:106110000E46114632881D46B2F5105F044673687C
:1061200030D10F2D0AD819481A0AB0EB132F07D017
:10613000174B9A4204D06FF0860220E0202DFAD847
:1061400004F59A772A46384604F58C7805F044FB26
:106150002A46434639463046FFF70CFD024670B9E1
:10616000414604F1200000F0C3FB024618B1BDE82F
:10617000F04104F0F1BD1023A36001232377104602
:10618000BDE8F0816FF08502F9E700BF4B4E80005B
:10619000004E80002DE9F04F1D4600238BB0DDF846
:1061A0005890DDE9146AC9F8003004460F4690465D
:1061B000CAF8003066B34268184BB3EB122F2AD1ED
:1061C00002A9D0F814B0FFF7CDFD0146C8B9029B73
:1061D0009E421AD35FFA8BFB594643463A46204605
:1061E00000F0B0F8014660B92B465846CDE9006A88
:1061F00003AA00F047FA014618B9BDF80E30C9F8F5
:10620000003008460BB0BDE8F08F6FF08901F8E769
:106210006FF08601F5E76FF08501F2E74B4E8000E5
:1062200030B4074C041961F10005032C75F1000529
:1062300002D330BC00F026BA6FF0850030BC704746
:10624000FF3F00806029F8B505460E4618D80E4F6E
:10625000386805F033FA284604F069FF04F07CFD45
:10626000044640B909493246284605F0B5FA60218E
:10627000064804F0F1FD386805F026FA2046F8BD1E
:106280006FF08904FAE700BFE00900200000002059
:1062900008B503789B0705D00548602104F0DCFDB4
:1062A000002008BD04F05FFF0028F5D00220F8E7C9
:1062B00000000020F7B5224943680446B1EB132FD4
:1062C000DAB239D1032A03D16FF0840003B0F0BDF4
:1062D000466901A9F5B2284604F0D3FE0028F5D19D
:1062E0006A462146019804F0A1FE0028EED104463A
:1062F000009FA74219D89DF8043007F0070223F049
:106300001F0343EA820301A88DF804308DF805606D
:10631000FFF7BEFF3946284604F0CEFE0028D5D14F
:1063200003B0BDE8F04004F0DFBE6019FFF7DAFC0F
:106330000028C9D10134DBE76FF08B00C6E700BF4E
:106340004B4E80002DE9F04F89B007460C461546AC
:106350001E4604F0C9FE78B97B690090C3F3013290
:1063600062F305108DF8000010F0300007D1B96815
:1063700089070FD06FF0860009B0BDE8F08F1028B4
:1063800008D1BDF8023023F4F87343F4A873ADF8D4
:10639000023068E0F968DFF814C261453ED0DFF8EA
:1063A00010C261453DD11421009B61F393330093EA
:1063B0003B88B3F5105F2ED100234FF0010B9846B8
:1063C00019469C46D7F808E0DFF8E89159F804AB85
:1063D0001EEA0A0F08D00BFA0CF343EA080303F095
:1063E0007F08012341EA0A010CF1010CBCF1070FFF
:1063F000ECD12BB19DF8033068F347038DF80330DF
:106400003EEA010107D17B88FF2B15D00CD8802BE9
:106410003CD0C02B3CD06FF08500ADE72421009B21
:10642000C3E7DBB2F82BC6E7B3F5807F32D0B3F514
:10643000C07FF0D1062300E003239DF8021063F330
:1064400006118DF8021010B91EF0030F92D13B799E
:10645000022B2CD020D8012B8CD1BDF8021063F375
:10646000C811ADF80210012A3AD0032A24D0002A1C
:1064700080D13B88B3F5105FCDD1182E04D0202EEB
:1064800002D0102E7FF476AF4B4F2DE00123D4E7DE
:106490000223D2E70423D0E7032B02D0FF2B7FF4A3
:1064A00069AF0221BDF8023061F3C8136FE7BDF890
:1064B000023043F4C0736AE7412E0ED0202E05D07F
:1064C00006D8102E02D0182E7FF454AF3B4F0BE0AD
:1064D000302EFBD0612E7FF44DAF0135013EF5E744
:1064E000302E7FF447AF364F4FF000080F364FEA9B
:1064F0001619C14515D11F2E1CD81C22002101A838
:1065000005F077F94FF0000A4FF0FF39D04518D168
:106510001F2E04D9BA20FFF7F3FB002835D1002045
:106520002AE704EB080004F0A3FC00283AD008F1A5
:106530000108DEE74146204604F0BEFD0028DCD01D
:106540001AE707EB0A124FEA0A130692BAF1000F94
:106550001ED1009A0792BDF802202B44C2F3C1124B
:1065600005920DF1040C03F1100E6246186859688B
:10657000083303C273459446F7D101A904EB0A001E
:10658000FFF792FB38B104F0AFFD6FF09200F3E635
:10659000CDF81C90DFE71C2101A804F05DFC0AF196
:1065A000010AB3E76FF08A00E6E600BF0002C0030D
:1065B00000444004E0CA0100400081510000002076
:1065C0001084045010B590B01C22002101A805F0E1
:1065D00010F9F82004F04CFC08B3202200200DEB49
:1065E0000201FFF781FC0446F8B901A84FF480715D
:1065F00004F012FD0E4B0F4904930F4BCDE901132C
:106600000E4BF821069320230DEB0302FFF79AFEB1
:10661000202104460DEB010004F01EFC05E0F920EA
:1066200004F026FC0028D8D10446204610B010BD46
:106630000010C00400240001014B4E80F800FF7FD1
:1066400073B5C5B20E46284601A9144604F019FDDB
:1066500088B9BDF80630C3F3C113013BDBB2022B8E
:106660008FBF6FF08600054AD25C054B9EBF134377
:106670003360C4E9005002B070BD00BF06D5010010
:10668000004B4E802DE9F04385B0884601A90646AF
:1066900014461D460C9F04F0F4FC48B9B6F1F8030B
:1066A00048F1FF38022B78F1000804D26FF0860021
:1066B00005B0BDE8F08304F017FD0028F8D1002CE8
:1066C000F4D09DF8048018F00F0240F09780BDF8D8
:1066D0000630C3F3C113013BDBB2022B00F2918001
:1066E0004F4908F03008C95C4E4BB8F1100F43EA2F
:1066F0000103636038D14C4B2360204602A9FFF7A9
:1067000031FB0028D4D1029BBB4200F2868044F2C8
:10671000121221880198914204BF042205F8012B2E
:106720000D9A214613609DF804302A78C3F30113B3
:1067300063F301022A7003AA08BF07F1FF3704F0D0
:1067400075FC0028B4D12B78039A6E7062F3840331
:106750002B70238803F44F42B2F5824F49D139465A
:106760002846FFF76FFDA3E7134691469DF80710F3
:106770002E484908D9B94946204604F04DFC019BF2
:10678000C3F38533142B1DD0242B40D1284B4FF459
:106790001052E3609DF806302280C3F30213013BE0
:1067A000052B37D8DFE803F023101B1D3620CA075E
:1067B00005D5062B28D850F8232049EA02094908B4
:1067C0000133D7E71B4BE2E7C0236380B8F1000F2A
:1067D00093D119F0030F90D06FF0960068E7FF2374
:1067E000F3E74FF48073F0E74FF4C073EDE78023D5
:1067F000EBE7B3F5885F7FF45BAFB0E76FF088003D
:1068000056E76FF0910053E76FF0830050E76FF0A9
:1068100092004DE76FF098004AE76FF0890047E774
:1068200006D50100004B4E8001108001E0CA010036
:106830000002C003004440042DE9F3411D464FF41B
:106840008073284C8046002017460E46019300F0C6
:1068500099F901AB23601123234A0121C4E90223E2
:1068600004F11003636040F61103E36104F12003B7
:1068700063612123089AE3621C4B46F000561A60BC
:10688000099A45F0005542F00052C3E90112202256
:10689000C4F81080A6612762A5626162DA60BFF366
:1068A0005F8F4FF0A3421460BFF35F8FBFF35F8F22
:1068B0001361BFF35F8FBFF35F8F03235363BFF396
:1068C0005F8FBFF35F8F9363BFF35F8F04F0D6FCDE
:1068D000431C0446FAD0002000F07EF9204602B0A6
:1068E000BDE8F0813C300020040000202C30002066
:1068F00070B504460D4619B10A688B681AB953B9C8
:106900006FF021063BE033B94B6823F00802102AF0
:1069100001D0202B35D12046256104F01FFD06460D
:1069200000282CD1184B04F1780123600123636007
:10693000AB6804F114009A069B01DBB202F0E0425E
:106940001A4342F48032112300F020F8AB6893B967
:106950002A68A3691A606B68A26943F000539360C8
:106960002268A36992699268DA60A3691033A3610F
:1069700063680133636000221023C4E902233046B8
:1069800070BD6FF04106FAE7FCCA0100026100F138
:106990001402826000F110024160C2600A60426825
:1069A000034991604268D360436810334360704785
:1069B00004000020BFF35F8F094A1368BFF35F8FA5
:1069C00043F48071BFF35F8F1160BFF35F8F23F4D7
:1069D0008073BFF35F8F1360BFF35F8F704700BF9B
:1069E0000010805108B5FFF7E5FFBFF35F8F064A3F
:1069F0001368BFF35F8F43F00103BFF35F8F136032
:106A0000BFF35F8F08BD00BF0010805170B5002636
:106A1000C0E9006605460C46FFF730F801232B70ED
:106A2000FFF7C8FFBFF35F8F204BDB68BFF35F8FBB
:106A30009B08013BACB3226842B19A4205D9FFF7EB
:106A40003DF86FF03F002E7070BD1346D4E901157C
:106A5000E068002908BF4FF40071002808BFF1204A
:106A60002469BFF35F8F114A9360BFF35F8FBFF359
:106A70005F8F1564BFF35F8FBFF35F8F5064BFF309
:106A80005F8FBFF35F8F5163BFF35F8F44F4802448
:106A900044F00104BFF35F8F1460BFF35F8F0020E9
:106AA000D2E74FF40071F1202546DAE7001080515B
:106AB00070B503780D461446002B53D0BFF35F8F9B
:106AC0002D4A136BBFF35F8F5908C3F34203052BA5
:106AD0004BD011F0060F02D14FF0FF3070BD43686C
:106AE000D3B9BFF35F8F5368BFF35F8F032BF3D925
:106AF000224B2349BFF35F8FD2F88060BFF35F8FD3
:106B0000BFF35F8F43F8046BBFF35F8F8B42F1D10C
:106B1000FFF768FF01234360BFF35F8F164B9A684E
:106B2000BFF35F8F0132B4EB021F21D8BFF35F8F39
:106B30005A68BFF35F8FB4EB820FCDD884B1BFF337
:106B40005F8FD3F88020BFF35F8F291D05F8012BDD
:106B50008D424FEA122204F1FF34EFD0002CF5D120
:106B60000020BBE76FF02000B8E76FF05100B5E7F9
:106B70006FF03F00B2E700BF00108051101080514D
:106B80002010805110B50446FEF778FF104B1868AE
:106B900004F094FD0CB101232370BFF35F8F4FF01D
:106BA000A3430022DA61BFF35F8FBFF35F8F4FF023
:106BB000FF321A63BFF35F8FBFF35F8F3422DA6156
:106BC000BFF35F8F0122034BC3F8042310BD00BF46
:106BD000E00900200080045010B5044638B9FEF7E3
:106BE0006DFFBDE81040074B186804F06DBD0378D9
:106BF0003BB1FEF763FF034B186804F065FD00230B
:106C0000237010BDE009002038B5164CD4F80051AF
:106C1000C5B1BFF35F8F4FF0A343996ABFF35F8F96
:106C2000BFF35F8F4FF0FF321A63BFF35F8F002314
:106C3000C4F80031D4F800310B4B1868BDE8384077
:106C400004F055BDD4F8083153B100F06BF804F0EE
:106C500001FDC4F80851D4F808310121034BECE7D9
:106C600038BD00BF00800450E8090020E40900207E
:106C700008B5074B186804F029FD064B186804F0A6
:106C800025FDBDE80840002248201146F6F726B948
:106C9000E8090020E409002038B5094B1C7864B1EC
:106CA000084B4FF0FF311D68284604F011FD4FF0EE
:106CB000FF310446284604F018FD204638BD00BFC9
:106CC00006340020E809002010B5064CE36C3BB9FF
:106CD000214651F84C3B986904F0C0FC0123E36461
:106CE000014810BD6C300020B830002010B50B4BAF
:106CF0000B4C236003F5C04363602461FFF7E4FF9E
:106D000050B1236D0020B3F5007FCCBF4FF48063FA
:106D10004FF40073A36010BD0E20FCE700208051EB
:106D20006C300020004870476C30002070B50F4E6A
:106D30000F4C0546306804F0C1FC206830B9802251
:106D40000C49FFF7D1F870B9202323602368094A62
:106D5000013B2360002452F823202A60306804F0AD
:106D6000B3FC204670BD0224F8E700BFEC09002008
:106D7000D8300020DC3000202DE9F0434FF000092E
:106D800085B00546CDF8049000F10C07EFF31188AB
:106D9000402383F31288BFF36F8F8368594003EA5F
:106DA00002060A4053400E4901AACDE9023903F018
:106DB00098FC019C3CB12046C4F8C0900021646E50
:106DC00003F0FCFBF6E7DDE9023223EA0203384672
:106DD0004146AB60FDF72AF9304605B0BDE8F083C7
:106DE0007DB7010008B5054B044613B10021AFF390
:106DF000008000F0ABFA2046F6F72AFB0000000006
:106E0000F8B50E4B06461D68AB789B0712D56F6828
:106E100016F8014B29462CB90A20B847002805DB93
:106E2000204609E02046B8470028F1DAAB7843F065
:106E30000403AB704FF0FF30F8BD00BF28C701005E
:106E40000CB430B589B005460C461C22002101A8BF
:106E500004F0CFFC022305958DF806300D4B02930C
:106E600023462CB1B4F1004F28BF4FF00043013B43
:106E70001D440DAA0C9901A80695009200F00CF88B
:106E800014B1059B00221A7009B0BDE8304002B071
:106E9000704700BF07B901002DE9F04F43688DB07E
:106EA00015468046029383789A0740F10D810024AD
:106EB0000E78002E00F00A81252E0BD04B1C039378
:106EC000013441463046029B98470028C0F2F680C4
:106ED0000399EDE74E788B1C252E0393F0D0002705
:106EE000B946BB46BBF11F0F38D8A6F12003102BC3
:106EF0000AD8DFE803F02A0909300909092109093C
:106F00000928092D09091F00A6F13003092B33D9DF
:106F10002A2E37D11BF0400F55F8043B40F08280F9
:106F2000002BA7BF4BF0200B9946C3F100094BF093
:106F3000280B01E04BF0010B039B13F8016B03934B
:106F4000002ECFD130E04BF0020B4BF0040BF3E7F7
:106F50004BF0080BF0E74BF0100BEDE7BBF17F0FA8
:106F600019D8A6F13003092BD2D81BF0400F03D05B
:106F70000A2101FB0737DFE70A214BF0200B01FB59
:106F80000939D9E72E2E06D11BF0400F40F09E8024
:106F90004BF0400BD0E76C2E31D02BD8682E36D07A
:106FA0006A2E3CD04C2E3AD0002F46F02003B8BFBA
:106FB0002BF04002A3F16501BCBF00271FFA82FB42
:106FC000022901D9612B2FD107350727DFF8ACA2A1
:106FD00025F0070508351BF0080F66D00AEB070BF4
:106FE00056465E4563D1A4EB0A0AA9EB070906EBF6
:106FF0000A026FE1742E9FD07A2E9DD0D4E71BF049
:10700000800F18BF4BF4007B4BF0800B94E71BF410
:10701000807F18BF4BF4007B4BF4807B8CE74BF4F4
:10702000207B89E71F4687E7A6F16301122900F25A
:10703000F080DFE811F013004F00EE00EE00EE00EC
:10704000EE004F00EE00EE00EE00EE00EE00FE005F
:10705000E900EE00EE001B00EE00AF0055F8043B27
:1070600001270DF1180A8DF81830B4E755F804AB74
:10707000834BBAF1000F08BF9A461BF0400F5046F1
:1070800014BF39464FF0FF3104F0DBFB0746A2E79F
:1070900041462020029B984700280FDB013EB74263
:1070A000F6D34C44B146A41B98E74E46F7E7414659
:1070B00016F8010B029B9847002892DA98F80230E4
:1070C00043F0040388F802304FF0FF3420460DB03F
:1070D000BDE8F08F1BF0800F34D01BF4007F2CD064
:1070E000073525F00705AA4669685AF8080B2BF002
:1070F00010050029ADB237DA404245F4806561EBF6
:1071000041010DF1180B0A235A4604F0A6FBA0EB2F
:107110000B0301936B0662D5019B25F001019F4291
:1071200089B240F3A180002E00F0998015F0100282
:1071300040F09C80BB460D4623E0AA465AF8040B5B
:10714000C117D4E7AA461BF4807F5AF8041B01D16B
:107150000846F5E71BF4007F19BF48B241F3C011A0
:1071600008B241F3C031C2E750EA0103C9D11BF0B4
:10717000400FC6D0002FC4D12BF01102BB4601979F
:1071800095B240F2064115EA01021CBF0BF1010B5A
:1071900000222CE02BF010020A231FFA82FB1BF0C6
:1071A000800C49D01BF4007115BF0735AA4625F0A5
:1071B00007055AF8040B1EBFAA4669685AF8080B5F
:1071C00050EA010545D12BF016051BF0400FADB27A
:1071D00042D0002F40D12BF01702019795B215F045
:1071E000100248D0019B002E42D103F1010B290768
:1071F0005AD4EB0706D5D9456FDDA9EB0B030199EE
:10720000CB465F185B4649E04BF0100B1023782605
:10721000C5E7782B04D1C6F1780343F01003BEE72D
:1072200041462520029B98470028FFF647AF0234CD
:1072300047E608230026B2E7AA461BF480715AF8F5
:10724000040BBDD01BF400711ABFC0B2614680B2FE
:10725000B6E72BF0060295B20DF1180B54E725F0B6
:107260001105BB46ADB28CE70D46B8E73B460D466F
:1072700003F1020BBBE7DDF804B082E759D501004A
:1072800052D50100CDE9043241462020029B9847A7
:107290000028FFF613AF049B059A01339945F1DCF2
:1072A000A4EB0B019B46CC180AB341463020029B4D
:1072B00098470028FFF602AF8EB901342744391BE6
:1072C000019B994224DC1D4655BB019AA9EB0B0991
:1072D000554622441446914433E0019F92E702341C
:1072E00041463046029B98470028E7DAE6E640F23E
:1072F00006410D42E2D015F0020F04F101044146AF
:1073000014BF2B20202015F4806F18BF2D20E9E733
:1073100041463020029B013498470028CFDACDE661
:1073200006AB013D4146585D029B98470028CBDAE9
:10733000C4E641462020029B013498470028FFF60E
:10734000BDAEA9EB0403002BF3DCC1E538B5074D56
:10735000074C641BA41024B9064B0BB1AFF300809B
:1073600038BD013C55F824309847F4E70000000090
:107370000000000000000000704700EBC1004088E2
:1073800040087047F8B50346FFF7F7FFB0FA80F002
:10739000C0F11F0003EB800CDCF81060CA00171D61
:1073A0000C4606328DB256B9012101FA00F0D968B7
:1073B0000143D960CCF81040DD539D52F8BDF10077
:1073C0000431585AD85303EBC0009E52C5805D5219
:1073D000F4E710B500EBC104E388994202F104011F
:1073E0000AD1012303FA02F2C36823EA0203C3604D
:1073F000002340F8213010BDA28840F8213000EB76
:10740000C20100EBC300CB808280F4E708B50346DD
:10741000FFF7B3FFB0FA80F21846BDE80840C2F1AA
:107420001F02FFF7D6BF2DE9F843B1FA81F5C5F188
:107430001F0900EB8908D8F8102003460E46C2B198
:107440000327D8F8104018462146FFF796FFB042B0
:1074500006D34A461846FFF7BCFF2046BDE8F8832E
:1074600003EBC404E088013FC8F8100001D0824259
:10747000E7D14FF0FF34C5F120029440DA681440A0
:10748000EBD094FAA4F2B2FA82F2111D53F8214023
:107490002146DFE738B50346FFF76FFF0D46044688
:1074A00011461846FFF769FF0444600003EBC50569
:1074B00068801846FFF761FF014423F8314038BD6A
:1074C00038B50C460346FFF758FFA51A511A054474
:1074D00003EBC4044800608003EBC2006C004480EE
:1074E00023F8321018461146FFF747FF014423F8EE
:1074F000315038BD38B50546FFF73FFF0C46014413
:1075000005EBC1035B88DA070AD42846FFF77EFF44
:1075100021462846FFF731FF22182846FFF7BAFF19
:1075200035F83410611A05EBC1035B88DB070CD416
:107530002846FFF76BFF35F834102246611A2846BB
:10754000FFF7A8FF35F83430E41A21462846BDE895
:107550003840FFF717BF61B100680439091A21F0FC
:10756000070303445A88C90822F001025A80FFF732
:10757000C1BF704770B5056809B9002070BD01F042
:1075800007030B33CC0804EBD304AB6828469C42BA
:1075900028BF1C462146FFF746FF06460028ECD0D0
:1075A00001462846FFF7E9FEA04207D928463219CE
:1075B000FFF786FF11462846FFF7E4FE05EBC602FB
:1075C00010465388043043F001035380D6E7114638
:1075D000FFF7D0BF043A2DE9F041CC1D114424F04F
:1075E000070421F007010E1BF708B7FA87F24FF0E6
:1075F0000008C2F12405AD000735C2F12002ED08F4
:1076000004604146A760C4F80C80920004F11000A9
:1076100004F0EFF86B0043F0010363807B1B04EB85
:10762000C5025900A4F800805180A21924F83550F1
:10763000A2F80280A35304EBC7035A88294642F0FC
:1076400001025A802046BDE8F041FFF79BBE0020B2
:1076500070470FB407B504A951F8040B0191F4F772
:107660007BFF03B05DF804EB04B070470FB407B5BF
:1076700004A951F8040B0191F4F76EFF03B05DF813
:1076800004EB04B07047038B13F0070305D10368C4
:10769000002B0CBF002003207047022B05D1408B2C
:1076A000B0FA80F0400980007047012B05D10368D3
:1076B000002B0CBF0020052070470020704710B53C
:1076C0000C4600B111B96FF0150010BD081D00F097
:1076D00093F80028F9D1A368032BF6D9F3E72DE935
:1076E000F0410D4607461946281D90461E4600F0FB
:1076F00097F8044638B13346424629463846A446F0
:10770000BDE8F0416047BDE8F08110B4EFF31182AD
:10771000402484F31288BFF36F8F416110BC0121B4
:10772000F4F74CBF38B50C46054658B151B10B685B
:1077300043B14B6833B11C22002104F05AF80020F9
:107740002C6138BD6FF01500FBE770B505460E469D
:10775000FFF7B5FF041E14DBEFF31182402383F320
:107760001288BFF36F8F4FF6FF716B8B2C8B8B42A0
:1077700004F0070407D182F31188BFF36F8F6FF015
:107780000A04204670BD022C0CD101336B8382F3B6
:107790001188BFF36F8F0023224631462846FFF73A
:1077A0009EFFEEE7062C14D8DFE804F00413131351
:1077B000041A0400002333606B683BB9C5E9006616
:1077C000ACB902212846F4F7F9FEDAE71E606E60D4
:1077D000F6E782F31188BFF36F8F6FF00404D0E7F0
:1077E00082F31188BFF36F8F6FF08504C9E782F3CE
:1077F0001188BFF36F8FC4E7034640B1426802F0BF
:107800000302022A06D0032A04D0012A05D06FF011
:10781000150070471A68002AF9D000209860704758
:1078200010B54268034602F00302022A4FF000043A
:10783000816007D0032A02D05C60002001E0186854
:107840005C6010BD18685C600028F6D0FCF79AFFF9
:10785000F3E7704703F0CDBF03F0BEBF01460068F9
:10786000F4F7F6BF08B5F5F723F8BDE80840F5F7DB
:1078700043B800210120F4F7EBBFD0F8A83083F320
:107880000B8870476FF08500704761B662B680F371
:107890001188BFF36F8F704772B6002383F311888E
:1078A000BFF36F8FBFF34F8F30BF62B6BFF36F8FE1
:1078B000704772B6002383F31188BFF36F8FBFF355
:1078C0004F8F20BF80F31188BFF36F8F62B6704770
:1078D00040E800F313F4803FD8B208BF6FF0150002
:1078E000704730B50C684B6885B00A894D890094A3
:1078F000013B24F01F04234402F01F0242EA451218
:1079000023F01F0369468DF808200393F5F7BEFBAB
:1079100005B030BD08B5F5F7A3FD002008BD7047E0
:10792000002303824369C3607047416A8968F5F7A1
:1079300003BEEFF31182402383F31288BFF36F8FEE
:1079400000230B60436833B9C0E9001182F311884A
:10795000BFF36F8F704719604160F7E7034610B5BA
:10796000EFF31181402282F31288BFF36F8F00681A
:1079700028B15C680268A0421A6008BF5A6081F3AF
:107980001188BFF36F8F10BD027A01320272704707
:10799000034618465B68002BFBD17047426810B560
:1079A0002AB10B461C465B68002BFBD1626041602C
:1079B00010BD10B5044620B908460B7A01330B728E
:1079C00010BD034618465B68002BFBD1FFF7E6FFAE
:1079D0002046F5E783680B440360704703680B603B
:1079E00043684B6083688B607047838802681944E2
:1079F0008180D018704730B484880568A3188380CC
:107A0000281930BC03F0E8BE10B5838802685C1CFE
:107A10008480D154D01810BD034600689A88401A5B
:107A200011441860998070470268531E0360838870
:107A30000133838002F8011C704703468288521A82
:107A400082800068084418607047034600689A887E
:107A5000521A01449A801960704710B503680121D9
:107A60001C78FFF7EAFF204610BD10B5036802211D
:107A70001C88FFF7E2FF204610BD02688068101ADC
:107A800070478388C2888168D21A03685B1AD01A4B
:107A9000704710B50C46017822788AB08A420FD020
:107AA0006946F5F75DFE204605A9F5F759FE102257
:107AB0000DF115010DF1010003F0A3FE0AB010BD98
:107AC000012A06D0022A07D072B940886388C01AFA
:107AD000F4E740686368FAE71022611C01300AB0DD
:107AE000BDE8104003F08DBE6FF01500E6E7042AF4
:107AF0000AD0102A0DD0022A4FF0000315D10370CE
:107B00000B88438001207047012303700B6843609A
:107B1000F8E7022300F8013B01F1100351F8042BB0
:107B2000994240F8042BF9D1ECE71846704701233D
:107B300010B50621044600F8013BFAF715FD18B907
:107B4000A37963F03F03A37110BD0B6803608B88BA
:107B500083808B798371037823F00203037070476D
:107B60000078C0F34000704738B50446807AF5F7D6
:107B7000B9FC6169054649B1637ADB0704D4436AFD
:107B800020461B689B68984700236361214628466E
:107B9000BDE8384002F085BB2DE9F04101F10C0849
:107BA0000C46054600F10C01404617461E46FFF7FD
:107BB00015FF4046FFF761FF012310FA87F0688246
:107BC0006B72394640462F82FFF737FFE36828463D
:107BD00073600023628AE360728163823460BDE86F
:107BE000F08138B50C46D1E900320546DA600B6801
:107BF0004A895A820868F5F71DFD204610220021A7
:107C000003F0F7FD2846BDE83840FFF7ADBF438AD3
:107C100023B9C068B0FA80F040097047002070476F
:107C200070470F2807D80D280BD8052808BF032058
:107C300018BF02207047132803D01A2808BF01205C
:107C4000F6E70120704738B5C3681D78B3F8010026
:107C500065B90F21F7F720FB044638B12946F7F73D
:107C600087FA2046BDE83840F7F740BA38BD08B576
:107C7000C3680121B3F80100F7F70EFB18B1BDE8A6
:107C80000840F7F733BA08BD034610B5D3E8EF0F45
:107C900040EA0102C3E8E42F002CF7D110BD012116
:107CA0000C30FFF7D2BE38B5C5680121B5F8010028
:107CB000F7F7F2FA044698B12B783BB9D5F80330C0
:107CC000C0F89930D5F80730C0F89D30201D4FF42A
:107CD0008031FFF7D9FF2046BDE83840F7F706BAF4
:107CE00038BD30B40446084602EBC3039A4201D1C2
:107CF00030BC7047114611F8085BA54206D1018AD5
:107D000053789942F4D330BC536818470A46EDE7DC
:107D1000D0E8EF3F0B40C0E8E23F002AF8D17047BF
:107D200010B5F6F761FF04466FF480711030FFF76D
:107D3000EFFF2046BDE8104000F029BAC368DB78A9
:107D4000012B01D1FFF7ECBF704701232DE9F0476C
:107D5000D0F80C8098F8002003EB8203028A93424B
:107D60003DD9BDE8F08708EB86030F21B3F8010089
:107D7000B3F80370F7F790FA044628B100F1C00990
:107D800047B92046F7F7B2F9013698F800309E421D
:107D9000E9DBE6E76569002DF3D0A2692B6895421F
:107DA0002046636108BFA361F7F742F9FBF7ACFC1B
:107DB000C5F800A0236A7BB9C4E90755D9E8EF3FAD
:107DC000013BC9E8E23F002AF8D100212046013FEB
:107DD000F7F73AF9BFB2D3E71D602562EEE7002658
:107DE000B246D2E7C368DB78012B01D1FFF798BF19
:107DF000704710B5F6F7F8FE6FF480711030FFF79A
:107E000087FF0020F5F786FD044648B13C2300219A
:107E10004372F7F7ADF92046BDE81040F7F766B9B1
:107E200010BD10B503884288934219D8052B17D985
:107E3000B2F5486F14D88388B3F5FA7F10D240F6B4
:107E40007644C088A0F10A0189B2A14208D8013362
:107E50009BB25343B3EB800F34BF0120002010BD11
:107E60000020FCE7837A072B03BF038800200B80E8
:107E70006FF07F007047002070470020704770B59A
:107E800006460D464FF0FF304FF0FF31F5F77CFF0F
:107E9000044668B103210C30FFF7A7FD068085700A
:107EA0002146BDE87040002240F20640F5F7F4BFDD
:107EB0006FF0680070BDC06803781BB13C2B03D124
:107EC000FFF797BFF6F770B8704738B54FF0FF313E
:107ED00005464FF0FF30F5F757FF044668B1022121
:107EE0000C30FFF782FD2B88214603800022BDE87D
:107EF000384042F21600F5F7CFBF6FF0680038BD8A
:107F000070B506460D464FF0FF304FF0FF31F5F7E4
:107F10003BFF044660B103210C30FFF766FD06808D
:107F200085702146BDE8704042F22100F5F770BF30
:107F300070BD73B5C368D9789A781E8842EA012269
:107F4000ADF8002059791A79B4B242EA0122ADF8AD
:107F50000220D9799A79204642EA0122ADF804201C
:107F60001A7A5B7A012142EA0323ADF80630F7F76B
:107F700093F9054628B902212046FFF7C1FF02B058
:107F800070BD6946F7F790FB38B91E212046FFF710
:107F9000B7FF2846F7F7AAF8F1E74FF0FF304FF0A8
:107FA000FF31F5F7F1FE04460028F2D00E210C3027
:107FB000FFF71BFD00230680C0F80A30BDF8003033
:107FC00021464380BDF802308380BDF80430C38071
:107FD000BDF80630038142F22000F5F719FFD8E71B
:107FE000072208B503F00DFCB0FA80F0400908BD87
:107FF00000280CBF08460020704718B111B1084690
:10800000F6F780BB6FF01500704713B5044680B1DA
:1080100006216846FAF7A8FA48B99DF8053069467E
:1080200003F03F0320468DF80530FFF7E6FF02B06E
:1080300010BD6FF01500FAE7003818BF0120704737
:10804000034610F4004F0CBF07200620DA0348BF98
:1080500000F005009B0348BF00F0FB007047D0E82C
:10806000AF0F70472DE9F74F8A4601904FF0FF316F
:108070004FF0FF30F5F788FE0446002849D0202154
:108080000C30FFF7B2FC4FF0000980464D4620222D
:10809000002103F0AEFBDAF8007008F1010BDAF80A
:1080A0000420914509D300222146019888F8005008
:1080B00003B0BDE8F04FF5F7EFBE7A78A81C811841
:1080C0001F2997F800C008D9BCF1090FC0F11F02A1
:1080D00017D1002A15DD4FF0080CD6B2711C0BF831
:1080E0000510691CC9B20BF801C0023679685BFA49
:1080F00080F02E4403F070FBF5B209F10109083756
:10810000CDE72046F5F796FA6FF0150003B0BDE80D
:10811000F08F6FF06800F9E7012303FA01F13AB13B
:10812000D0E8EF3F0B43C0E8E23F002AF8D17047A8
:10813000C943D0E8EF3F0B40C0E8E23F002AF8D146
:10814000704770B506460D464FF0FF304FF0FF31D7
:1081500086B0F5F719FE0446B0B10C3095B1012197
:10816000FFF752FC204606F1100203A908230095F0
:10817000F5F7F8FD0022214642F20A00F5F78CFEE1
:1081800006B070BD2946EBE76FF06800F8E71830DD
:1081900002F071B9F6F74EBED0F8B400003818BF3F
:1081A0000120704708468969183011604268002133
:1081B0001A6010F80D2C03F01CBB2438F6F708BF2A
:1081C000002203680BB9184670478B4210D10B6828
:1081D00042B942680360914200D14360002301200C
:1081E0000B60704713604368994208BF4260F5E72F
:1081F0001A461B68E6E710B50446006918B1F5F7A2
:1082000019FA0023236110BD70B516460D460121F1
:108210000446F6F719FF012E17D0022E17D1236955
:1082200013B12046FFF7E7FF256121690A8A012A79
:1082300037D9CB681B8804339BB29A4231D328D9F3
:108240002046BDE87040FFF7D6BF206918B9204628
:10825000FFF7D1FF01E02E8A26B92846BDE870401D
:10826000F5F7E8B90C30FFF70CFC864207D900227D
:108270002046216900F0BAF900232361EDE7206967
:108280002A8AE9680C30FFF7B6FB2846F5F7D2F9E1
:10829000CBE7002323612046BDE87040012200F0B7
:1082A000A5B970BD10B500F1C802D2E8AF3F5BB10F
:1082B000591CD2E8EF4F9C4204D1C2E8EC1FBCF13C
:1082C000000FF6D1F1D110BD1846FCE710B5837A46
:1082D0000446023B062B16D8DFE803F00904151507
:1082E000150B0900417200212046F6F741FF0020DE
:1082F00010BD0088FFF7C3FD0028F9D1A37A072B32
:10830000F5D10821F0E76FF07F00F1E738B5037A87
:1083100004468B42154615D100F17001072228460C
:1083200003F06FFA80B1E378072243B904F17E01CC
:10833000284603F066FAB0FA80F0400938BD04F12F
:108340007701F5E70020F9E70120F7E708B5F7F72F
:1083500011FA10B1F6F7CAFE012008BD8378012B8F
:108360000CBF703000207047F8B507460D464FF03F
:10837000FF304FF0FF31F5F707FD0646D0B10E2173
:108380000C30FFF732FB04460E22002103F031FAD5
:108390003B88314623802B88002263806B8842F221
:1083A0001300A380AB88E380EB882381BDE8F8400D
:1083B000F5F772BD6FF06800F8BD704710B5044660
:1083C000FBF75AFE234653F8482BD2F8B41061B994
:1083D000A164D2F8B81061B9C2E92D33FBF760FE91
:1083E0002068BDE81040F6F799BE8B42F6D00968C8
:1083F000EDE70B60C2F8B830F0E703682BB14168D5
:108400001A688B42026008BF4260704770472DE9CE
:10841000F843446B002C55D054F8085905B1083D79
:10842000002701E02C461D46D4E900682EB3FBF777
:1084300023FE0022D6F8B43004F1480163B199421A
:1084400032D1A36C42BBD6F8B820C6F8B430914202
:1084500001D1C6F8B830A764FBF722FE04F1300959
:10846000002200234846FBF71DF90646F8B9D8F864
:1084700004300BB1204698472760E3680BB12046D3
:108480009847D8F820300BB120469847D5B1AB6853
:10849000002BC7D0083BC5E71360D6F8B830994227
:1084A00008BFC6F8B820D6E71A461B68C6E7B36906
:1084B00023B16FF06D02F169206898473046F5F7F7
:1084C000B9F8CDE7BDE8F883F8B50E4600210746B8
:1084D000154600234FF224420846F7F75BFA04469C
:1084E00030B104210C30FFF780FA077046704580E8
:1084F0002046F8BD70B505460068B8B1807A0728F7
:1085000014D1002A14BF022001200E7A864210DC0A
:10851000C87A07280DD98A61CB6105F1300001F0D6
:10852000B5FE2846FFF74AFF002070BD6FF07F00C0
:10853000FBE76FF01500F8E7406B28B1838B083834
:108540008B4201D08068F8E7704710B54AB989B20C
:10855000FFF7F2FF28B143689B6913B1BDE81040F3
:10856000184710BD38B50D460521FFF7E5FF00237C
:1085700029461A46FFF7BEFF044610B12846F5F714
:1085800059F8204638BD38B50B8A0546032B0C46F2
:1085900021D9042104F10C00FFF757FA238A4288FD
:1085A0009A4218D14178B1B10378012B13D0132B23
:1085B00011D0022201202D68FFF786FF044650B13A
:1085C00002210C30FFF711FA00232146037043709B
:1085D0002846FFF7C7FF002038BD406B28B18389CC
:1085E00008388B4201D08068F8E7704738B50B8AAD
:1085F0000546032B0C4604D82046BDE83840F5F765
:1086000019B8042104F10C00FFF71FFA418828462D
:10861000FFF7E3FF0028EFD0436821465B699847E6
:10862000EAE770470346006828B159680268884243
:108630001A6008BF5A6070470346002003B97047AC
:108640001A8A5B681044F9E710B5D46802312378C0
:1086500013B92170012010BD8B42FBD0038A023B6D
:10866000038200201061F6E773B514460146054603
:108670004FF49572206800F0EBFE207530B9294662
:10868000206801F009F820B908232375002002B002
:1086900070BD237AB3B1A3F11802534253419B003A
:1086A0000193638A29460093AE68238AE2682068B2
:1086B000B047002808DB238A83420CD10023012025
:1086C0002375E4E70223EBE710F1FF0F03D34042E9
:1086D000C0B22075DAE70E20FBE71FB5CDE9012314
:1086E00000231A460093F8F755FB05B05DF804FB2C
:1086F0002DE9F04F42F60103002591B0166880463F
:108700000F4600680BA9D6F8049014468DF82C503B
:10871000ADF82E30FFF7BDF9002800F089804FF446
:108720002053D8F800000BA98DF82C50ADF82E304E
:10873000FFF7AFF938B1A3681BB15A88BA4200D22B
:108740005F8001200EE061680846FFF775FF728BBD
:10875000738D9A4294BFC0EB0200C0EB0300032864
:1087600003D8002011B0BDE8F08F0846FFF710F9DC
:1087700005466068FFF760FF728D738B05F10C0B87
:108780009A4294BFC0EB020AC0EB030A5846FFF7B7
:1087900078F9824544D26068FFF74EFF728D738B83
:1087A0009A4294BFC0EB0200C0EB030070B963684B
:1087B000987AF4F797FE00220023FFF7B6F80546F3
:1087C0000028CED001466068FFF7F3F8002300933D
:1087D000D8F8046010234146484602AAB047061E56
:1087E00026DB227CE068B2421ED001460BA8FFF7D0
:1087F0007EF9E8B1F2B202A906A8FFF778F9B8B19C
:1088000006A90BA8FFF745F990B90023042163746A
:1088100005F10C00FFF7E9F8A0600780A3688FE777
:108820005846FFF72EF9C1E702A902F0EAFFEBE78D
:108830000023A36085E7F8B5936805460F46144604
:10884000166863B9506801210C30FFF7CEF8A060BC
:108850002B681B78002B14BF022301230370A3682D
:108860001B78012B03D0022B1FD000201CE02B68AB
:108870001B78002BF9D1606804210C30FFF7B5F8A4
:10888000E06007802A68E36852885A806168728DC8
:10889000738B088A9A4294BFC0EB0200C0EB0300BE
:1088A000042894BF00200120F8BD2B681B78022B00
:1088B000DBD1606812210C30FFF797F8E060078089
:1088C0002B68E268591C0232113351F8040B9942AB
:1088D00042F8040BF9D16168728D738B088A9A4251
:1088E00094BFC0EB0200C0EB03001228D9E770B4BC
:1088F00005686A6A52B3136803B1A83BA2F1A804E1
:108900000022114600E0A83B844207D0668D648BAC
:10891000B14238BF3146A24238BF22461C462BB175
:10892000D3F8A830002BEED18442EFD1438D408B99
:108930008B4201D890420BD9824238BF02469942FD
:10894000286838BF194670BCF8F708BD1146EDE736
:1089500070BC7047D0680431037813B901700120EE
:1089600070478B42FBD0002091680B8A043B0B823E
:10897000106170472DE9F04F044685B010469046CF
:108980009946FFF759FE638B628D8B46934228BF51
:108990001346834240F29380636840460393FEF798
:1089A000F7FF4FF0000A06464046FFF745FE628B90
:1089B000638D06F10C079A4294BFC0EB0205C0EB31
:1089C00003053846FFF75DF8854217D24046FFF7AA
:1089D00033FE628B638D9A4294BFC0EB0205C0EBFD
:1089E00003058DBB98F80A00F4F77CFD00220023F4
:1089F000FEF79BFF064630B9574636E03846FFF78C
:108A000040F80546EDE701464046FEF7D2FF4046F6
:108A1000FFF712FE628D638B06F10C079A4294BF3A
:108A2000C0EB0205C0EB03053846FFF72AF8854284
:108A30001FD24046FFF700FE628D638B9A4294BFBF
:108A4000C0EB0205C0EB0305F168328ACDF8009057
:108A5000DBF804700A4403985946ABB2B847071EC6
:108A60000CDABAF1000F18BF5746384605B0BDE81A
:108A7000F08F3846FFF705F80546E5E70E9BB3B9DA
:108A8000394606F10C00FEF7B0FF4046FFF7D4FD73
:108A9000638D628BB944934228BF13468342BA4424
:108AA0001FFA89F9A8D9AF423FF47EAFA4E739464F
:108AB00030460F9A0E9B98470028E1D19CE700278B
:108AC000D3E70022036803B970478B420FD10B68CC
:108AD0003AB942680360914200D1436000230B60C1
:108AE000704713604368994208BF4260F6E71A4630
:108AF0001B68E8E7D0E8EF3F43F00802C0E8E12F49
:108B00000029F7D1C3F3C000704700232DE9F341DA
:108B100017681446D7F80480014613730646952259
:108B2000404600F095FC0546207330B9314640467A
:108B300000F0B0FD28B908232373002002B0BDE87F
:108B4000F081CDE9005531463846A388A268FFF789
:108B500011FF002807DA10F1FF0F32BF0E2040424C
:108B6000C0B22073E9E70120E8E700232DE9F341D3
:108B700017681446D7F804800146137306469522F9
:108B8000404600F065FC0546207330B9314640464A
:108B900000F080FD28B908232373002002B0BDE84F
:108BA000F081A068798B7A8D038A914294BFC3EBE0
:108BB0000103C3EB0203012BEFDD02210C30FEF7B2
:108BC00014FFCDE900558046A38831463846A26897
:108BD000FFF7D0FE031E06DA13F1FF0F2ABF5B4238
:108BE0000E23DBB2D8E70120A8F80030D6E708B59D
:108BF000837A072B01D0002008BD0421FFF7EDFC8C
:108C00000028F8D000F15003D3E8AF3FDB07F2D5DE
:108C100050F8040CF0E72DE9F04104468868FFF7AE
:108C20000BFD638B628D0D46934228BF1346834232
:108C30001DD30027A165D1F808808F60FBF71CFACF
:108C400041462046F7F7F2F9064638B1C5F80880E4
:108C5000A765FBF725FA3046BDE8F081618D638B8F
:108C60002846994228BF194600F013FDF1E76FF03E
:108C70007906F0E738B50546D1E8AF3FDB0716D5F2
:108C800050F8040C98B16B6D8BB90430FFF7CAFC37
:108C9000044660B10146281FFFF7BDFF38B155F803
:108CA000043C5A6822609A685C6002B99C6038BDD6
:108CB0002DE9F041446A074634B354F8A86906B177
:108CC000A83E002307F104081D4601E0344616467D
:108CD000A26D92B905B983B94046FFF7A3FC0546DA
:108CE00050B101462046FFF796FF68B17B682B60C4
:108CF000BB687D6003B9BD6023462EB1D6F8A820BD
:108D0000002AE3D0A83AE1E7BDE8F08170B5044657
:108D10000E46002200230846FAF7C4FC054658B167
:108D200001462046F7F782F9044618B12946304635
:108D300001F0B7FA204670BD6FF00104FAE7F8B50C
:108D4000054650F8044C071F00F15003D3E8EF1F0D
:108D500021F00401C3E8E21F002AF7D1FCB16B6DDA
:108D600083B9636873B1201DFFF75CFC06460146BA
:108D70003846FFF750FF90B163683360A3686660C0
:108D800003B9A660384605F15801FFF7BFFF30B1BF
:108D9000384604F10C01BDE8F840FFF7B7BFF8BD55
:108DA00038B504460D46F7F741F930B1294604F1CC
:108DB0005C00BDE8384001F069BA38BD2DE9F041EA
:108DC000884617460121042205461E46F6F71AFF7B
:108DD000044670B104210C30FEF707FE80F80080D5
:108DE000A0F80170C67021462846BDE8F041FFF7A3
:108DF000D7BFBDE8F08107B5CA680C211388528837
:108E000000920D22F7F754FB03B05DF804FB07B5A1
:108E10000022CB680A211B8800920B22F7F748FB3F
:108E200003B05DF804FB2DE9F041CB6805461F88CF
:108E3000BBB2162B1BD90321F6F734FF0646C0B18F
:108E400002210C30FEF7D1FD00244FF01708314607
:108E500080F8008044702846FFF7A2FF2846A5F856
:108E60001A806F85FFF743FD2046BDE8F08104209E
:108E7000FBE70E20F9E737B50C46054601F10C007B
:108E8000FEF7F3FD228A03460192E2681221009266
:108E900028461322F7F774FC03B030BD37B50C46F3
:108EA000054601F10C00FEF7E0FD228A034601921F
:108EB000E2682846009200221146F7F761FC03B0F1
:108EC00030BD70B50E461546FFF791FE78B1436A86
:108ED0006BB1184650F8A83903B1A83B691C428D04
:108EE000448BA24228BF2246914202D93BB90020BE
:108EF00070BD2A463146BDE87040F6F783BED3F810
:108F0000A84004B1A83C18462346E8E7F7F7D6BEC8
:108F10000A8A0023C968F7F7D1BC30B50546044674
:108F200055F8043B89B01868FFF718FA6946F6F758
:108F300023FF2846F7F7FCFC13216068FFF7C6F90A
:108F400009B030BD10B5044654F8783D88B01868B3
:108F5000FFF704FA6946F6F70FFF2046FFF7DDFF3B
:108F600008B010BD70B50E46FFF741FE044628B9A3
:108F70003046F4F75FFB6FF07F0070BD00F10C0529
:108F80002846314601F082F9606A38B150F8A849A4
:108F900004B1A83C2946FFF7B9FE20B90020ECE750
:108FA0001C466FF00100002CF8D0D4F8A83023B98B
:108FB0000230F5D020461C46ECE7A83BF8E738B570
:108FC00005460C46FBF758F82846FFF710FE20B977
:108FD000FBF766F86FF07F0038BD002323608368DD
:108FE0003BB9C0E90144FFF763FEFBF759F80020E5
:108FF000F2E71C608460F6E70120704708B5FFF7D0
:10900000F6FD78B1436A6BB1A83B03F15402D2E894
:10901000EF0F20F00800C2E8E10F0029F7D1D3F8E4
:10902000A830F0E708BD08B50421FFF7D6FA20B153
:109030005030D0E8AF0FC0F3C00008BD1060002072
:10904000704710B5029CA36833B1B1F5807F28BF8B
:109050000E21CAB221469847A37DE268013BDBB2EC
:10906000A37522B11BB92046BDE81040104710BDC2
:109070001060918000207047072208B502F0C1FB04
:10908000B0FA80F0400908BD034610B5D3E8EF0FF1
:1090900040EA0102C3E8E42F002CF7D110BD0B68B1
:1090A00003608B8883808B798371704770B50D4620
:1090B000064611F8010BF6F75DFB044610B12C894A
:1090C000F6F714F86B89A34207D0EB686C8123B1E3
:1090D00021463046BDE87040184770BD38B5BDF830
:1090E00010401546A2420CD84CB16BB1A21A8A426C
:1090F000A8BF0A4694B22246591902F06DFB2046D9
:1091000038BD6FF00600FBE76FF00D00F8E730B5F3
:1091100085B0C96814461D46F7F7A6FC00B1008962
:109120000223ADF80E00009329462046BDF820200A
:109130000DF10E03FFF7D2FF05B030BD1FB50C4691
:109140001946E36810461C78BDF818203CB110247D
:109150000133069404B0BDE81040FFF7BFBF5B8841
:10916000ADF80E30022300930DF10E03FFF7B6FFAA
:1091700004B010BD30B51D46002385B014468DF8EF
:109180000C30F7F747FC10B1037A8DF80C3001234F
:10919000294600932046BDF8202003ABFFF79EFF31
:1091A00005B030BD2DE9F04114461D46BDF81870DC
:1091B000F4F722FE0646F2F758FE80B206903346D8
:1091C0003A4629462046BDE8F041FFF787BF30B553
:1091D00085B014461D46FEF74EFE0223ADF80E0084
:1091E000009329462046BDF820200DF10E03FFF71D
:1091F00075FF05B030BD70B500F17006054631460B
:10920000007AFEF73AFE04463146287A3CB1F7F779
:1092100019FC18B1002303604360836070BDF7F749
:1092200011FC0028FAD0046044608460F6E7022A4A
:1092300010B508D1002300F170011A46007AF7F743
:10924000A3FC022010BDFFF7D6FFFAE7F0B50768D0
:1092500006463D78144689B035BB7B88B3F5245F5C
:1092600004D01BD8A3F52053032B1DD8ADF80A104A
:10927000022220460DF10A0101F0BCFC48B97B88AE
:10928000022220460DF10A01ADF80A3001F0B2FCCD
:1092900070B16FF01502C4F8602106E003F5564383
:1092A000FF339BB2042B12D90125284609B0F0BD2B
:1092B000009003AA132331467768B847021EEADB01
:1092C00003A9204601F096FC0028EDD0E1E7ADF8B7
:1092D0000A10022220460DF10A0101F08BFC002841
:1092E000D7D17B880222ADF80A300DF10A01E8E7F8
:1092F00001210C30FFF7C8BE2DE9F0411F46BDF833
:1093000018300646012B90462CD83B44012B3D4695
:109310002BDCF7F77FFB044618B9F7F77BFB044615
:1093200030B397B10023217A98F8002021FA03F096
:10933000C70703D522FA03F0C0071CD50133032B5E
:10934000F4D102F0070211432172601C06F1700192
:10935000FFF7A5FE337A20462370FFF7C9FF2846A2
:10936000BDE8F0816FF00605F9E76FF00C05F6E750
:109370006FF01005F3E76FF01205F0E738B504461B
:109380001546FFF739FE40B12046F7F743FB20B101
:10939000037ADB0701D5FFF7ABFF35B9207A04F17B
:1093A0007001F7F74FFB00B1856038BD13B5044677
:1093B00010B9002002B010BD00238DF8043042F631
:1093C0000303006801A9ADF80630FEF762FB002830
:1093D000EFD1E36898880028ECD12046F7F7AAFC83
:1093E000013080B2E6E770B5CC681E46A37988B03C
:1093F00008468DF80C301546FFF7D8FFADF80D0084
:10940000246823786BB96388ADF80F300523009387
:1094100031462846BDF8302003ABFFF75FFE08B0A9
:1094200070BD631C0DF10F02113453F8041BA342ED
:1094300042F8041BF9D11323E9E71FB5CDE9012355
:1094400000231A460093F7F7A5FC05B05DF804FB6E
:109450004B8A12F0010FC3F30E0304D013F0950FE3
:1094600010D0486870B112F0020F04D013F4957F49
:109470000AD0896841B1134013F4DE7F14BF052080
:109480000020704702207047032070472DE9F0410B
:10949000837A0546072B0C46174686B040F0848039
:1094A00000238DF8143042F60303206805A9ADF8B7
:1094B0001630FEF7EEFA90B96668002E74D00123DC
:1094C0002146009004AAB04701286DD19DF81030C4
:1094D00013F0300F68D02046F7F74AFD044600230A
:1094E00020688DF8143042F6021305A9ADF8163045
:1094F000FEF7CFFA18B12046F7F73AFD04460026EA
:1095000042F60218206802A98DF80860ADF80A80BA
:10951000FEF7BFFAF0B9002320688DF8143042F648
:10952000021305A9ADF81630FEF7B3FA00283BD1B7
:109530006668002E38D0009002232146284605AAEE
:10954000B047022830D1BDF814301F4214BF0120AB
:1095500000202AE042F60303206803A98DF80C607E
:10956000ADF80E30FEF795FA0028D4D04FF4205312
:10957000206804A98DF81060ADF81230FEF789FA62
:109580000028C8D042F60103206805A98DF81460B0
:10959000ADF81630FEF77DFA0028BCD02046F7F76C
:1095A000E7FC04460028ADD1002006B0BDE8F081FC
:1095B000F8B50F46516806464B8A144603F09403EB
:1095C00013BB0122FFF762FF08B3A2891B213046BB
:1095D0000232FFF776FC0546E0B1A1890C3002317A
:1095E000FEF703FA20F8027BA289A16802F0F4F8E2
:1095F000D4E9041228460123F7F7FAF92946304640
:10960000BDE8F840FFF7AEBC4FF0FF30F8BD6FF09B
:109610001500FBE76FF00B00F8E72DE9F041054678
:109620008846F7F7F7F90446E0B1037ADA0719D567
:1096300000F10C06D6E8AF7F17F0010712D1B8F1A0
:10964000000F10D0D6E8EF3F23F00202C6E8E12F6A
:109650000029F7D19B07284608D5FFF7CFFC204605
:10966000FFF746FE01273846BDE8F081FFF7C4FC4E
:109670000028F8D02846FFF7D6FC0028F3D0D6E81B
:10968000EF3F23F00203C6E8E23F002AF7D1284665
:10969000E3E7704701207047012070470021F8B5CB
:1096A0004FF0FF324FF0FF3305460846F6F772F9E8
:1096B00000F10C07044601213846FEF796F905260D
:1096C000012106703846FEF790F9002306701A460D
:1096D00021462846FEF70EFF10B12046F3F7AAFFF9
:1096E0000020F8BD6FF085007047002070470C2205
:1096F0000369C9B201FB0233186C00F00700704720
:1097000070B5C9B20369EFF31185402484F3128860
:10971000BFF36F8F0C2606FB0134246C14F0C004D9
:1097200008D0A24206D085F31188BFF36F8F4FF0A7
:10973000FF3070BD012206FB01331A6485F31188E6
:10974000BFF36F8F436803EBC1035B68984700204A
:10975000EFE78022FFF7D4BFF8B5069F0469C9B2CE
:10976000EFF31186402585F31288BFF36F8F0C2528
:1097700005FB0144256C05F0070CBCF1010F0CD171
:10978000276486F31188BFF36F8FC4E90E23436803
:1097900053F8313098470020F8BD05F0C005AF42BE
:1097A00086F31188BFF36F8F0CBF6FF077004FF017
:1097B000FF30F1E713B580240094FFF7CDFF02B02E
:1097C00010BD10B41C240069CBB203FB04000021BF
:1097D00010BC10471046F9F797BF00F033B9F8F7FF
:1097E00065BF40F272607047084608B51146FBF746
:1097F00001FE002818BF6FF0040008BD08B5FBF794
:1098000053FE002818BF6FF0040008BD4368002015
:109810005B68DB680B607047436802EA01005B68C5
:1098200021EA0201586000209960704743680020D7
:109830005B6859607047436800205B6899607047B7
:1098400043685A68136821EA03000B405060002007
:109850009360704710B503695868F8B1884219D110
:109860009C680868A142586000D198600020086098
:109870002AB15A680A609A68596002B99960002052
:1098800010E0814206D10868206098688142EDD1DD
:109890009C60EBE7044600680028F2D1002AE8D17A
:1098A0006FF0150010BDF9F731B908B50220F7F7D0
:1098B000BFFE002008BD10B54FF0FF304FF0FF3164
:1098C000F8F7BAF9044628B9E6F75AFF044618B182
:1098D000F8F7BAF9204610BDF8F7B6F92046F3F7C5
:1098E000B1FFF7E738B50B8A0D463BB101F10C002B
:1098F000FEF7B3F8012818D0022803D06FF0150442
:10990000204638BD4FF0FF304FF0FF31F8F794F9A3
:1099100004460028F4D1E868EFF762FB0446F8F744
:1099200093F9ACB1F8F76CFAEAE74FF0FF304FF07B
:10993000FF31F8F781F904460028E1D1E868F8F72B
:10994000F7FA0446F8F780F9002CD9D1F8F758FA5D
:109950002846F3F76FFE0024D2E7F8F77BBA10B57C
:1099600031220021044601F044FF2023237080238C
:10997000A3706FF03F0363710423A3722823A373C2
:109980000223E3730423A3756FF0080363760323B4
:10999000A3766FF00F03E3760E232377302384F84A
:1099A0002030702384F82330802384F8263040232D
:1099B00084F82D3010BD08B5F8F7ECFD002008BD87
:1099C00008B5FBF771FD48B1002383F31188BFF39D
:1099D0006F8F0423184602DF6FF0040008BD08B53E
:1099E0004FF0FF314FF0FF30F8F726F9F2F776F934
:1099F000BDE80840F8F728B9684620F007018D4611
:109A000001B5EEF767FEBDE8014085467047684640
:109A100020F007018D4601B5EEF73AFBBDE80140A5
:109A200085467047684620F007018D4601B5EEF780
:109A300021FBBDE801408546704708B5F1F7DBFE24
:109A4000002008BD7047012802D10020EDF770BB4F
:109A500070477047EDF7B2B9034600201847024639
:109A600010B5116891B1B1FA81F3C3F11F00012360
:109A7000834021EA0303D2E8EF4F8C4204D1C2E8CD
:109A8000EC3FBCF1000FF6D1EBD110BD6FF00B0035
:109A9000FBE710B50368CB40DB0710D401238B40F4
:109AA000026843EA0201D0E8EF4F944204D1C0E8D3
:109AB000EC1FBCF1000FF6D1F2D1002010BD6FF009
:109AC0001500FBE7F7B51646DDE90847019001A848
:109AD0001D46F8F7CBFE019BB6F1000C18BF4FF006
:109AE000010C00EB83000B1E18BF0123002D43EA7D
:109AF0004C0314BF4FF00C0C4FF0000C002C43EA49
:109B00000C0314BF4FF4706C4FF0000C002F43EAAD
:109B10000C0314BF4FF4403C4FF0000CD0F88020F1
:109B200043EA0C0322EA030301B109780EB1367847
:109B3000760019430DB12D78AD0031430CB1247876
:109B4000240229430FB13F783F040C433C43C0F843
:109B5000804003B0F0BD1FB50DF10F03019300234A
:109B60008DF80F101A4619460093FFF7ABFF05B0AA
:109B70005DF804FB10B504460846F8F787FE04EBD1
:109B80004004A08AC0F3401010BD10B5044608463A
:109B9000F8F77CFE04EB4004A08AC0F3400010BD3F
:109BA00010B504460846F8F771FE04EB4004A08A9D
:109BB000400B10BD70B5044608461646F8F766FE21
:109BC000083034F810300D46DA0509D5C3F34323C5
:109BD00004EBC3023146284654F8333052689847A4
:109BE000A3682BB131462846E268BDE870401847AB
:109BF00070BD10B504460846F8F748FE00B204EB05
:109C00004000838ADA051DD5C3F3432123F4F853BA
:109C1000838204F1120204F1580032F8023F13F477
:109C2000807F03D0C3F3432399420BD08242F4D107
:109C3000002204EBC1035A6004F16000BDE810404B
:109C4000FFF727BF10BDF0B50446002001270546E9
:109C5000844695420AD1D4F8443133B10023C4F884
:109C60004431D4F8443140F40030F0BDEBB29B00F5
:109C700003F580769B0807FA03F3194208D054F8DD
:109C800006E0BEF1000F03D044F806C0A659184301
:109C90000135DEE738B504460D46FFF76BFFB0B17E
:109CA0002046FFF772FF90B92046FFF779FF0123A6
:109CB00022688340C2F81833236800B203EB8003A4
:109CC000D3F8102522F00302C3F8102538BD28462A
:109CD000BDE838400021FFF73EBF2DE9F0431746AD
:109CE000044685B00846F8F7D1FDD7F800800E4647
:109CF0000546B8F1000F1FD02046FFF746FF18B108
:109D00002046FFF737FF30BB00230DF10F02CDE9EE
:109D100000338DF80E308DF80F30304643460DF18C
:109D20000E01FFF7CFFE2AB204EB4202938A23F022
:109D3000020343F0010393827B68002B34D0314649
:109D4000204693F80080D3F80490FFF71EFF28B157
:109D5000B9F1000F1FD06FF0150028E028B204EB16
:109D60004000838A23F4604323F020038382B9F107
:109D7000000F10D0B8F1030FEDD87B6821685B6845
:109D800093F800C001EB8C01B8F1000F12D1C1F8BB
:109D90001085C1F810852AB204EB4202938A23F0A1
:109DA0001C0343EA88039382BB6853BB002005B0C1
:109DB000BDE8F083D1F8102522F00302C1F8102588
:109DC000226802EB8C03D3F8102522F4473222F4E8
:109DD0007C72C3F8102541F6F072D3F8101502EA30
:109DE000061242EA08420A43C3F8102504EB4C036A
:109DF000A3F86460838A43EA4C3343F020038382F0
:109E0000C9E73146D3E900782046FFF7F2FE002F7C
:109E1000CCD063689F4206D004F16000FFF71FFEBC
:109E2000002804DAC3E7A3689845F5D1002004EBC5
:109E3000C003C3E901782DB204EB4505AB8AC0B27B
:109E400043EA402343F48073AB82AFE7C0E90312D7
:109E5000704770B504461546FFF78CFE48B10846BA
:109E6000F8F714FD04EB40040020A38A5B0B2B7071
:109E700070BD6FF01500FBE790F87400003818BF54
:109E800001207047F8F738BD2DE9F3410446174625
:109E9000FFF770FE0D46266800B32046FFF775FEFB
:109EA0008046D8B92046FFF77BFE05B2AD0005F528
:109EB000807246F802802168B2582944D1F81025F2
:109EC00042F00102C1F810252FB10122216802FAE7
:109ED00000F3C1F8143302B0BDE8F081D6F81433B2
:109EE00028469B035CBF4FF40033C6F81433F8F7E1
:109EF000CDFC04EB4004A38AC3F38203042B11D0EE
:109F0000052B11D001A80195F8F7B0FC019BC168A1
:109F1000D94001F001010231284602B0BDE8F0410C
:109F2000FFF719BE0321F7E70221F5E7FFF7B2BEFD
:109F3000C9B2F9F7C9B80369C26893429CBF816886
:109F40005B18013B981A70472DE9F0410546D0E9AE
:109F500002844068A8EB0406964220440F4614444D
:109F600006D901F039FCBFF35F8FEC60BDE8F081EA
:109F70003246A4EB080401F02FFC22466868B919A8
:109F8000EFE72DE9F8430646894617464FF00008EB
:109F9000C5683369B4689D4228BF1B19641BBC4265
:109FA00028BF3C46013B5B1B9C4228BF1C46706897
:109FB00049462246284401F00FFCB3682544AB42D1
:109FC00008BF0025A044A1443F1BBFF35F8FF5608D
:109FD000002FDED14046BDE8F88308B5F9F7FAF85E
:109FE000002008BD10B5436904463BB90020E26873
:109FF0004042537843F00103537010BD9847002846
:10A00000F4D00028B8BF4042FF28A8BFFF20E36873
:10A010001870ECE740B1C368587810F001001EBF1B
:10A020001878B0FA80F040097047EFF311834023AD
:10A0300083F31288BFF36F8FFEE708B5FFF7F5FFD4
:10A0400010B400F10C04C0E9034410BCFDF7C2BA1F
:10A0500038B50446EFF31185402383F31288BFF32C
:10A060006F8FFDF778FA04F10C0000F0D6FA30B1EA
:10A07000294604F11400BDE83840F9F7D7BF85F34D
:10A080001188BFF36F8F38BD4169826842EA0103CE
:10A0900013F003030FD1C3600369013B03FB0122EB
:10A0A000002B01DA00207047C168013B1160416953
:10A0B000C260521AF4E76FF0150070472DE9F041C5
:10A0C00005460F46EFF31188402383F31288BFF350
:10A0D0006F8FC668FEB90468A0421CD0DCB1D4E919
:10A0E000003213605A60637BC4E9006623F0020308
:10A0F0006373A66004F1180000F02CFB2046C4F83E
:10A10000C060276100F03AFA414605F10800BDE859
:10A11000F041F9F78BBF3E60AB69EF60013BAB618B
:10A1200088F31188BFF36F8FBDE8F081402408B534
:10A13000EFF3118384F31288BFF36F8FFDF7ACFB4D
:10A14000F6E790F90E308B4201D0F9F7FDBE002002
:10A15000704703460020C3E90033C3E9020070479B
:10A16000D0E9003213605A600023427BC0E900331B
:10A1700022F002024273836070472DE9F843914652
:10A1800004460D469DF8202000F10807EFF31186E4
:10A19000402181F31288BFF36F8F02B14568D4F874
:10A1A0000880474518D0B8F1000F15D04046FFF79A
:10A1B000D7FF08F1180000F0CDFA00234046C8F898
:10A1C000C030C8F8109000F0D9F938463146F9F798
:10A1D0002DFF0020BDE8F883A3B10820FAF71CFB8F
:10A1E000002838D00122C0F804900260016801F014
:10A1F00003015DB922680A430260626820606AB99F
:10A2000060600BE04846C9F80030EFE72A68032A8F
:10A2100016D80160616869B9C4E90000042104F13D
:10A22000100000F04CFB0028CFD186F31188BFF35B
:10A230006F8FCFE70A6802F0030202430A60DFE78C
:10A2400022F003020A4302602A6802F0030240EA95
:10A2500002032B60E2E76FF00B00E6E710B504465F
:10A2600030B10268930703D0446809B100F05EFB87
:10A27000204610BD0023C0E9003300F10803C0E907
:10A28000023300F11003C0E904337047012307B51E
:10A29000009300230A461946FFF76FFF03B05DF8ED
:10A2A00004FB002307B50A4600931946FFF765FF34
:10A2B00003B05DF804FB00210068FFF7CFBF5AB17F
:10A2C0008A4209D300F11003C0E90212C0E900007C
:10A2D000C0E90433002070476FF015007047012378
:10A2E00002688B4022EA0303036022FA01F000F0C7
:10A2F00001007047704710B5032104460C30FFF78A
:10A30000EEFF30B104F1100000F024FAB0FA80F052
:10A31000400910BD20B10022D430114600F0BEB972
:10A32000704770B5C3680446C3F340069B0716D454
:10A33000856802210C30FFF7D2FF80B1D5F8CC2020
:10A340006AB194421DD122689EB9D5F8D030C5F8C3
:10A35000CC209C4201D1C5F8D02000232360E368C3
:10A3600013F01F001EBF43F00203E36040F0020041
:10A3700070BD3260D5F8D020944208BFC5F8D060D7
:10A38000EBE716461268DBE773B50446EFF3118579
:10A39000402383F31288BFF36F8F0023A0F11006D0
:10A3A000032104380193FFF79AFF28B1A3693046CF
:10A3B00001A90193F9F7E2FA85F31188BFF36F8FD2
:10A3C00002B070BD38B504460D461022002101F0E0
:10A3D00010FA656038BD13B501900846EFF311849B
:10A3E000402383F31288BFF36F8F01A9F9F7C6FAF0
:10A3F00084F31188BFF36F8F02B010BD10B5FFF763
:10A40000EAFF041E08DDEFF31180402383F3128876
:10A41000BFF36F8FF9F71CFE204610BD70B50D46D7
:10A42000EFF31186402383F31288BFF36F8FF9F7A0
:10A4300001FB044686F31188BFF36F8F38B14FF0EC
:10A44000FF324FF0FF3305F11000F9F797F920467E
:10A4500070BD08B5E822002101F0CBF908BD38B580
:10A4600030220D460021044601F0C3F94FF48073F9
:10A470006560E36038BD38B50446EFF311854023CD
:10A4800083F31288BFF36F8FFFF735FF2046FFF786
:10A4900048FF85F31188BFF36F8F38BDF8B50446C8
:10A4A0000D46EFF31186402383F31288BFF36F8FBD
:10A4B000C36803F01F03002B14BF0127002705D139
:10A4C00086F31188BFF36F8F3846F8BDFFF713FF8F
:10A4D0002046FFF726FF29462046F9F731FA86F392
:10A4E0001188BFF36F8F0028EED04FF0FF324FF08E
:10A4F000FF3305F10800F9F741F9E5E7EFF30580CF
:10A50000003818BF01207047D0E9003213605A604C
:10A510000023C0E90033704708B5FFF7F5FF437B20
:10A5200023F0020343730023836008BD38B504465B
:10A530000D46F9F777FC637B43F002036373E5B1E3
:10A54000A5602B689D4209D16B68C4E900531C606B
:10A550006C6012E06A689A42F6D01B68002BF3D058
:10A5600094F90E2093F90E108A42F3D09142F1DD56
:10A570005A68C4E9003214605C6038BD10B5EFF36E
:10A580001184402383F31288BFF36F8FF9F708FC1F
:10A5900084F31188BFF36F8F10BD08B5EFF31181FD
:10A5A000402282F31288BFF36F8F83680BB1FFF7ED
:10A5B000B3FF81F31188BFF36F8F08BD38B5EFF398
:10A5C0001184402383F31288BFF36F8F002390F828
:10A5D0007050427B80F870302DB121B184F3118826
:10A5E000BFF36F8F38BD12F0280FF7D183680BB11E
:10A5F000FFF792FF437B23F004034373F9F7D0FB8B
:10A60000ECE701211838FFF7D9BF10B5FFF7C5FFF8
:10A61000BDE81040183000F09DB838B50546046814
:10A620000020AC4200D138BD002CFCD02046FFF702
:10A63000ECFF2046FFF7A2FF2C680120A542F1E7BE
:10A6400070B505460E46F9F7ABFDB6F1FF3F08BF02
:10A65000B5F1FF3F0446284612D04FF47A7547F60D
:10A660001120002147F612220023C4FB0501EEF75A
:10A670001DFBB0F1004F71F1000128BF6FF00040E9
:10A6800070BD08B5C3171F3043F10003400940EA0D
:10A69000C360C117F9F784FD400108BD38B5EFF379
:10A6A0001185402383F31288BFF36F8F0468A042A3
:10A6B00013D0A4B1C4F8C01022612046FFF72CFFCC
:10A6C00004F1180000F046F82046F9F769FB012074
:10A6D00085F31188BFF36F8F38BD0020F8E720465F
:10A6E000F6E72DE9F04105460E461746EFF31188CF
:10A6F000402383F31288BFF36F8F0468A0420FD109
:10A70000002088F31188BFF36F8FBDE8F0813946D0
:10A710002046B0470028F4D16B68A342F0D02468EB
:10A72000002CF4D1ECE708B50246F9F7F7FE70B15A
:10A73000D0E904319B1A61EBE272B3F1004F72F180
:10A74000000104DA002AACBF1846002008BD6FF0F3
:10A750000040FBE7024638B5EFF31185402383F351
:10A760001288BFF36F8F0368CBB1F9F7D7FE0446A9
:10A770001046F9F7E5FE00224FF000438442C0E99D
:10A78000042306D1F9F7D2FEFFF7CDFF0021F7F73A
:10A7900003FA002085F31188BFF36F8F38BD6FF087
:10A7A0001500F7E708B5F9F7D5FF08BDB3F1FF3F8E
:10A7B00008BFB2F1FF3F70B506461D46144614D0DF
:10A7C0001A4316D0002B08DBF9F7C4FF041941EB3C
:10A7D0000501C6E90041304670BD6FF001031C1B46
:10A7E0004FF0FF3363EB0501F3E74FF0FF342146F1
:10A7F000EFE70024FBE7B3F1FF3F08BFB2F1FF3FF3
:10A80000F8B5074616461C4610D054EA020311D08C
:10A81000F9F7A0FFB0420A46A14103460AD2F31A53
:10A8200064EB0204C7E900343846F8BD4FF0FF334B
:10A830001C46F7E70023FBE72DE9F0418468054655
:10A840000E46D4B16378012B22D114F8533C9A07F9
:10A8500011D5A4F160073846FFF7D7FE082E0CBFCC
:10A860006FF003030023236614F8533CDB0602D188
:10A870003846FFF783FE002323700020EB68A860B2
:10A88000C3F38632164366F39433EB60BDE8F08180
:10A89000022BF0D12378002BEDD054F8048CB8F1C2
:10A8A000000FE8D004F11400FFF754FF0023A4F1D7
:10A8B000140739464046E362FFF78DFDDBE738B504
:10A8C000EFF31185402383F31288BFF36F8F046881
:10A8D000A04211D0D4E9003213605A600023204610
:10A8E000C4E90033FFF7A8FF85F31188BFF36F8F2A
:10A8F000201E18BF012038BD0024F5E7043270B5D2
:10A9000004460ED2EFF31185402686F31288BFF37A
:10A910006F8F41F00401984785F31188BFF36F8F63
:10A9200008B9002070BD40F8044BFBE720B1011FBF
:10A9300050F8040CFFF78CBB70477047002070473D
:10A94000704710B5044608B1FAF726F92046BDE86D
:10A950001040FAF711B90346C068E0B15888D0B189
:10A960001B8803F44F42B2F5824F09D1DBB2272B8B
:10A970002AD008D8172B0FD0222B34D0122B16D068
:10A980006FF085007047302B2FD0413B012BF7D85B
:10A99000FF2839D100207047C028FBD0E128F9D02A
:10A9A000B0F5807F0CBF00206FF08600704720F06C
:10A9B0002003C02BEED020F08003B3F5807FE9D0D8
:10A9C00040F209239842EDE7E928E3D0EF28E1D0EF
:10A9D00040F21B139842DDD040F299139842D9D02F
:10A9E00040F23B23EEE7E928F1E720F02003C02BFB
:10A9F000D0D020F04003B3F5807FCBD0B0F5C07F3E
:10AA0000C8D0B0F5007FCDE7B0F5E07FCAE73AB136
:10AA1000002918BF00232121D21A184400F0E9BEF2
:10AA2000704741F2062398421AD8B0F5905F09D2D8
:10AA300041F2010398420CD0B0F5885F09D06FF065
:10AA4000850070476923A0F5905080B2C340DB07B2
:10AA5000F5D511F0070F0CBF00206FF0860070478E
:10AA6000B0F5105FEBD121F04003802B06D0B1F59B
:10AA7000807F0CBF00206FF0860070470020704779
:10AA800070B5446A05460E463CB90120FAF76EF8E7
:10AA9000686228B12046AE6270BD6FF08A00FBE7A5
:10AAA0006FF08C00F8E7F8B51E460F461546038890
:10AAB000C2B103F4E043B3F5805F02D0B3F5005FA9
:10AAC00010D1089BE90019600088FFF7AAFF04462F
:10AAD00030B92A463946304600F07EFE079B1D609D
:10AAE0002046F8BD6FF08504FAE710B50446406AC9
:10AAF00010B1A16AFFF725FF0020C4E9090010BDCD
:10AB000038B50546FFF7F1FF2B7F0446012B0ED029
:10AB1000023B012B0ED82B6A012B18BF6FF0960455
:10AB20002C220021284600F064FE204638BD2B6A06
:10AB3000002BF2E76FF09604F2E710B503680446C5
:10AB400053B100F0F6F800232360A38823F4FF73C9
:10AB500023F00103A38010BD1846FCE72DE9FF4157
:10AB6000984600230C460168054617460393A9BB87
:10AB70004FF4AA72083000F03CFEB8F1000F2046F6
:10AB80003B4614BF4FF480624FF4006203A9FAF70A
:10AB900095F9044620BB039E384631882A1DFAF7F2
:10ABA00039FA0446E0B96B79314668F300036B71FA
:10ABB00000972846D6E90923B8F1000F0BD0FAF721
:10ABC00009FF044660B90398FAF768FE0446204678
:10ABD00004B0BDE8F081FAF721FFF2E76FF08804D6
:10ABE0002846FFF7AAFF0398FAF758FEEFE701237C
:10ABF000FFF7B4BF38B50468054664B112B9002444
:10AC0000204638BD00F080F804460028F7D02846DA
:10AC1000FFF793FFF4E76FF08804F1E72DE9F041C7
:10AC20001746026805460E46984682B14279D20719
:10AC30000DD502795AB1BA4216D800F06EF8044622
:10AC400038B9A6B92846BDE8F041FFF776BF6FF0E6
:10AC500088040023C8F800702B7146B92846FFF716
:10AC60006CFF2046BDE8F0816FF08904F1E72146D2
:10AC70003A463046D8F80030FFF7C9FE2846FFF7BD
:10AC80005CFF002C08BF0446EBE7037F022B06D1D4
:10AC9000036A5A1C03D001330362002070476FF02F
:10ACA0009600704703466FF040420846591E914295
:10ACB00007D338B103F1404393428CBF00200120F9
:10ACC000704701207047034668B1017F8A1E012A40
:10ACD0000BD80329026A03D1012A01D1FFF710BF63
:10ACE0001AB1013A1A62002070476FF0960070475F
:10ACF00000207047C0B2FF280CBF6FF08600002014
:10AD00007047FAF711BF70470368052B02D108306E
:10AD1000FBF7B2B96FF08600704710B40468052CD9
:10AD200003D110BC0830FBF7BFB96FF0860010BC30
:10AD300070470368052B02D1083000F0D1B800201D
:10AD400070470020FBF796B80020FBF7CDB8002035
:10AD500000F0C0B8F1F740BA0A2840DCC31C22DA80
:10AD600010F1400F47D010F13F0F2BDA10F1410FD7
:10AD700044D010F1550F44D010F1490F08BF6FF0C7
:10AD8000840018BF6FF08600704709282AD8DFE8D2
:10AD900000F00529290816293829292F6FF0980075
:10ADA000704700207047C31C0D2B1BD8DFE803F051
:10ADB000072F1A1C1A1A1A1A1A1A1D1A1A1D6FF0BE
:10ADC0008500704710F1210F1ED00BDB10F1200F12
:10ADD0001DD010F1100F08BF6FF09400D1E7643858
:10ADE0000928D2D96FF0860070476FF09400704741
:10ADF0006FF08C0070476FF0840070476FF089002F
:10AE000070476FF0930070476FF0880070476FF0E5
:10AE10009200704710B501380A44914200D110BD2C
:10AE200010F8013F11F8014B63400370F5E701444E
:10AE3000814200D1704711F8013D1A440A70120A8C
:10AE4000F6E710B58B4294BFC4184418A04200D155
:10AE500010BD00F8012BF9E700231A4682B00190DB
:10AE60008B4201D102B070470198C2540133F7E719
:10AE700007B501A9FAF75EFF003818BF012003B03B
:10AE80005DF804FBF7B506460D46202D2F46A8BFFA
:10AE9000202700216846FBF7B9FD044670B93A4601
:10AEA00031466846FBF704FE10F1520F044608D005
:10AEB000431CF4D0684600F0C3FB34B1204603B015
:10AEC000F0BD684600F0BCFBE3E7EC1B3E44F5D068
:10AED0002546DAE700207047FBF788B8FBF786B80D
:10AEE00008B54FF4AA71FFF7B7FF002008BD2DE9A0
:10AEF000F041044680680F469042154609D3201A57
:10AF00001C3000F069FCA3685B1BA3600020BDE857
:10AF1000F081237F43B904F1200000F0D2FA18B188
:10AF2000BDE8F041FFF718BFA26832F0100309D066
:10AF3000A01A39461C3000F04FFCA3681F44ED1ADC
:10AF40000023A360A3686E1E26F00F068BBB1022A1
:10AF500004F10C0104F1200000F023FA0028DFD1F5
:10AF600010222077A26046B13246394604F1200013
:10AF700000F017FA0028D3D1207704F120084046CA
:10AF800000F0F4FA0028CBD1404600F04CFB00283A
:10AF9000C6D1102104F10C00FFF75EFFAA1BB5D04B
:10AFA000B91904F10C0000F017FCA3685B1B3344D3
:10AFB000ABE7002ED8D1237F002BDED02A46EFE767
:10AFC00038B543680446102B21D8037F00F12005D3
:10AFD0003BB9284600F075FA18B1BDE83840FFF7D4
:10AFE000BBBEA2680C34102A07D021462846C2F105
:10AFF000100200F0D6F90028EFD12146284600F0D3
:10B0000001FA0028E9D1284600F00DFBE5E76FF0D2
:10B01000860038BDFBF74EB9CA0448BF41F48061D1
:10B020008B0448BF41F4006181607047C0F3025354
:10B03000013B10B5052B21D8DFE803F0030B0B0B08
:10B040001B13012300F030002028136013D00020D0
:10B0500010BD0B8844F212118B420CBF0423022353
:10B06000F0E70B8844F212118B4214BF032306232E
:10B07000E8E70323E6E702331360E8E76FF09800A0
:10B08000E6E713B50C46FAF755FEC31C0FD00130A6
:10B0900009D004224FF0FF3321460DEB020001934B
:10B0A00000F0AFFB30B96FF08B0002B010BD6FF055
:10B0B0008400FAE70020F8E730B589B00546182289
:10B0C0000C4601A8002100F094FB012344EA05246A
:10B0D00001A9BA2007940593FAF7E6FD002818BFE6
:10B0E0006FF0920009B030BDF7B5BA2001A9FAF7A8
:10B0F00021FE044610B1002003B0F0BD019D2F0ACF
:10B10000EDB2AC4205D1BA20FAF7FAFD0028F2D030
:10B1100008E0E6193046FAF7F3FD30B13046FFF7A4
:10B12000A7FE10B96FF09200E6E70134E9E738B501
:10B1300003780446033303F00303012B0FD86FF0A9
:10B14000210038BD60782844FAF7CCFD48B90135B4
:10B150002378C3F382039D42F4D30020F1E7002556
:10B16000F6E70220EDE708B5F820FFF781FE18B9F1
:10B17000F920FFF77DFE10B16FF0920008BDF820B6
:10B18000FAF7B0FD0028F7D1F920FAF7ABFD002857
:10B19000F4D0F1E74368A3F11001914241D80122B4
:10B1A00043F80C2C53F8042C42F0200243F8042CF2
:10B1B00053F8082C42F0005243F8082C836800F141
:10B1C0001402A3F1100191422FD8012243F80C2C54
:10B1D00053F8042C42F0200243F8042C53F8082CB6
:10B1E00042F0005243F8082CC36803F15402BFF345
:10B1F0005F8F4FF0A3431A60BFF35F8FC2680432C2
:10B20000BFF35F8F1A61BFF35F8FBFF35F8F0322BE
:10B210005A63BFF35F8FBFF35F8F9A63BFF35F8F94
:10B220007047103242F80C2CB7E7103242F80C2C61
:10B23000C9E738B5BFF35F8F4FF0A344E569BFF3AB
:10B240005F8FBFF35F8F10236363BFF35F8F0120B6
:10B2500000F04FFABFF35F8F00236363BFF35F8F8C
:10B26000BFF35F8FE36BBFF35F8F5B06F8D425B14D
:10B27000BFF35F8FE561BFF35F8F38BD08B5FBF7A4
:10B280000BFD30B9BFF35F8F4FF0A343986ABFF354
:10B290005F8FBFF35F8F4FF0A342D36BBFF35F8F1E
:10B2A00010F0240F03F0230304D0FFF7C2FF6FF068
:10B2B0001F0008BD4FF0FF30002BFAD1BFF35F8FA6
:10B2C0001063BFF35F8F1846F3E710B59EB00246D8
:10B2D00046F611031AA901A8FBF758FB0023039AAD
:10B2E00010211360039A01A89360039B1AAA1033DC
:10B2F0000393FFF74FFFFFF7C1FF431C0446FAD04B
:10B3000001A87421FFF7A8FD20461EB010BD38B576
:10B3100002690546146914B15069A047044605F155
:10B320001400FBF759FC204638BD08B58268034677
:10B330005AB902681169426A114206D0FFF7E7FF65
:10B34000002808BF6FF0530008BD03F114007021FE
:10B3500003F17802FFF71EFF0020F5E773B50646FC
:10B3600001A8FBF7E3FC044678B906F11400FBF7EB
:10B3700009FC0198FFF7A9FF044648B93269D36870
:10B380001BB150699847054618B9204602B070BDF8
:10B3900005463046FFF7BBFF002814BF04462C4685
:10B3A000F3E710B5047D03464CB3B2F1807F06D3BA
:10B3B000FFF7ADFF002808BF6FF03F0010BD4468E5
:10B3C000062C06D9FFF7A3FF002808BF6FF0440042
:10B3D000F4E70AB90020F1E78069016099698A60A1
:10B3E000186899698069C068C86099691031996165
:10B3F000596801315960996811449960EAE76FF022
:10B400002000DBE710B4037D002B56D08368C3B95E
:10B41000836900F124021A60036882691B680133A2
:10B4200043F000539360046882692368A469013380
:10B43000E4681B0203F4F8532343D3608369103399
:10B440008361036882681C68131923EA0403846912
:10B450009B1A54F8042C42EA032244F8042C826913
:10B4600052F8084C234443F0005342F8083C036868
:10B470001A68C368134423EA0203C2691160C269EF
:10B48000C1689160C26902F11001C161C1688B425B
:10B490000AD000211161C168C2695B1A43F0804380
:10B4A0009360C3691033C3610368DA68436A23EAAF
:10B4B0000203436210BCFFF738BF6FF0200010BCDE
:10B4C000704738B5037D0446002B49D103685B699A
:10B4D000002B48D0FFF742FF054600283ED1214609
:10B4E00051F8783B626A9B6904F114001B68FBF712
:10B4F0004DFA0123636023699A689AB9A2691B68AF
:10B5000013602369A2695B6843F00053936022686B
:10B51000A36992699268DA60A3691033A3616368D2
:10B5200001336360236AA269C43313602368A2698C
:10B530005B6943F0005393602268A3699269526883
:10B54000DA60A36922681033A36163680133636022
:10B550001269636A134363620023A360284638BDFF
:10B560006FF02005FAE76FF04705F7E738B5027D81
:10B570000346002A40D00268816894688C4206D94C
:10B58000FFF7C5FE002808BF6FF0530038BD5468B0
:10B59000B1FBF4F504FB151434B1FFF7B8FE002835
:10B5A00008BF6FF04500F1E7416AD0680143596276
:10B5B000D3E90701C431526901601868D96940694B
:10B5C0000F328860D96922F00F0201F11000D861B2
:10B5D0001868406990420AD00C611868D9694069BE
:10B5E000121A42F080428A60DA691032DA61184633
:10B5F000BDE83840FFF799BE6FF02000C6E738B5C8
:10B60000037D054663B1FFF739FE431C044605D0B0
:10B610002846FFF77CFE002818BF0446204638BDA8
:10B620006FF02004FAE710B5037D04462BB12046E5
:10B63000FFF7E5FF431CFAD010BD6FF02000FBE7D9
:10B6400010B5037804461BB1FAF738FA00232370CB
:10B65000002010BD022203689A607047C0F30B03FC
:10B66000482B4B6028BF482310F4003F8B6008BF75
:10B670000023CB6010F4803308BFC1E9013300F42C
:10B680007003B3F5700F14BF00238B6800284FF0D0
:10B69000010C4FF008028B60B8BF0023C1E905C25E
:10B6A000B8BFC1E905337047F7F7ACBF4FF0FF32C1
:10B6B0004FF0FF33F7F72EBFFEF74BBD4FF0FF32D1
:10B6C0004FF0FF33F7F726BFF7F79CBF00F074B8D1
:10B6D00007B54FF0FF334FF0FF32CDE900230022D2
:10B6E00000F077F803B05DF804FB00F06EB800F0EE
:10B6F00068B8FEF7C6BF2DE9F3470446DDE90A98AE
:10B7000015460E4659B302F0010AF8F7A9FD07469F
:10B71000EFF31181402383F31288BFF36F8FA807E3
:10B7200044BF0023A360A36803EA0600BAF1000F38
:10B730000CD086420CD16A0744BF8343A36081F3D7
:10B740001188BFF36F8F02B0BDE8F0870028F2D1F7
:10B7500059EA080305D181F31188BFF36F8F0020E8
:10B76000F1E7C7E91A652246CDE9009804F10C001B
:10B77000F8F7C8FB0028F2D1B86EE4E710B54B68C3
:10B78000D0E91A4212F0010F03EA040301D09C42EF
:10B7900010D17BB18366520744BF8A681A430B6895
:10B7A00048BF8A6043660123086080F87030183013
:10B7B000FEF7D0FF002010BD0023C0E90000836029
:10B7C00070474FF0FF32FBF7D7BA0A460021FBF76C
:10B7D000D3BA5200FFF78FBF0A44431E914200D1F3
:10B7E000704710B511F8014B914203F8014FF9D1A0
:10B7F00010BD02440346934200D1704703F8011B79
:10B80000F9E70139024410B5904201D1002005E06A
:10B81000037811F8014FA34201D0181B10BD01306D
:10B82000F2E710B50139044632B111F8013F013A8F
:10B8300000F8013B002BF7D10021FFF7DAFF20468B
:10B8400010BD0246014410B58A42134603D01C784D
:10B850000132002CF8D1181A10BDF0B5C3F137072A
:10B86000044603F01F031046FFB2082BE6B232D0A5
:10B87000102B3DD06508A40845EAC17544EA8174DF
:10B880008A082D1942EB5102290941EA02716D180B
:10B8900042EB1212290A41EA02616D1842EB1222B0
:10B8A000290C41EA02416D1842EB1242AD1842F1F7
:10B8B0000002EC0844EA4274D10804EB8402A6EBCF
:10B8C0004205EDB2092D0CD90134A5F10A0541F16B
:10B8D0000001EDB212E0E40806F0070544EA417405
:10B8E000C908303554EA010200F8015BBDD1F0BD52
:10B8F000240906F00F0544EA01740909092D84BFE3
:10B90000ED19EDB2EDE7D1E9043293421EBF5A1CA6
:10B910000A61187070470000014800687047000015
:04B92000BC27002020
:08B924003605FF7F0100000061
:10B92C0071D6000000000000E91A010000000000C0
:10B93C0000000000E4B90100DB9F010000000000E2
:10B94C00713401000000000095340100000000007B
:10B95C00000000001CBA01000000000000BA010049
:10B96C000000000038BA010025170100000000009B
:10B97C00E9250100000000003B9A010000000000D6
:10B98C000000000054BA0100AB9801000000000058
:10B99C0089D40000000000000000000070BA010013
:10B9AC0019C1000000000000C937010000000000B0
:10B9BC0019D7000000000000B7990100000000003A
:10B9CC00C199010000000000E1D800000000000057
:08B9DC00E5C7000000000000B7
:10B9E4001BD401003CCA010030C30100000A00203E
:10B9F4008C290020851401000000000030D40100CF
:10BA040058CA01000CC30100040A0020E0290020E8
:10BA140059190100000000003CD401006CCA010067
:10BA24000CC30100060A0020EC290020591901006A
:10BA34000000000047D4010080CA01000CC30100CB
:10BA4400080A0020F829002059190100000000000C
:10BA540028D401000000000004C30100020A0020F1
:10BA640000000000FD9701000000000078D40100F0
:10BA74000000000094CA01000A0A0020082A0020DD
:08BA84004D1D0100000000004F
:10BA8C0000000000737801000000000073780100D2
:10BA9C0000000000737801000000000073780100C2
:10BAAC0000000000737801000000000073780100B2
:10BABC0000000000737801000000000073780100A2
:10BACC000000000073780100000000007378010092
:10BADC000000000073780100000000007378010082
:10BAEC000000000073780100000000007378010072
:10BAFC000000000073780100000000007378010062
:10BB0C000000000073780100000000007378010051
:10BB1C000000000073780100000000007378010041
:10BB2C000000000073780100000000007378010031
:10BB3C000000000073780100000000007378010021
:10BB4C000000000073780100000000007378010011
:10BB5C000000000073780100000000007378010001
:10BB6C000000000041260100000000007378010075
:10BB7C0000000000737801000000000073780100E1
:10BB8C0000000000737801000000000073780100D1
:10BB9C0000000000737801000000000073780100C1
:10BBAC0000000000737801000000000073780100B1
:10BBBC0000000000737801000000000073780100A1
:10BBCC000000000073780100000000007378010091
:10BBDC000000000073780100000000007378010081
:10BBEC000000000073780100000000007378010071
:10BBFC000000000073780100000000007378010061
:10BC0C000000000073780100000000007378010050
:10BC1C000000000073780100000000007378010040
:10BC2C000000000073780100000000007378010030
:10BC3C000000000073780100000000007378010020
:10BC4C000000000073780100000000007378010010
:10BC5C000000000073780100000000007378010000
:10BC6C0000000000737801000000000073780100F0
:10BC7C0000000000737801000000000073780100E0
:10BC8C0000000000737801000000000073780100D0
:10BC9C0000000000737801000000000073780100C0
:10BCAC0000000000737801000000000073780100B0
:10BCBC0000000000737801000000000073780100A0
:10BCCC0000000000096C0100000000007378010006
:10BCDC000000000073780100000000007378010080
:10BCEC000000000073780100000000007378010070
:10BCFC000000000073780100000000007378010060
:10BD0C00000000007378010000000000737801004F
:10BD1C00000000007378010000000000737801003F
:10BD2C00000000007378010000000000737801002F
:10BD3C00000000007378010000000000737801001F
:10BD4C00000000007378010000000000737801000F
:10BD5C0000000000737801000000000073780100FF
:10BD6C0000000000737801000000000073780100EF
:10BD7C0000000000737801000000000073780100DF
:10BD8C0000000000737801000000000073780100CF
:10BD9C0000000000737801000000000073780100BF
:10BDAC0000000000737801000000000073780100AF
:10BDBC00000000007378010000000000737801009F
:10BDCC00000000007378010000000000737801008F
:10BDDC00000000007378010000000000737801007F
:10BDEC00000000007378010000000000737801006F
:10BDFC00000000007378010000000000737801005F
:10BE0C00000000007378010000000000737801004E
:10BE1C00000000007378010000000000737801003E
:10BE2C00000000007378010000000000737801002E
:10BE3C00000000007378010000000000737801001E
:10BE4C00000000007378010000000000737801000E
:10BE5C0000000000737801000000000073780100FE
:10BE6C0000000000737801000000000073780100EE
:10BE7C0000000000737801000000000073780100DE
:10BE8C0000000000737801000000000073780100CE
:10BE9C0000000000737801000000000073780100BE
:10BEAC0000000000737801000000000073780100AE
:10BEBC00000000007378010000000000737801009E
:10BECC00000000007378010000000000737801008E
:10BEDC00000000007378010000000000737801007E
:10BEEC00000000007378010000000000737801006E
:10BEFC00000000007378010000000000737801005E
:10BF0C00000000007378010000000000737801004D
:10BF1C00000000007378010000000000737801003D
:10BF2C00000000007378010000000000737801002D
:10BF3C00000000007378010000000000737801001D
:10BF4C00000000007378010000000000737801000D
:10BF5C0000000000737801000000000073780100FD
:10BF6C0000000000737801000000000073780100ED
:10BF7C0000000000737801000000000073780100DD
:10BF8C0000000000737801000000000073780100CD
:10BF9C0000000000737801000000000073780100BD
:10BFAC0000000000737801000000000073780100AD
:10BFBC00000000007378010000000000737801009D
:10BFCC00000000007378010000000000737801008D
:10BFDC00000000007378010000000000737801007D
:10BFEC00000000007378010000000000737801006D
:10BFFC00000000007378010000000000737801005D
:10C00C00000000007378010000000000737801004C
:10C01C00000000007378010000000000737801003C
:10C02C00000000007378010000000000737801002C
:10C03C00000000007378010000000000737801001C
:10C04C00000000007378010000000000737801000C
:10C05C0000000000737801000000000073780100FC
:10C06C0000000000737801000000000073780100EC
:10C07C0000000000737801000000000073780100DC
:10C08C0000000000737801000000000073780100CC
:10C09C0000000000737801000000000073780100BC
:10C0AC0000000000737801000000000073780100AC
:10C0BC00000000007378010000000000737801009C
:10C0CC00000000007378010000000000737801008C
:10C0DC00000000007378010000000000737801007C
:10C0EC00000000007378010000000000737801006C
:10C0FC00000000007378010000000000737801005C
:10C10C00000000007378010000000000737801004B
:10C11C00000000007378010000000000737801003B
:10C12C00000000007378010000000000737801002B
:10C13C00000000007378010000000000737801001B
:10C14C00000000007378010000000000737801000B
:10C15C0000000000737801005C080020A798010023
:10C16C0000000000737801000000000073780100EB
:10C17C0000000000737801000000000073780100DB
:10C18C0000000000737801000000000073780100CB
:10C19C0000000000737801000000000073780100BB
:10C1AC0019300100599A0100000000007378010059
:10C1BC00000000007378010000000000737801009B
:10C1CC00000000007378010000000000737801008B
:10C1DC00000000007378010000000000737801007B
:10C1EC00000000007378010000000000737801006B
:10C1FC00000000007378010000000000737801005B
:10C20C00000000007378010000000000737801004A
:10C21C00000000007378010000000000737801003A
:10C22C00000000007378010000000000737801002A
:10C23C00000000007378010000000000737801001A
:10C24C00000000007378010000000000737801000A
:10C25C0000000000737801000000000073780100FA
:10C26C0000000000737801000000000073780100EA
:10C27C0000000000737801000000000073780100DA
:10C28C0000000000737801000000000073780100CA
:10C29C0000000000737801000000000073780100BA
:10C2AC000000000073780100559A0100599A0100B2
:10C2BC00000000007378010000000000737801009A
:10C2CC00000000007378010000000000737801008A
:10C2DC00000000007378010000000000737801007A
:10C2EC000000000073780100E4070020A79801000B
:08C2FC0000000000737801004E
:08C30400E997010000000000B0
:10C30C00851701000D980100199801002D98010066
:10C31C003798010041980100A119010055980100BE
:04C32C00000000000D
:10C33000DD14010053970100B597010000000000D3
:0CC34000EF96010000000000000000006B
:10C34C000500000079F9000006000000E51301006B
:08C35C000400000069FF00006D
:10C36400A9C3000091C2000000000000000000000A
:08C374000000000000000000C1
:10C37C00DCC80100080000007CC9010007000000B7
:10C38C00040000000F000000010000000800000085
:10C39C002000000074000000840000000D0000006C
:10C3AC000C0000000E00000050000000880000008F
:10C3BC00BC000000FFFFFFFFFFFFFFFFFFFFFFFFC1
:04C3CC00FFFFFFFF71
:10C3D00000A0105000820D50000405500500000020
:10C3E000040000000100000001020203030100013B
:10C3F0000000010100000100010000010001000037
:10C40000000001000B0002000A00050009000A00FC
:10C410000800140007001E000600320005004B0053
:10C4200004006400030096000200FA000100F40119
:10C430000000F401FA00960064004B0032001E0078
:10C4400014000A000500020001000C0802170D018B
:10C45000010209090101060209181803010109096D
:10C4600003038503020123020224091004040505C5
:10C470000B0B040B2B1B1B159A9A1C021D16130584
:10C4800001490D150508061B1B0F01010000FEFEEA
:10C49000FEFEFEFEFEFEFEFEFEFEFEFEFEFEFEFEBC
:10C4A000FEFEFE16FEFEFEFEFEFEFEFEFEFEFE1F73
:10C4B0001FFEFE26FEFEFEFEFEFEFEFEFEFEFEFE53
:10C4C000FEFEFEFEFEFE3E3EFEFEFEFE3B3BA201EB
:10C4D000B003BE05EE024806A209C405F40B2412FF
:10C4E000B81200200200000B01000000070000004D
:10C4F0000000000000000000000000000406080A20
:10C500000C0E10121416181C1E20222426282A2C69
:10C510002E30323436383A3C3E40424446484A4C4B
:10C520004E021A5000000000280000001800000011
:10C5300000000000F02300002413000000000000B1
:10C540004006000040060000000098086B03000051
:10C5500000000000F0230000241300000000000091
:10C5600048A3000014A00000000040060C030000D7
:10C570005C0500200200000B221300200200000CCA
:10C58000861300200200000B861300200100000C1F
:10C59000841300200100000C0000000000000101D5
:10C5A0000101010101010101010102020202020275
:10C5B000030304040505060607070808090A0B0C0F
:10C5C0000D0E0F101112131415161718191A1B003F
:10C5D00010010000D200000030010000D80000006F
:10C5E00001000000E400000002000000EA0000007A
:10C5F00002000000EC00000003000000EE0000005C
:10C6000004000000F000000005000000F20000003F
:10C6100006000000F400000007000000F600000023
:10C6200008000000F700000009000000F80000000A
:10C630000A000000F90000000B000000FA000000F2
:10C640000D000000FB0000000F000000FC000000D7
:10C6500011000000FD00000013000000FE000000BB
:10C6600015000000FF00000018000000000000009E
:10C670001B000000010000001F000000020000007D
:10C680002300000003000000280000000400000058
:10C690002D0000000500000033000000060000002F
:10C6A00039000000070000003F0000000800000003
:10C6B00000100200FA0000001800280000002A0004
:10C6C0000338FDD8704700000000000000000000A3
:10C6D000800C0000800C0000000000000101000040
:10C6E000FE09002003020000FC090020090E0000E2
:10C6F00006CE010020050020000000000600010019
:10C700000200000008C7010000000000B0D20100D4
:10C7100006000000E04F160000000020B8D2010023
:10C7200021000000E0EF0220D407002015D5000012
:10C73000000000001F7901002CC7010048C701005C
:10C740004700000000000000B87700202CC701005F
:10C750005CC701002E000000000000005C7C00208F
:10C760002CC7010070C7010002010000000000009A
:10C77000307D00200E030000A9E500000F0400003A
:10C78000A5E600001A010000217C0100050400005C
:10C7900095D80000130100004B7D01003E01000010
:10C7A00081D9000001120000E57D01000A1E000091
:10C7B0003D7D0100FF01000041D900003E01000065
:10C7C00061D9000005040000477C01001001000051
:10C7D0009F7C010001120000F9E000000A1E000029
:10C7E000B77E01000309000091DC0000040B00008B
:10C7F000A77C0100060A0000337F01000C05000041
:10C800006F7C01002CC7010014C801004700000024
:10C81000000000004C7E00202CC7010028C8010049
:10C8200000000000000000000C7F00202CC7010069
:10C830003CC801002000000000000000347F002000
:10C84000BB8301000D840100000000000000000017
:10C8500000000000878501000000000000000000CB
:10C86000000000000000000002020100278E01000D
:10C870000404010015070100060601005506010029
:10C8800008040100410501000A0201000F8E0100A9
:10C890000C040100F78D01000E04010015040100D5
:10C8A0002004010079030100100401008902010045
:10C8B00012020100778E01001E000400118F01009A
:10C8C000520200009D8E01002CC70100D8C8010053
:10C8D00022000000000000000C80002054CB01006A
:10C8E0003D9101000000000050CB0100000001005C
:10C8F0004CCB0100E7930100000000006C09002010
:10C900000000010044CB0100000000000000000016
:10C91000000000000000000040CB01000F9101006A
:10C92000910A010074090020000003003CCB0100C3
:10C93000E7930100000000006409002000000100EE
:10C9400034CB010075910100F99201000000000054
:10C950000000030030CB0100E7930100000000005D
:10C960005C0900200000010028CB0100F90E010045
:10C9700000000000000000000000010080CB01006A
:10C980003D910100000000007CCB0100000001008F
:10C9900078CB0100E7930100000000009C09002013
:10C9A0000000010070CB0100A59101000000000013
:10C9B00000000000000001006CCB0100E7930100C3
:10C9C00000000000940900200000010064CB010079
:10C9D000CF910100000000000000000000000100F5
:10C9E00060CB0100E7930100000000008C090020EB
:10C9F0000000010058CB0100390B010000000000CD
:10CA00000000000000000100000000000000000025
:10CA10000000000000000000000000009D960100E2
:10CA20000000000000000000000000000000000006
:10CA300041140100111401000000000099150100CB
:10CA400019150100DF970100DB97010000A01050CD
:10CA500000820D50000405507F00000000A010501F
:10CA6000E40700200000000000000000FFFF0000BD
:10CA700000820D505C080020000000000100000052
:10CA8000FF07000000040550000000000000000047
:10CA900002000000991C0100B7980100E598010010
:10CAA00000A0105000820D50000405500800000046
:10CAB0000200000004000000010000002CB9010089
:10CAC0003CB9010094B901009CB90100DCB9010036
:10CAD000E4B90100D9D40100000100000000000009
:10CAE0000001010000020200001400000028000004
:10CAF0000040000001000000020000000F000000E4
:10CB000010000000100000002000000010000000D5
:10CB10001000000018CB01001100000011280000D7
:10CB2000110800000100000000002A2B00002A2B41
:10CB3000000003280000292B0000292B00000328F7
:10CB4000000002290000052A0000052A0000032831
:10CB500000000118000000280000042A0000042A38
:10CB6000000003280000012A0000012A0000032819
:10CB70000000002A0000002A00000328000000181E
:10CB8000000000284164766572746973696E6720DD
:10CB9000666F72202564206D7320617420256420E7
:10CBA0006D7320696E74657276616C732E2E2E0A19
:10CBB00000536C656570696E6720666F722025642E
:10CBC000206D732E2E2E0A00446973636F6E6E659E
:10CBD000637465642C20726561736F6E20307825F4
:10CBE0003032782025730A00556E61626C652074BE
:10CBF0006F20616C6C6F6361746520636F6D6D6134
:10CC00006E64206275666665720A00526561642012
:10CC1000547820706F776572206572723A202564AF
:10CC20000A00426C7565746F6F746820696E697470
:10CC3000206661696C65642028657272202564290C
:10CC40000A00426C7565746F6F746820696E697450
:10CC500069616C697A65640A0053657420547820B0
:10CC6000706F776572206572723A2025640A004100
:10CC7000637475616C20547820506F7765723A2028
:10CC800025642064426D0A00436F6E6E65637469AB
:10CC90006F6E206661696C65642C2065727220304D
:10CCA00078253032782025730A004E6F20636F6E2E
:10CCB0006E656374696F6E2068616E646C652028B0
:10CCC000657272202564290A007075626C696300C0
:10CCD00072616E646F6D007075626C69632D69645A
:10CCE0000072616E646F6D2D69640030782530329A
:10CCF0007800253032583A253032583A25303258AB
:10CD00003A253032583A253032583A2530325820B8
:10CD10002825732900436F6E6E6563746564207601
:10CD2000696120636F6E6E656374696F6E2028257C
:10CD300064292061742025730A00436F6E6E656359
:10CD400074696F6E2028256429202D205478205086
:10CD50006F776572203D2025642064426D0A005380
:10CD600074617274696E672044796E616D696320C5
:10CD7000547820506F77657220426561636F6E2032
:10CD800044656D6F20284C6F7720506F776572294E
:10CD90000A004164766572746973696E672054781D
:10CDA00020506F7765722073657420746F2025643E
:10CDB0002064426D0A004164766572746973696E1D
:10CDC00067206661696C656420746F20737461729A
:10CDD000742028657272202564290A0041647665F2
:10CDE00072746973696E6720737461727465640A22
:10CDF000004164766572746973696E672073746F3D
:10CE0000707065640A005478506F7765725F426590
:10CE100061636F6E002A2A2A20426F6F74696E6701
:10CE2000206E524620436F6E6E6563742053444BF0
:10CE30002076332E332E302D6261313637643966D9
:10CE400033646234202A2A2A0A002A2A2A205573A7
:10CE5000696E67205A6570687972204F5320763466
:10CE60002E332E39392D66643932303461303264D4
:10CE70003532202A2A2A0A0072302F61313A2020C6
:10CE8000307825303878202072312F61323A2020D6
:10CE9000307825303878202072322F61333A2020C4
:10CEA0003078253038780A0072332F61343A2020E8
:10CEB000307825303878207231322F69703A20204E
:10CEC000307825303878207231342F6C723A202037
:10CED0003078253038780A0020787073723A202034
:10CEE0003078253038780A004661756C74696E6751
:10CEF00020696E737472756374696F6E2061646407
:10CF00007265737320287231352F7063293A20308F
:10CF100078253038780A00556E68616E646C6564F7
:10CF2000204952516E3A2025640A002A2A2A2A2AC8
:10CF3000205553414745204641554C54202A2A2A22
:10CF40002A2A0A0020204469766973696F6E20627C
:10CF500079207A65726F0A002020556E616C6967CE
:10CF60006E6564206D656D6F7279206163636573B2
:10CF7000730A002020537461636B206F76657266BC
:10CF80006C6F772028636F6E7465787420617265AA
:10CF900061206E6F742076616C6964290A0020201C
:10CFA0004E6F20636F70726F636573736F72206969
:10CFB0006E737472756374696F6E730A0020204912
:10CFC0006C6C6567616C206C6F6164206F662045D6
:10CFD00058435F52455455524E20696E746F20502D
:10CFE000430A002020496C6C6567616C207573658D
:10CFF000206F662074686520455053520A00202037
:10D00000417474656D707420746F20657865637504
:10D01000746520756E646566696E656420696E73FB
:10D020007472756374696F6E0A002A2A2A2A2A208C
:10D03000425553204641554C54202A2A2A2A2A0A6E
:10D04000002020537461636B696E67206572726F94
:10D05000720A002020556E737461636B696E6720DD
:10D060006572726F720A0020205072656369736581
:10D07000206461746120627573206572726F720A38
:10D080000020204246415220416464726573733A25
:10D0900020307825780A002020496D707265636918
:10D0A0007365206461746120627573206572726FAC
:10D0B000720A002020496E737472756374696F6E12
:10D0C00020627573206572726F720A002020466CB0
:10D0D0006F6174696E672D706F696E74206C617A10
:10D0E00079207374617465207072657365727661FE
:10D0F00074696F6E206572726F720A002A2A2A2A7A
:10D100002A204D5055204641554C54202A2A2A2A7F
:10D110002A0A002020537461636B696E6720657270
:10D12000726F722028636F6E746578742061726507
:10D1300061206D69676874206265206E6F74207667
:10D14000616C6964290A0020204461746120416394
:10D15000636573732056696F6C6174696F6E0A0042
:10D1600020204D4D46415220416464726573733AEC
:10D1700020307825780A002020496E737472756318
:10D1800074696F6E204163636573732056696F6CB9
:10D190006174696F6E0A005265736572766564200A
:10D1A000457863657074696F6E20280053707572DE
:10D1B000696F757320696E7465727275707420285A
:10D1C0004952512000535053454C20696E207468D9
:10D1D00072656164206D6F646520646F6573206E95
:10D1E0006F7420696E646963617465205053500ADE
:10D1F000002A2A2A2A2A2048415244204641554CD6
:10D2000054202A2A2A2A2A0A0020204275732066DE
:10D2100061756C74206F6E20766563746F72207414
:10D2200061626C6520726561640A00202044656259
:10D230007567206576656E740A0020204661756CFE
:10D240007420657363616C6174696F6E2028736507
:10D25000652062656C6F77290A00415243485F453B
:10D260005843455054207769746820726561736F24
:10D270006E2025780A0A002A2A2A2A2A2044656272
:10D280007567206D6F6E69746F7220657863657065
:10D2900074696F6E202A2A2A2A2A0A002A2A2A2A30
:10D2A0002A20257320256429202A2A2A2A2A0A00CE
:10D2B000464C4153485F30005352414D5F3000654A
:10D2C0007869740000FFFFFFFFFFFF00000000000F
:10D2D0000000FFFFFFFFFFFF0000000000004254BE
:10D2E000204C572057510002FB349B5F8000008088
:10D2F0000010000000000000010400020000000215
:10D300000000000000000005000000000000000018
:10D31000000000000000000562745F74785F7072A6
:10D320006F636573736F7200574553545F544F506A
:10D330004449522F7A65706879722F7375627379D8
:10D34000732F626C7565746F6F74682F686F737478
:10D350002F6863695F636F72652E63006576745F23
:10D36000666C6167732026202831554C203C3C2098
:10D370002830292900415353455254494F4E2046E5
:10D3800041494C205B25735D20402025733A25647C
:10D390000A0062745F6863695F6576745F676574CD
:10D3A0005F666C616773286864722D3E65767429C8
:10D3B0002026202831554C203C3C202831292900AA
:10D3C000657272203D3D20300009436F6E74726FAC
:10D3D0006C6C657220756E726573706F6E736976B2
:10D3E000652C20636F6D6D616E64206F70636F6478
:10D3F00065203078253034782074696D656F7574D8
:10D400002077697468206572722025640A0042548E
:10D410002052582057510062756600636C6F636B31
:10D4200040313065303030007073612D726E6700AE
:10D430006770696F40313061303030006770696FFC
:10D44000406438323030006770696F4035303430B6
:10D450003000536F667444657669636520436F6E70
:10D4600074726F6C6C6572204153534552543A206C
:10D4700025732C2025640A0062745F6863695F73FA
:10D480006463004D50534C204153534552543A204D
:10D4900025732C2025640A004D50534C20576F7281
:10D4A0006B00000718232323232323232323232371
:10D4B00023230001025465726D696E616C000000E7
:10D4C000000000005454522052454747455300691C
:10D4D000646C65006D61696E00737973776F726B50
:10D4E0007100141400001C2030401C2000001C207F
:10D4F00030400040141400001C2030401C2000006C
:10D500001C203040004001030227037D53048DFEA0
:10D5100099A9F29AADDE5B6AE2746CAC7500FFFF0C
:10D52000FFFF1F00647261676F6F6E2F6C6962731B
:10D530002F73636865642F7372632F736368656408
:10D540005F68616C5F74696D65725F677274632E8A
:10D550006300286E756C6C29002A666C6F61742AF2
:04D5600000000000C7
:10D56C00FFFFFFFFFF1F00001F0000000000000076
:10D57C001D40000000000000FFFFFFFF1FFF000028
:10D58C00BAABBABA101010100000000000500850CE
:10D59C0000000000000000000C000000010000FF73
:10D5AC007F00000000000000D99B0000000000007C
:10D5BC000D9C0000000000006D1F0000000000002A
:10D5CC002D9C000000000000EB9B00000000000000
:10D5DC00C4680000FF000000988C000001000000EF
:10D5EC00000000000000000000000000000000002F
:10D5FC00000000000000000000000000000000001F
:10D60C00000000000000000000000000000000000E
:10D61C0000000000000000000000000000000000FE
:10D62C0000000000000000000000000000000000EE
:10D63C0000000000000000000000000000000000DE
:10D64C0000000000000000000000000000000000CE
:10D65C0000000000000000000000000000000000BE
:10D66C0000000000000000000000000000000000AE
:10D67C00000000000000000000000000000000009E
:10D68C00000000000000000000000000000000008E
:10D69C00000000000000000000000000000000007E
:10D6AC000000000000000000E1E4000000000000A9
:10D6BC00000000000000000000000000000000005E
:10D6CC00000000000000000000000000000000004E
:10D6DC00000000000000000000000000000000003E
:10D6EC00000000000000000000000000000000002E
:10D6FC00000000000000000000000000000000001E
:10D70C00000000000000000000000000000000000D
:10D71C0000000000000000000000000000000000FD
:10D72C0000000000000000000000000000000000ED
:10D73C0000000000000000000000000000000000DD
:10D74C0000000000000000000000000070BA0100A2
:10D75C000000000099C10000000000000001000062
:10D76C0000000000000000000000000000000000AD
:10D77C00000000000000000000000000000000009D
:10D78C000000000067000000000000000000000026
:10D79C00000000000000000000000000000000007D
:10D7AC00000000000000000000000000000000006D
:10D7BC00000000000000000000000000000000005D
:10D7CC00000000000000000000000000000000004D
:10D7DC00000000000000000000000000000000003D
:10D7EC00000000000000000000000000000000002D
:10D7FC00000000000000000000000000000000001D
:10D80C00000000000000000000000000000000000C
:10D81C004F760100000000001579010000000000A7
:10D82C000000000000C010500000000000000000CC
:10D83C0000000000000000000000000000000000DC
:10D84C0000000000000000000000000000000000CC
:10D85C0000000000000000000000000000000000BC
:10D86C0000000000000000000000000000000000AC
:10D87C00000000000000000000000000000000009C
:10D88C00000000000000000000000000000000008C
:10D89C0000000000000000000001000000A00D507E
:10D8AC00000000000000000000000000000000006C
:10D8BC00000000000000000000000000000000005C
:10D8CC00000000000000000000000000000000004C
:10D8DC00000000000000000000000000000000003C
:10D8EC00000000000000000000000000000000002C
:10D8FC00000000000000000000000000000000001C
:10D90C00000000000000000000000000000000000B
:10D91C000000000000000000E5E500000000000031
:10D92C000000000000000000B9DA00000000000058
:10D93C00000000000000000089F200000000000060
:10D94C0000000000000000007DEF0000000000005F
:10D95C000000000014090020140900200000000041
:10D96C000000000041FD0000310901000000000032
:10D97C000000000000000000FD0101003F8D0100CF
:10D98C00758C010099FC00000000000000000000F4
:10D99C00D900010000000000000000002CCB0100A9
:10D9AC000000020038CB010000000A0048CB010047
:10D9BC00000020000000000000000000000000003B
:10D9CC00000000002F920100000000005CCB010061
:10D9DC000000020068CB01000000020074CB0100C3
:10D9EC0000000200A51A010000000000FF0000006A
:10D9FC000090D003FF0000000F0000007102000037
:10DA0C00C0090020C009002041A901003DA9010066
:10DA1C00F3B7010067742000740A0020B00A0020DC
:10DA2C00880A0020380B00202C0B00209C0A0020B8
:0FDA3C00A9B60100ADB60100B9B601000D18067C
:0DDA4B0000000000000000000000000000CE
:10DA58000C0A00200C0A0020EC80002000000000C6
:10DA6800010000002C00000000000000280A00202F
:10DA7800280A0020C847002000000000010000001C
:10DA8800B000000000000000440A0020440A002002
:10DA980018810020000000000300000010000000B2
:04DAA800000000007A
:10DAAC0000000000B867002000100000000000001B
:04DABC000000000066
:10DAC000740A0020740A002000000000000000001A
:10DAD0000E000000880A0020880A002000000000D4
:10DAE000000000000E0000009C0A00209C0A00209C
:10DAF00000000000000000000E000000B00A00203E
:10DB0000B00A002000000000000000000E0000002D
:10DB1000C40A0020C40A0020000000000000000029
:10DB20000E000000D80A0020D80A002000000000E3
:10DB3000000000000E000000EC0A0020EC0A0020AB
:10DB400000000000000000000E000000000B00209C
:10DB5000000B002000000000000000000E0000008C
:10DB6000140B0020140B002000000000FFFFFFFF3B
:08DB7000240B0020240B00200F
:10DB78002C0B00202C0B002000000000380B00208C
:08DB8800380B00200000000032
:10DB900000000000000000004C0B00204C0B002097
:08DBA000540B0020540B00207F
:10DBA8000000000000000000640B0020640B00204F
:10DBB8006C0B00206C0B0020030003001000000019
:10DBC800000000002CC80100947F00200000000025
:10DBD80000000000900B0020900B0020980B002004
:10DBE800980B00200300030010000000F1FC000067
:10DBF800C8C8010074800020000000000000000078
:10DC0800BC0B0020BC0B0020C40B0020C40B002060
:10DC18000300030000000000000000004CC70100E2
:10DC2800E87C00200000000000000000E80B002055
:10DC3800E80B0020F00B0020F00B00200100010091
:10DC480010000000F1EE000018C801000C7F002051
:10DC58000000000000000000140C0020140C00203C
:10DC68001C0C00201C0C0020020002000000000018
:10DC78000000000004C80100DC7E00200000000055
:10DC880000000000400C0020400C0020480C002040
:10DC9800480C00200C000C0004000000D9D700003C
:10DCA80038C701000C7B00200000000000000000C5
:10DCB8006C0C00206C0C0020740C0020740C0020EC
:10DCC80001000100000000000000000060C7010022
:04DCD800347E002076
:04DCDC0015E015E05A
:040000030000CD0923
:00000001FF
